재밌어요 ㅋㅋㅋ 근데 사람 죽은 거 배우는 건데 웃어도 되나 싶음 ㅋㅋㅋㅋㅋ 그래도 교수님 너무 재밌으시고 깅의평에서 겁주는 것보단 덜 힘드네요	매우매우 재밌게 들었습니다. 법의학에 조금이라도 관심 있으시다면 재밌으실 거에요. 그런데 과제나 시험이 힘든 편이라 열심히 하셔야 합니다. 수업시간에 교수님 말씀 필기는 필수입니다.	재밌습니다. 하지만 어느정도 각오하고 신청하길 바랍니다.	시험이 진짜 너무나므너므 어려워요
다 달달 외워야합니다
의대생들에게 익숙하싱듯	시체 사진에 거부감이 있다면 처음에 힘들 수 있지만, 내용 자체가 이해하기 어렵진 않다.	재밌지만

굉장히 배움에서 목표성이 없고

시험에관해 자세히 알려주시지 않는다	교수님 유쾌하시고 좋으시고, 수업도 재미있어요! 평소 생명과학, 부검 등에 관심 있는 분들은 모두 흥미롭게 수업 들으실 것 같아요. 과제는 어렵다기보단 열심히 해야하는 것 같고, 시험은 암기할 양이 많아서 신경써서 공부해야해요. 그래도 쉽게 배울 수 없는 내용을 이렇게 수업을 통해서 알아갈 수 있어서 뜻깊은 수업이었습니다. 명강의입니다!	잔인한 사진만 잘 보신다면 흥미롭게 들을 수 있는 강의에요 1교시임에도 한 번도 졸거나 잠을 잔 적은 없을 정도로 교수님이 강의도 매우 잘 하십니다! 또 질문도 다 친절하게 받아주세요	학점을 짜게 주십니다. 배워가는건 정말 많다고 느끼고, 출석을 특히 신경쓰셔야 합니다. 지각도 체크하시기 때문에 늦지마세요! 과제는 2개, 시험도 2번 있습니다	수업은 그럭저럭 흥미있으면 재미있게 들을 수 있음. 학생들이 거의 대부분 열심히 해서 좋은 학점을 받기 위한 목적으로는 적합하지 않을 수 있음.
과제가 중간, 기말 두번 있는데 뭔가 설명이 부실해서 대충 알아서 8-10장 정도해서 제출. 
소설쓰기는 기말고사때 제출이라서 채점이 어떻게 되었는지 모르지만 중간때 제출한 레포트는 중간끝나고 다음주정도에 기말이랑 같이 점수 공개하주심	정말 강의력도 좋으시고 한번쯤 들어보면 정말좋은강의입니다. 다만학점을 챙기셔야하는 분이라몬 절대절대 들으시면 안됩니다 다들 열심히 하시고 시험문제도 어떻게 나올지도 모르고 공부량이 정말 많아야 좋은 점수 받습니다 시험도있는데 과제도 엄청 빡세요 그래도 열심히 할 자신있으면 추천합니다 쌩문과 열심히 해서 중간 평균등수였는데 기말로 엎어서 에이뿔 나왔습니당	대학 교양으로서는 정말 좋은 강의인데 좋은 성적 내긴 정말 어려웠습니다.. 중간때는 다 신유형으로 내서 기말도 그와 비슷하게 공부했는데 또 기말때는 다시 족보 스타일로 내셔서 아무튼 정말 힘들었어요
턱걸이 비쁠이긴한데 양 정말 많고 고인물들 많습니다 피하세요 그냥..	이번 학기부터 족보 때문에 시험 문제가 바뀌게 되었다. 바뀐 시험은 ppt를 다 암기하고 추론이 가능한 사람은 수업을 거의 듣지 않고 시험을 봐도 괜찮지만 진짜 수업을 열심히 듣고 공부해도 다들 열심히 하는 분위기라 학점을 받기 어렵다.	강의는 재밌었어요 수업듣고 그알 같은 거 보면 더 재밌어요 ㅋㅋ 출석체크는 매번 하시고 호명하실 때도 있고 전자출석 할 때도 있어서 9시 수업보단 오후 수업이 낫습니다. 과제는 두 번 있는데 분량이나 형식 제한이 없는데도 다른 분들은 다들 길게 써서 내더라구요. 전 모르고 1차 과제 때 짧게 써서 냈다가 과제점수 별로 못 받았습니다. 2차 과제는 기말 직전까지 별 다른 공지가 없으셨던 걸로 기억해서 있는지 몰랐다가 뒤늦게 말씀해주셔서 시험기간에 부랴부랴 썼습니다 님들은 미리 하세요. 교수님이 족보 때문에 중간시험을 새로 내셨는데 너무 어려웠어요 그에 비하면 기말은 엄청 평이하게 나와서 다음 학기 땐 어떨지 모르겠네요	수업은 재밌었고 시험은 어려웠어요
과제도 양이 많아서 미리미리 하셔야 합니다	교수님 되게 무뚝뚝해보이시는데 진짜 귀여우시고 유머러스하세요. 교양인데 시험 2번에 과제도 중간, 기말 두 번 시험 당일 제출이라 좀 빡세긴 합니다. 시험은 중간고사 진짜 어려웠고 기말고사는 괜찮았는데 그래도 외울게 정말 많아요. 또 과제 제출이 시험 당일이라 좀 힘들었어요ㅜ 근데 수업 내용 너무 재미있고 교수님께서 실제 부검사례를 굉장히 재미있고 구체적으로 설명해주셔서 너무 좋았습니다. 저도 비위가 좋은 편은 아닌데 시체 사진 보는 건 나중에 되니까 아무렇지도 않았어요.	한양대 명강의 중 하나라고 해서 꼭 들어야지 하고 들었는데 정말 명강의 맞음 전공 수업보다 얻어가는 게 많을 정도임
무엇보다 수업이 재미있음 범죄 이야기 좋아하면 추천추천임 
교수님도 너무 재미있으시고 성적도 이번에는 A+ 다 채워주신 듯
중간고사는 솔직히 말도 안되는 난이도였는데 기말고사는 좀만 꼼꼼히 공부하면 풀 수 있는 정도였음
과제는 중간 기말 총 두 번이고 쉽진 않은데 얼마나 정성을 들였냐로 평가하시는 것 같음 시험날에 과제를 내는 게 조금 부담일 수는 있음

다시 수강신청날로 돌아가도 1픽으로 잡을 정도로 후회 없는 교양 수업임	배우는 양이 없는 편이 아니고, 시험은 생각보다 지엽적으로 나오기 때문에 교양치고 할래해야할 시간이 많아서 강력 추천은 어렵습니다. 다만 재미는 있으니 재미 하나만 보고 갈거면 추천	강의력만을 보고 5점 남김. 교수님 꿀잼에 귀여우심. 명강의. 그리고 꼭 출석 잘 챙기세요. 최종점수에서 결석 2점 지각 1점 깎아버립니다... 본인은 최종점수에서 1점차이로 에쁠을 놓쳤는데, 결석 1번이나 지각 1번이 너무 아쉬웠음.	교수님 강의럭 정말 좋으시고 재밌으심
배워가는 건 많지만 그만큼 할 게 많음
과제 두개 시험 두개 솔직히 쉽지만은 않음
그래도 학점보단 과목 보고 들은 거라 후회는 없음	강의는 정말 재미있습니다. 그러나 학점은 교양치곤 잘 주는 편이 아니고, 암기량이 너무 많습니다. 시간이 정말 널널하신 분만 듣는 것을 추천드립니다	정말 명강의고 흥미로운 수업이지만 꿀교양은 아닙니다. 외울 내용도 많고 중간 기말 시험에 중간 기말 과제도 있어서 시험 준비와 과제를 병행해야돼서 쪼금 힘듭니다. 기말 과제는 항상 소설쓰기 인거 같으니까 미리하면 좀 더 괜찮을 거 같아요! 학점 보다는 꼭 들어보고싶은 강의여서 들었던거라 저는 기회가 된다면 꼭 한번 들어보시길 추천 드려요!	명강은 맞는데 꿀강은 전혀 아닙니다..! 외워야 할 것 진짜 많고 과제도 꽤 부담되는 수준이에요. 혈중알코올농도 계산, 뇌 동맥에 대한 리포트가 중간과제고 기말과제는 법의학 지식을 기반으로 한 소설 쓰기입니다. 과제 솔직히 엄청난 퀄리티로 낸 거 같진 않은데 높은 점수 받은 거 보면 얼마나 시간 들였는지, 정성이 있는지만 평가하시는 것 같아요. 시험은 정말 강의 교안 달달 외우셔야 막힘없이 풀 수 있어요. 중간이 진짜 어려웠는데 기말은 좀 쉽게 내주신듯.. 전공 공부 안 바쁠 때 듣는 거 추천합니다. 출석은 보통 전자출결 하시는데 두세번 직접 호명도 하셨어요!	왜 명강의라고 하는지 알 수 있는 수업이지만 과제가 꽤 부담되고 기본지식이 없으면 공부 시간도 생각보다 훨씬 많이 들여야 해서 전공으로도 바쁘신 분들은 여유 있을 때 들으세요	수업은 알차고 교수님도 좋으신데 시험은 전혀 좋지 않음 ㅠㅠ
용어도 낯설고 시험 유형도 너무 어려움...
암기에 자신있으면 추천	내용이 흥미롭고 교수님이 설명 잘 해주세요 ! 시험도 피피티 외우면 충분히 볼 수 있어요	과제가 2개인데 시험 두 번 있어서 살짝 힘들어요 특히 기말엔 시험범위가 더 어렵고 소설쓰기 과제까지 하려면 미리 하시는 게 좋을 것 같아요 대신 해부학 지식은 몰라도 되는 듯 합니다 중간 기말 항상 마지막 2문제 정도가 어려웠는데 못 맞혀도 학점엔 지장 없어요	원래 이쪽 분야의 지식이 있는 학생들이 많아 조금 힘들었습니다 다만 내용 자체는 흥미롭고 한번쯤 들어볼만 해요
저도 비위 강한 편인데 가면 갈수록 힘들었습니다 참고하세요	제가 원하던 대학 교양 과목이었습니다. 사인에 대해 알아가는게 재밌었고 교수님도 호감이셔서 잘 신청 한거같았어요. 공부량은 많긴 하지만 꼭 들어볼만한 강의라고 생각합니다 (실제 사진도 있어서 초반엔 징그러웠는데 보다보면 나중엔 절창 사진봐도 별 느낌 안들 정도로 익숙해져요!)	수업 재밌어요!! 시험도 생각보다 까다롭지 않았던 것  같아요! (A+은 없었던 걸로 기억합니다) 과제 2번이고, 개인적으로 시간이 오래 걸리긴했으나 어렵진 않았습니다! 추천해요!!	한양대 명강의라 해서 들어봤는데 역시나 최고인것같습니다! 후회없는 교양인듯해요	교수님 귀여우시고 강의력 엄청 좋으세요 이쪽 분야에 관심있으신 분들은 들으면 재밌어하실거에요 근데 ppt 양도 많고 진짜 다 외워야하는거라 공부량이 좀 돼요 강의 자체는 진짜 너무너무 좋아요	대학교 입학 이후에 가장 흥미있게 수강한 교양입니다
수업 분위기도 좋고 설명도 잘해주시고 교수님이 나름 귀여우심…	너무 재미있어요,,, 설명도 깔끔하고 접하기 어려운 내용도 쉽게 잘 정리해서 알려주십니다!!
수업 열심히 들으면 이틀 전에 처음 핀 벼락러로서 힘들었지만 잘 봤음!! 그치만 그러지 마세요,,,
교안에 없는 예시들 말로만 설명하실 때도 있는데 시험에 나옵니당
중급법의학은 안생기나요!?!	수업이 재밌다고 한번도 느껴본 적은 없지만...ㅠㅠ 성적은 잘 받았어요 사람들이 기말때 포기를 많이 하시나봐요 중간 망했는데 기말로 살렸습니다 
+완전 벼락치기는 비추천함니다... 적어도 하루 동안 공부 해야하는 것 같아요 또 소설 쓰기 과제는 짧게 써도 괜찮을 것 같습니다	한양대 명강의라고 자부할 수 있음 그래서 그런지 모든 사람이 다 열심히 하는 느낌	시험은 공부하면 엄청 어려운 수준도 아니고 객관식이어서 부담감이 좀 덜했습니다! 과제도 열심히만 쓰면 좋은 점수 주시는 것 같고요. 강의 자체도 엄청 흥미롭게 들었던 강의였습니다! 재미있어요! 이번에 들은 수업 중에 가장 흥미롭게 들어서 그런지 시험공부도 스트레스 안 받고 할 정도였네요 이 분야에 관심있는 학생들이라면 꼭 들어보길 추천합니다!	정말 최고의 강의입니다...갓원규...
법의학에 관심이 많다면 무조건 들으시길 바라요.
수업이 정말 흥미롭고 재밌어서 금요일 오전 9시 수업이지만 즐거운 마음으로 등교했어요.
중간 1등 중간과제 10장 기말 모름 기말 제 5장 해서 에쁠 받았습니다. 비위가 약하지 않은 저도 처음엔 당황했지만 점점 사진도 익숙해지고 괜찮았습니다. 교수님 말씀하시는게 웃기고 재밌어서 수업 분위기는 생각보다 무겁지 않아요. 진짜 명강의입니다...	한양대 들어오고난뒤 졸업 전 무조건 듣겠다고 다짐했던 수업이었어요!! 중간고사 기말고사 다 보고 중간 기말 과제도 있어서 조금 힘들긴하지만, 수업동안 재밌는 이야기도 많이 해주시고 사투리가 정겨워요ㅋㅋㅋ 자료만 보면 외울게 많지만 그렇다고 시험이 그렇게 어렵게 나오진 않는것 같습니다!!! 한학기동안 좋은 강의 듣고 보람차게 에이쁠 받아갑니다👍 그알 좋아하신다면 꼭 들어보세요!!	저는 개인적으로 법의학 듣고싶어서 교양 학점 다 채웠는데도 신청해서 수강했습니다. 과제를 열심히 하려다보니 생각보다 시간이 많이 필요해서 살짝 후회했지만, 기말 때 공부 열심히 한 만큼 에이쁠 받아갑니다~
내용은 굉장히 흥미로웠고 학생들 열의도 높은 수업이었어요. 저는 중간 시험 에제권 정도 나왔는데 기말 범위가 워낙 많다보니 열심히 하면 좋은 결과 얻어갈 수 있어요! 과제는 뇌사+알코올농도 레포트 20페이지, 법의학 소설 7페이지 썼습니다. 소설 점수가 더 비중 높은데 아마 분량보다는 글의 완결성이나 법의학 지식이 얼마나 들어갔는지를 보시는 것 같아요.
교수님이 출석 체크도 꼼꼼히 하시고 진도 정말 열심히 나가세요. 학점 받기 쉬운 교양은 절대 아닌데 관심 있으시다면 꼭 추천드립니다!	중간고사 1등
중간과제 9장
기말고사 ??-4,5개 틀린 것 같음
기말과제 9장
최종 a+ 나왔습니다
2학점 교양 치고 할 게 많긴 하지만 저는 수업 진짜 흥미롭게 들었습니다! 근데 소설쓰기가 진짜 막막했고 쁠 안채워주셔서 조금 조마조마 했습니다.. 그래도 시험이 가장 중요하니 정말 꼼꼼히 암기하시면 문제 없을 것 같습니다!!	에이쁠 받기는 그렇게 막 엄청 쉽진 않음 시험 다 맞는다 생각하고 외우고 아깝게 몇 개만 틀려야 안정권
과제도 대충하면 점수 생각보다 많이 깎아먹으니 열심히 하시길. 출결점수도 다른 수업에 비해 많이 깎으시는 편이니 출석은 다 하는게 좋음

근데 성적을 떠나서 수업 내용이 너무 재밌고 교수님 설명도 재밌음 교수님 너무너무너무 귀여우심 교수님이 다른 교양수업을 하신다면 그것도 찾아들을거임	강의력 좋으심 성적 상관없이 졸업 전에 꼭 듣고 싶었던 수업이라 너무 만족합니다. 소설쓰기 과제 날린 것 같아서 신경쓰였는데 시험이랑 출석 위주인 것 같아요. 시험도 내신형이 아니라서 수업 열심히 들었다면 오랜 시간 투자하지 않아도 이틀삼일이면 충분합니다	< 시험 >
중간 - 주관 4문제, 그 외 객관 / 기말 - 객관 40문제
* 이번 학기는 사진 문제 없었음
* 달달 이름 외우기 같은 건 잘 안 시키심

< 레포트 과제 >
중간 - 알코올 농도 계산 / 기말 - 법의학 이용한 소설

< 개인평 >
강의력이 좋으셔서 지루할 틈 없이 잘 들었습니다. 중간중간 곁들이시는 농담이나 사담도 좋았습니다. 사진은 좀 잔인하지만 정말 유익한 내용이 많으니 한번쯤 들어보시길 추천합니다. 레포트 분량 적어도 열심히 쓰고 시험 잘 보면 A+ 주시니 너무 스트레스 받으실 필요 없습니다.	에이쁠받았고
중간 레포트, 중간 시험
기말 레포트, 기말 시험
총 4번이고 출석점수가 꽤 크게들어가요
중간때는 뇌사랑 본인혈중알코올농도 계산하는 레포트고
깅살때는 법의학적지식에 기반한 소설쓰기에요

교안 피피티 대범주로 달달외우고,
수업시간에 교수님 말씀 열심히 들어야해요
녹음도 하나의 방법입니다
수업 재밌게하셔서 다 듣게되긴해요
외울양이쪼금많고, 저는 새벽에 혼자서는 공부못했어요
(사진 때메)
진짜 명강의입니다 관심있으시면 꼭들으세요
외울게많았지만 재밌어서 열심히했습니다!	총 2번의 시험, 2번의 과제가 있습니다
과제는 각 중간고사, 기말고사 시험날 제출합니다
중간과제는 뇌사 관련 리포트 + 음주측정 관련 계산입니다
기말과제는 법의학 지식을 활용한 소설쓰기 였습니다
중간고사는 객관식 + 단답식 + 서술형
기말고사는 40문제 모두 객관식으로 나왔습니다
PPT를 중심으로 교수님이 필기해주시는 내용 위주로 보면 됩니다
평소에 수업때 꼼꼼히 듣고 필기를 해두었고
시험은 2일, 중간과제는 3일, 기말과제는 1일 투자했습니다
지각과 결석이 생각보다 점수에 많이 들어가는것 같으니
9시 오전 수업의 경우 출석도 성적이 중요하게 작용한 것 같습니다
(출석 부르실때 보면 절반 정도만 만점이었고 나머지는 지각과 결석이 있었음)
평소 법의학에 관심이 많아 수업을 수강하게 되었는데
전반적인 지식에 대해 알게 되어 굉장히 잘 들었다고 생각합니다
하지만 부검 사진이 굉장히 적나라하게 나오니 못보시는 분들에게는 비추천합니다
교수님께서는 중간 중간 재미있는 농담도 하시고 강의력도 좋으십니다
교양이지만 열심히 하시는 분들이 많아서 좋은 성적을 받기 조금 어려울 수 있지만, 평소 법의학에 관심있던 분들에게는 적극 추천하고 싶습니다	법의학 관심있는 사람 강추합니다
오전수업을 이겨내고 재밌게 들었습니다
암기량은 생각보다 많아요
시험과 별개로 중간,기말 과제 있는데 크게 어렵지 않습니다	개인적으로 법의학에 관심이 있으면 추천하는 강의! 외울게 많아서 암기에 자신있는 분들이 들으면 좋을 거 같긴해요 ㅜㅜ	교양다운 교양입니다. 암기 잘하시는 분 추천입니다.	내용은 많았는데 유익한내용이 많고 재밌었습니다	대학에서의 강의가 아니면 들어볼 수 없는 내용이라 재밌게 들었습니다. 교양 과목 치고는 외울 분량이 적지 않아 이 부분이 걱정되시는 분은 피하시는 게 좋을 것 같습니다. 교수님 강의는 전형적인 혼자 이야기 하는 스타일이시고, 중간중간 개그를 하시는데 피식하게 됩니다. 
저는 공부를 열심히 안 해서 비쁠 받았습니다.	잔인한거 못보시면 추천 안하지만 그래도 그것이 알고싶다 같은 거 좋아하시면 꼭 들어보세요!	재밌어요!
의대 수업 해볼수있는 기회가ㅜ됐어요
잔인한 거 못보면 힘드러영	교수님 강의력도 좋으시고 내용도 알차고 중간중간에 교수님 경험담도 말씀해주셔서 흥미롭고 유익한 수업입니다. 다만 수업자료에 시체 사진 등이 나와있습니다
시험은 중간 기말 두 번 봤고 객관식과 주관식으로 되어있습니다. 과제도 중간과제 기말과제 두 번 있고, 중간과제는 레포트 작성, 기말과제는 소설쓰기였습니다.	경상도 사투리 진하게 쓰시는 교수님
교안에 시체 사진 적나라하게 나와있어서 비위 안좋으면 못들음 물론 난 아무렇지도 않았음
수업 매우 재밌고 교수님 꿀귀	교수님이 수업 굉장히 재미있게 하심 강의도 잘하심. 수업 도중에 교수님께서 부검의로 일하셨던 경험을 풀기도 하는데 그게 재미있기도 함. 근데 잔인한 피 사진 시체 사진 내부 사진 못 보시는 분은 추천하지 않음. 팀플 없어서 최고	처음에는 과목이 흥미로워 보여서 신청했으나 좀 사진자료가 구체적이어서 거부감이 들었습니다 하지만 적응은 꽤 빨리 되고 의대에서나 들을 법한 수업을 들어볼 수 있어서 좋았네용 성적도 잘주심!	교수님 강의력도 괜찮으시고 중간중간 직접 겪으셨던 썰 풀어주셔서 수업 시간이 정말 빨리감
사진 자료가 있어서 피나 시체 잘 못 보시는 분들은 비추,,
과제가 시험 당일에 제출해야 되는 거라 좀 빡세긴 하지만 많이 부담되진 않았음	비록 강의만 열심히 듣고 시험공부는 열심히 하지 않아 비제를 받았으나.... 저는 절대 이 수업 들은 거 후회하지 않습니다 피피티 자료에 쓰여 있는 용어가 어렵긴 하지만 교수님이 다 쉽게 설명해주시기 때문에 수업 시간에 피피티 보면서 필기해두면 수업 내용 이해하는 데에 전혀 어려움은 없을 것입니다 수업은 정말 흥미롭고 교수님 설명도 재밌고 귀여우시니 법의학에 관심 있고 비위 강하신 분들은..!! 들어보시는 걸 추천합니다 시험은 50문제 정도 나오는데 대부분 객관식이고 주관식 한 두 문제 섞여서 나와요 과제는 솔직히 귀찮기는 했지만 하루 이틀 투자하면 충분히 끝낼 수 있기 때문에 학기 중에 여러번 과제 있는 것 보다는 중간, 기말과제 딱 두 번인 게 낫다고 생각합니다	일단 학점 주시는게 너그러운 것 같지는 않아요. 중간고사 성적이 6등인가 7등이였고 기말도 그럭저럭 출결도 완벽했는데 A0 나왔습니다. 근데 애초에 이 수업 신청 하신 분들이라면 성적보다는 강의 자체에 더 의미를 두고 선택하시는 것 같아요. 저 또한 그랬구요. 강의력이 정말 좋으시고 사실 따지고 보면 내용이 어렵진 않습니다. 한문제 빼고 전부 객관식이라 시험부담도 크진 않았어요. 중간고사 때는 문제수가 꽤 됐었는데(아마 3장?) 기말 때는 한장 반 정도 였던 것 같습니다. 관심 있으시다면 꼭 들어보세요!	* 우선 이 수업은 피나 시체를 보기 어려운 사람에게는 추천하지 않는다는 말을 먼저 드립니다. 자료 사진 등이 매우 적나라하게 나타나기 때문에 비위 약한 사람은 공부하는 것 자체가 어려울 것입니다.

저는 시체쪽으로는 비위가 강해서 너무 재미있고 즐겁게 수업 들었습니다. 교수님 말투는 무뚝뚝하시지만 강의력이 좋으시고, 수업 중간중간에 공부와 관련된 교수님의 경험과 유쾌한 개그를 함께 해주시기 때문에 간간히 웃음 터트리며 들을 수 있었습니다.
수업에는 어려운 의학 용어가 많이 등장하긴 합니다. 그러나 교수님께서 대부분을 설명해주시고, 몰라도 인터넷을 찾아보면 잘 나와있기 때문에 걱정할 필요는 없습니다. PPT 내용으로 수업이 진행되기에 교재는 살 필요 없을 것 같습니다. 다만 수업이 PPT 내용에 교수님께서 말씀을 덧붙여가는 형식이기에 수업을 못들었다면 그 파트의 공부는 힘들어질 수 있습니다. 그만큼 교수님께서 수업시간에 설명해주시는 내용이 매우 중요합니다.
암기... 매우 중요합니다. 사망 종류와 사인, 신체 부위 이름... 암기가 없으면 시험을 전혀 볼 수 없기 때문에 외우기에 자신있는 사람이 들으면 좋은 과목입니다.
암기가 중요하다 말한 것처럼 시험이 매우 지엽적입니다. 온도, 시간 등 이런것도 나오나? 싶은 내용도 시험에 나옵니다. 그냥 모든 내용을 외운다고 생각해야 편할 것 같습니다. 그래도 50문항 중 47~48문항이 4지선다 객관식이기 때문에 심각하게 어렵지는 않습니다. 객관식을 제외하고 남은 2문항은 간단한 단답형 문항으로 누가봐도 중요해보이는 용어를 적거나, 수치를 계산하는 문제로 출제됩니다.
과제가 꽤 많습니다. 중간기말 시험을 전부 보는데, 과제까지 해야 하니 많이 부담스럽기도 합니다. 과제는 중간에는 '뇌사/벌레 사망시간 관련 레포트'를 써서 제출했고, 기말에는 '법의학을 활용한 소설'을 작성하였습니다. 중간 레포트는 많은 인터넷 검색과 논문 및 도서 활용이 중요한 활동이므로, 최대한 많은 내용을 담는 것이 좋습니다. 기말 소설은 대충해도 될 것 같아보이지만, 그건 함정입니다. 너무 대충 적거나 어디서 본 내용을 적으면 가차없이 감점되는 것 같습니다. 실제로 제가 수강했던 학기에는 소설을 대충 쓴 사람이 많아서 소설 점수 평균이 매우 낮았습니다. 간단해보이지만 무시하면 안 됩니다.
점수는 우선 시험 점수를 잘 받는 것이 좋습니다. 저는 중간 점수가 조금 낮은 편이었는데, 기말 잘 보고 과제를 잘 제출한 덕인지 좋은 점수를 받았습니다. 그러니 중간 망했다고 그냥 포기하지는 말고 남은 과제와 시험까지 최선을 다하는 것이 좋습니다. 배워가는 것이 많은 매우 좋은 강의였습니다.	법의학이라는 강의를 들어볼 수 있는 귀중한 시간이었습니다.
근데 과제가 좀 그렇긴 했어요.	정말 유익하긴한데 시험이랑 시험전후로 해야하는 과제가 생각보다 빡세고 ㅈ평균도 낮았던걸로 앎. 수업잘해주시고 명강의이긴 했음	일단 온라인 강의 당시에는 중간고사가 레포트 데체였던것 같지만, 대면수업의 경우 중간 기말과 더불어 3가지 레포트까지 모두 준비해야 합니다. 중간의 경우 중간고사를 치룰 때 뇌사와 벌레에 의한 사후시간 분석 레포트를 제출하였고, 기말고사의 경우 기말고사 시험 날 법의학 지식이 들어간 추리소설을 제출하였습니다.
시험의 경우 그렇게 어렵지 않고 전날 하루정도 투자하시면 대부분의 문제를 풀 수 있습니다. 내가 모르는건 남들도 어려우니 너무 걱정 마시길 바랍니다. 
강의 자체는 교수님께서 굉장히 유쾌하시고, 수업 자체도 흥미위주로 진행되어 저는 매우 맍ㄱ스러웠습니다. 다만 수업에 사용되는 보조자료가 사람에 따라 보기 어려울 수 있습니다.	교양에서 이렇게 유익한 시간이 될 거라고는 생각 못했어요. 매 수업내내 흥미로운 법의학 지식을 배울 수 있어서 좋았고 교수님이 굉장히 재미있게 설명을 잘 하십니다. 과제는 정해진 분량이 없기에 처음에는 참 모호하게 느껴졌네요. 하지만 과제하면서도 배운 것도 많도 법의학이라는 분야가 이렇게 재밌는 학문이란 것을 알게해준 강의였습니다.	강의 내용 자체가 재밌어요 교수님께서도 설명 잘 해주시구 유익한 수업이었습니다	법의학에 관심이 있는분들이나 새로운 지식을 얻어가고싶다하시는 분들은 재밌게 들으실 것 같습니다.
레포트 두 주제로 쓰고 법의학소설 쓰는게 과제였는데 과제 양은 좀 많은것같습니다. 그래도 교수님께서 너무 재밌게 수업해주셔서 지루하지 않았고 많은걸 배워갑니다.	과제는 중간 기말 각각 한 번씩
수업 정말 유익해서 좋음 교수님 강의도 재밌게 하심
근데 잔인한 거 못 보면 추천 안함	유익하고 재밌는 강의입니다.
잔인한 거 못보시면 못들어요.
공부량도 꽤 있으니 참고하세요~~^^	법의학이라는 과목에 대한 흥미와 기초를 알려주는 좋은 과목
교양으로는 손색이 없었습니다
교수님도 귀여우시고ㅋㅋㅋㅋ
과제는 소설? 쓰는 거였는데 잘 모르겠음
시험은 그냥 ppt만 봐도 웬만한건 다 맞춥니다	법의학에 대한 교양으로 딱 좋은 수업임
그러나 과제하는 게 조금 부담스럽고
수업내용도 많고 ppt가 조금 불친절하여 
수업을 보다 빡세게 들어서 설명이 부족한 부분을 
잘 채워넣어야 됨.	내용은 개론에 맞게 어렵지 않습니다. 다만 외워야하는 부분이 많고 사진이 다소 징그러울 수 있습니다.	진심으로 듣길 잘했다고 생각하는 교양 수업입니다. 관련 분야에 관심이 많아서 수강했는데 기대 이상이었어요 교수님께서도 정말 열심히 설명해주십니다! 다만 강의 도중에 실제 부검하는 사진을 봐야하기 때문에 비위가 강한 사람만 수강 가능할같습니다 저도 비위가 강한 편이지만 몇몇 사진은 힘들었어요ㅠ 교수님께서도 첫수업에서 수강정정기간에 많이들 수강취소한다고 말씀하시더라구요 그래도 법의학에 관심있으신분들은 수강하시면 흥미롭게 들으실 수 있을거에요	최고의 수업, 그렇지 못한 학점 ㅠㅜ
대학교에서 쓸만한 교양 들어보고싶다 하면 강추	하산하겠습니다. 3수강을 안하게 해주신 교수님의 은혜에 깊은 감사를 드립니다. 2년동안 감사했습니다	대학교에 오길 가장 잘했다고 느껴지는 수업이었어요. 평소에 그알 팬이라서 법의학에 관심이 많았었는데 대학교 수업을 통해서 배울 수 있게 되어 너무 좋았어요. 솔직히 강의평보고 성적은 기대하지 않고 들었던 수업이었는데 듣고 싶었던 분야였어서 저는 재밌게 공부했어요! 양도 그렇게 많이 느껴지지 않았고 ppt만 잘 공부하고+ 과제 잘하시면 좋은 성적 얻어가실 수 있으실 거에요! 법의학 관심 있으신 분들 추천해요! 근데 저도 관심이 있었지만 이렇게 많은 시체를 보게 된 것은 처음이라 너무.. 혼자 공부할 때는 사진 다 가리고 공부했습니다..(근데 시험에 나와서 어느정도 사진자료는 확인하셔야 해요ㅠㅠ) 일단 들어보시면 첫 수업에서 드랍 여부를 결정하실 수 있으실 거에요! 교수님 너어무 좋으셔서 기억에 남을 것 같아요!	내 평생 법의학 강의 들을 일이 언제 더 있겠음... 수업 너무 재미있고 알찼음. 공부량 엄청 많긴 했지만 흥미 있는 내용이라 그런지 분량에 비해 쉽게 외움. 본인은 에이쁠. 은근 과제가 귀찮긴 함. 비위... 솔직히 너무 힘들었고 마지막 수업 때까지 헛구역질 하면서 들었지만 그래도 내장 사진은 의외로 참을 만함. 진짜 힘든 건 일부 전신 사진...  차마 뭔지는 얘기 못하겠음. 쨌든 사진, 부검서 등 자료가 정말 풍부함.	시험기간에 여유가 조금 있다면 외우는 건 문제 없을 정도입니다! 쉽지 않은 내용이지만 교수님께서 워낙 유쾌한 강의력을 갖고 계셔서 수업이 힘들거나 부담되지는 않았어요. 다만 실제 사진이 많아서 거부감 있으신 분들께는 조금 힘들 것 같고... 시험 2번에 중간과제로 레포트 하나 기말 과제로 소설쓰기가 있어서 취향에 잘 맞는다면 꼭 들어봐야 할 교양으로 추천합니다	부검, 법의학에 관심있는 학생이라면 추천합니다! 
내용은 많았지만 그만큼 얻어가는 것도 많아요.
찬찬히 정리하면서 공부하면 시험 공부도 그리 어렵지 않습니다! 
시험 문제는 객관식, 주관식으로 나오고 객관식은 강의만 잘 들으면 쉽게 풀 수 있어요! 
2학기 강의 중 가장 재밌고 유익한 수업이었습니다!	대학에 왔다면 한 번쯤은 들어봐야 할 교양수업이라고 생각합니다. 법의학이라는 어렵게 느껴질 수 있는 주제를 교수님께서 학생들의 눈높이에 맞춰서 잘 설명해주십니다. 실제 부검 사례를 수업에서 다루다보니 적나라한 시체 사진이 많이 등장하는데 비위가 어느 정도 강해야 수업 듣는데 무리가 없을 거라고 생각합니다. 2학점에 비하면 2번의 과제(보고서 작성, 추리소설 쓰기)와 공부량이 다소 많은 편이나 실제 시험 문제는 그리 어려운 수준이 아니기에 크게 걱정할 필요는 없습니다. 다만 수업의 특성상 열의가 높은 학생들이 많이 포진해 있기에 재미와 학점은 별개라는 사실을 염두에 두셨으면 좋겠습니다.	수업 재밌음 / 그것이 알고싶다 보면서 법의학자님들이 하시는 말씀 아는 척 할 수 있음 / 교수님 상당히 귀여우심	교수님께서 매우 유쾌하시고, 수업에서도 친절하게 설명해주신다. 법의학인 만큼 수업 자료가 많긴 하지만 시험이 쉽게 출제되어, 수업 한 번만 다시 듣고 수업 자료 두세번 정도 읽으면 대부분의 문제는 풀 수 있다.	외울거 많고 시험공부도 많이 해야하지만 정말 재밌고 유익한 수업입니다. 교수님도 잘가르쳐주시고 귀여우심. 법의학에 관심있으시다면 한번 들어보는걸 추천.	내용 자체가 재미있을 수 밖에 없는 내용이라 공부하는 것 자체가 크게 힘들진 않습니다. 중요하다고 하시는거 위주로 외우고 그냥 ppt한번만 손으로 다시 쓰면 외우면 시험때 한 세 네문제 제외하고 고민없이 푸실수 있어요. 나머지는 좀 더 생각하면서 풀어야 할 것 같습니다. 전에는 서술형으로만 나온 시험이 있다고 했는데 이번에는 중간고사 기말고사 모두 40~50문제 남짓이고 시간도 45분에서 1시간정도입니다. 모르면 그냥 틀리면 돼서 시간이 부족할 일은 절대 없습니다. 그리고 중간고사때 주관식 두개쯤에 서술형 하나 나온 것 같고 나머지는 객관식, 기말때는 주관식 세개에 나머지 다 객관식이었습니다. 만점이 거의 없는 이유는 위에서 말씀드린 서너문제가 항상 발목을 잡습니다 ㅋㅋㅋ	진짜 명강의 그 자체 교수님 설명 너무 유익하고 생명과학 좋아한다면 무조건 추천	과제가 두번 있고 단어들이 생소하기 때문에 관심 있는 사람들만 듣는거 추천합니다. 시험은 난이도가 어렵진 않았습니다.	교양에서 무언가를 배워가고자 하는 학생들에게 추천함. 워낙 새로운 분야이기도 해서 흥미롭고, 그렇다고 전문적인 내용을 너무 어렵게 알려주시지도 않음. 학점 꿀로 챙겨가고 싶은 학우들에게는 비추함. 양 많음. 그래도 대학 와서 한번쯤 들으면 좋을 강의.	비위가 생각보다 강해야함.. 그런데 강의력이 너무 좋으세요	비위 강하고 이런거에 흥미 있으신분은 추천드려요. 다만 외울게 겁나 많음	수업도 재밌고 많은 걸 배울 수 있습니다. 과제는 2번, 시험도 2번 있습니다.	정말 유익한 수업이고 법의학 관심 있으면 재밌게 들을 수 있어요.	최고의 교양. 교양다운 교양. 교수님 엄청 재밋고 친절하십니다	내용은 정말 흥미로웠음. 교수님도 친절하시고 과제는 두개 정도 내주셨는데 어렵지 않은 과제들이었음. 그치만 의대과목이라 확실히 공부양은 많았음.. 그래도 수업 잘듣고 암기 잘 하면 학점 잘 받을 수 있을듯!	강의는 재밌음. 의대 교수님 피지컬이 예술임. 공부 잘하몀 학점 잘나옴. 근데 나는 안나옴 ㅠ	열심히 했지만 에제받은 수업.. 하지만 너무너무 재밌었고 남는것도 많아서 듣기를 잘했음	에이플받아갑니다 수업때 집중하면서 필기만 빡세게 똑바로 잘 하면 됩니다. 공부는 전공시험 마친 후 8시간동안 했습니다.	학점을 생각하고 오신다면 진짜 진짜 진짜 크나큰 오산임.. 일단 출석이 전자출결이긴 한데 꽤 중요하게 생각하시는 것 같음 ㅇㅇ 강의는 내용이 어쩌면 무거울 수 있지만 교수님이 재밌으셔서 한 학기 내내 강의 듣는 건 너무 즐거웠음 (성적은 안재밌음) 법의학에 관심 있는 학우들이 정말 많은 지 진짜 걍 해서는 좋은 성적 받기는 어려운 것 같음 하지만 다시 들을 수 있다면 다시 듣고 싶을 만큼 너무 좋은 강의…! 교수님 메일로 문의나 강의 질문 정말 잘 받아주심 교수님 짱	진짜 참교수님! 대학 와서 들었던 강의 중 전공 교양 통틀어서 가장 유익하고 대학 수업같다고 느낀 강의였어요. 문과생이라고 주저할 거 1도 없고 공부하는 만큼 성적 나옵니다. 자기가 관심 갖고 시간 투자해서 작성하면 점수 좋게 받을 수 있는 것 같아요. 저는 중간 기말 각각 하루씩 공부하고 에이쁠 받았습니다! 그 하루에 18시간 정도 공부했고 토 나올 때까지 암기했어요. 근데 그렇게 자세하게까지 외울 필요는 없었더라고요 .. ㅜ 그리고 매주 2실시간 줌 수업 하셨습니다! 2시간 정도고 중간에 쉬는 시간 한 번 가져용 !!	사실 시험은 열심히 외우면 돼서 그렇게 어렵지 않고 저는 중간 4개 기말 3개 정도 틀렸는데 2등이었어요. 완전 다 맞을 필요는 없고 꼼꼼히 암기하면 돼요! 배우는 내용자체가 굉장히 새롭고 신기해서 듣는 내내 즐거웠던 수업ㅎㅎ추천합니다	수업은 너무너무 어렵고 점수도 잘 못나왔지만,, 너무 재밌고 교수님 강의력도 너무 좋으셔서 후회는 전혀 없었던 수업입니다!	학점 생각하고 오신 분들은 조용히 뒤로 가기 하세요.. 
교수님 강의력 정말 좋으시고 배우는 것도 얻어가는 것도 많은 강의지만 학점 따기 어려워요.. 시험도 중간 기말 다 내시는데 지엽적인 내용 많이 내세요. 과제는 두 갠데, 하나는 뇌사 관련 레포트랑 또 하나는 법의학 지식을 이용한 소설 쓰기 과제예요.
CSI 같이 범죄수사물에 관심있으신 분들은 재밌게 강의들으실 수 있어요. 그리고 꼭 듣고 싶으신 분들은 수강정정 기간을 노리세요..! 상대적으로 시간적 여유가 많은 저학년 학우분들께 추천입니다	푸근한 경상도 출신 교수님이 술술 잘 설명해주시는 법의학 강의	기말을 망친건지, 과제 점수가 낮게 나온건지 생각보다 성적이 잘나오진 않았으나, 수업 자체가 우리가 일상에서 마주칠 일이 없는 것들을 다루어 꽤 흥미있게 들었고, 교수님의 실제 경험담들이 묻어 있어 매 강의가 기다려지기도 했다. 강의자료를 보며 속이 좀 안좋긴 했으나 점차 적응이 되긴 하더라. 첫 강의에 수업 소개 해주시니 본인이 들을 수 있겠다 싶고 기회가 된다면 반드시 들어보는 것을 추천한다. 어디에서나 들을 수 있는 강의가 아닐 것이다. 그리고 교수님 온라인으로 볼 땐 마냥 귀여우셨는데 시험 볼 때 직접 마주보니 풍채가 좋으셔서 놀랐다.	취득 78 최종 100 A+ 받았습니다 원래 꿈이 법의학자였는데 다른 길로 오게 되긴 했지만 관심분야라서 그런가 정말 수업이 매주 기다려졌고 재미있었습니다 !! 과제는 소설쓰기랑 레포트 쓰기 하나 있었는데 소설 쓰면서 진짜 재미있었던거 같아요 9시 수업이었지만 그걸 충분히 감안하고도 남는 강의력이셨던것 같습니다 직접적인 사진이 많이 나오기 때문에 비위가 약하시다거나 그러면 좀 힘들꺼 같지만 심하지 않으시다면 꼭 추천드리는 강의입니다. 교수님께서 학생들 생각도 많이 해주시고 유쾌하시고 무엇보디 엄청 귀여우십니당...ㅎㅎ	교수님 너무 귀엽고 수업 내용 너무 재밌음 과제는 주제 관한 조사 보고서랑 소설 쓰는 거 두 개인데 금방 끝남 소설 쓰는 건 하면서 꽤 재밌음 시험이 어렵긴한데 그만큼 점수에 비해 학점 잘나옴 수사물 좋아하는 사람들 취향저격 강의임 이번학기에서 젤 재밌는 강의였음	학점은 후하게 주실거라고 하셨고, 법의학 관심 있는 사람들이 들으면 후회는 안할거라 생각합니다
시험 준비는 양이 적은 편은 아니라 생각합니다	교수님이 너무 좋으심. 수업 내용도 흥미롭고 재밌게 들었음 원래가 의대 수업이니 양이 많긴 많아도 이번 학기에서 제일 재밌게 들은 수업. 문과생도 이해하는데 전혀 문제 없으니 다들 한 번 들어보시길 추천	수업 재밌는데 시험볼 때는 양이 꽤 된다. 그래도 엄청 지엽적으로 내시지는 않아서 여러 번 훑어 보면 거의 다 풀 수 있다.	외울게 너무 많아서 시험기간에 힘이 듭니다 그래도 후회하지않아요 이 강의를 들은게... 빡세지만 보람있다는게 어떤건지 알고갑니다ㅎㅎ	교수님 짱귀여우심. 재수강이라서 두번듣는데도 어려움. 양이 많음. 공부 열심히하는 사람아니면 듣지마셈	본인은 관련 진로 희망해서 수업 정말 재미있게 들었음. 교수님 마인드도 좋으시고 가끔씩 농담 하시는데 귀여우심ㅋㅋㅋ 시험 때는 공부할 양이 많은 편이긴 한데 지엽적으로 안 내셔서 수업 열심히 들었으면 충분히 풀 수 있을 정도임. 근데 사진자료들이 실례고 수업 내내 나오기 때문에 이거 힘들어하는 사람들은 다시 한 번 생각해봐야 할 듯. 과제는 2개인데 이번학기는 중간고사까지  2개 주제 관련 내용 보고서 작성에 기말고사까지 법의학 관련 지식 활용한 소설 쓰기였음. 그리고 교수님은 대학생 과제는 형식이나 분량을 정해주는게 아니라고 생각하시니 괜히 물어봤다 한소리듣지 말길바람. 본인은 정말 재미있고 뜻 깊게 들었고 교수님도 정말 좋으셔서 개강추함!

(아홉시 수업이 헬이긴 함)	이 과목에 흥미가 있어 신청했다면 정말정말 재밌고 즐겁게 들을 수 있는 수업. 다만 학문으로서 공부하는 것과 시험을 위해 공부하는 건 항상 다르기 때문에 시험 공부 할 땐 정말 양이 방대해서 힘들긴 함. 그래도 교수님께서 재밌게 잘 가르쳐 주시고 내용도 재밌어서 나는 다른 강의에서 학점 빡세게 받기로 하고 이 과목 학점 안 나올 거 각오한 상태에서 들었음. 그럼에도 매우 만족하면서 들음	일단 교수님이 진짜 좋으심.비록 수업때 말이 느리셔서 조금 졸릴때도 있지만,오히려 말을 느리게 해주셔서 이해가 더 잘감.외울게 많을 것 같지만 수업만 잘들으면 그렇게 외울게 많진 않음.진짜 믿고 듣는 강의 고민중이라면 꼭 수강하시길.처음엔 시체 사진보고 힘들었는데 점점 익숙해짐.건강에 대해 다시한번 생각해볼 수 있는 강좌.	코로나 때문에 실시간 강의였어요. 대면으로 듣고 싶었지만 막상 비대면도 그렇게 나쁘지 않다고 생각했습니다. 무엇보다 교수님께서 쉽게 설명해주시려고 하셔서 좋았습니다! 사례를 많이 언급하셔서 이해가 잘 되었어요. 과제는 1차 2차 두번인 것 같으니 참고하세요!	교수님 정말 좋으세요
질문드려도 꼼꼼히 잘 대답해주시구요
법의학 교재는 없어도 듣는데 상관없구요
보고싶으시면 네이버나 구글에 검색하시면 블로그에 누가 그대로 정리해놨어요
양은 상당히 방대하고 꼼꼼한 것 같습니다
하지만 교수님이 워낙 설명 잘 해주셔서 조금만 시간들이면 쉽고 재밌어요
과제도 있긴 한데, 본인이 조사한 만큼만 하면 됩니다
뇌사와 사후경과시간에 대해 조사하는 거 였고, 수업내용 외의 것을 조사하면 됐습니다
졸업 전에 들을 수 있어서 정말 좋았습니다	과제는 미제사건이랑 소설쓰기 미제사건은 시간 널널해서 거의 20장정도 열심히 해서 냈고 소설은 미리 안해놔서 기말 기간에 완전 대충 한 3장정도 해서 냈습니다. 그래도 시험을 잘본 편이라 그런지 에이플 받아써용
중간은 부검소견서(?)에서 법의학적으로 틀린 점이랑 사인 찾기였는데 수업시간에 말씀하셨던 예시도 나왔기 때문에 수업시간에 집중해서 필기하는 것도 중요한 거 같고 사인을 정확히 모르겠는데 하면 사인 불명인 거니까 자기가 부족해서 사인을 못찾은 게 아니고 그냥 사인 불명이라고 적으시면 돼요.. 저는 사인 있을 거 같아서 제일 그럴 듯 한 거 적어놨는데 두문제나 사인이 불명이었던 기억이.. 중간은 사람들 다 같이 망했었어요~ 평균이 40점 만점에 20점정도였다고 하니까..
기말은 그냥 암기가 중요... 
어쨌거나 저쨌거나 굉장히 재밌고 유익한 수업이었습ㄴ닷	시험이랑 과제는 다른 사람들이 자세하게 써두셨고.. 생각보다 암기할것 정말 많고 시험볼때 좀 괴로움
특히 시험기간에 전공 공부할 시간 버려가면서 소설쓰고 보고서 쓰는게 좀 자괴감이 들 수 있음.
소설 10페이지 중기과제 17페이지 냈는데 에제나옴. 중간기말을 못봐서 그런거 같기는 함.
내용은 정말 유익하고 관련 분야에 관심있으면 큰 도움 되는 것은 맞는듯	일단 어렵다. 썩어도 준치, 아무리 교양이래도 의대 수업이라 암기량이 꽤 된다. 
다만 정말 많은걸 배워갈 수 있다. 특히 수업을 다 듣고 나면 건강생각을 다시 해보게 된다. 
교재는 딱히 필요 없다. 강의와 ppt만으로 충분. 하지만 깊게 파고들고 싶다면 교재가 도움이 된다.
쉽게 접할 수 없는 내용을 배울 수 있는 소중한 기회라고 생각한다. 어렵지만 보람차다. 마음같아선 대면에서 다시 청강이라도 하고싶다.
혹시 한양대에 그런 사람이 있겠냐만은 부검, 시체 따위를 보면서 히죽거리며 자아도취에 잠기고 싶은 중2스러운 이유로는 수강신청 하지 않기를 바람.	교수님께서 실제로 부검하셨던 사례와 경험들이 수업 내내 담겨 있어서 매우 재미있게 들었습니다. 강의력 자체도 매우 좋으시고요. 시험은 논술형의 경우에는 어렵고 단답식 및 객관식은 암기만 잘 하면 쉽습니다. 시험이 어렵더라도 다 같이 못 보기 때문에 사실 별로 신경 쓸 필요는 없습니다. 과제로 미제사건 조사와 법의학 지식을 이용한 창작물이 있는데 미제사건은 그것이 알고싶다 보면서 하면 편합니다. 창작물은 미리 어떤 내용으로 쓸 지 생각해보는 게 좋습니다. 제출 기간이 시험 기간에 속하기 때문에 빨리 써 놓으면 편합니다.	교수님 수업을 들을 수 있어서  너무 영광이였습니다ㅠㅠ
일단 수강신청픽이 진짜 빡세요. 다행히 저는 한방에 잡았지만 원래 손가락이 느려서 한방에 잡을 가능성이 없다 하시는 분들은 꼭 수강정정을 노리세요!
중간고사: 4문제가 나왔는데 실제 교수님이 부검한 사례를 가져오심.서술되어 있는 내용중에서 틀린것을 찾아내면 됨. 
기말고사: 스피드퀴즈 형식으로 한문제당 10초씩 보여주고 답을 적어서 내야함. 근데 강조한 부분에서 많이 나오기 때문에 많이 부담스럽지는 않다고 생각함.
과제: 법의학 사실 기반 소설쓰기, 미제사건 3개 조사하고 해결방법 제시하기
평소 공부법: 피피티에 있는 것만 시험에 나오지는 않습니다. 교수님이 수업시간에 "이건 갱장히 중요한데~" 하시면서 서술하는 부분은 다 적어두어야 함
참고로 저는 취득점수 62에 A0받았습니다. 다같이 중간공부를 안해서 다들 조졌기 때문이죠. 에쁠 받고싶으면 중간 잘보면 돼요. 대신에 중간조지면 에쁠은 못 받으세요...	정말 흥미롭고 재미있었던 강의입니다. 교수님께서 실제 부검 사례를 들어가며 설명 해주신 덕분에 더 이해가 잘 되고 새로운 분야를 접할 수 있어서 좋았어요. 대학의 꽃은 교양이라고 하는 것은 바로 이런 과목을 말하는 게 아닐까 싶습니다.	꼭 한번 들어보고 싶었던 강의라 학점 신경안쓰고 신청했는데,
반 평균이 낮아서 그랬는지 아님 원래 잘주시는분인지 암튼 학점이 꽤 잘나왔어요

중간고사, 중기과제, 장기과제, 기말고사 순으로 진행됩니다
*중간고사: 오픈북 서술형
- 사인을 결정짓고 근거를 작성하라는 문제: 부검결과에 치명적인 병, 손상들이 아주아주 다양하고 많았어요.. 도대체 뭘로 돌아가셨는지 참.. 그래도 가장 유력한 거 골라 적었는데, 나중에 언급하신 바로는 대부분 '사인: 불명'이었다는..
- 시체에 대한 설명 중 법의학적으로 틀린 곳을 찾아 바르게 고치라는 문제 
*중기과제랑 장기과제: 둘다 표지포함 4페이지 냈는데 에제 주셨어요
*기말고사: 오픈북이나 시간부족해서 오픈북 아닌듯한, 객관식/단답식
- 객관식은 한문제 빼고 다 '모두 고르시오'였던 걸로 기억해요. 시험 끝나고도 내가 맞았는지 몰라요
- 단답형은 아주 쉬워요. 사진보고 뭘 설명하는 건지 적는 게 많았던 것 같아요
+) 시험문제가 지엽적이지 않아서, 전체적으로 한번 훑고 한번만 더 복습하시면 잘 볼 수 있어요	과제는 두번이고, 시험은 살짝 꼼꼼하게 공부해야 잘 볼 수 있을듯.
배울게 많고, 교수님이 재밌게 잘 가르쳐주십니다.	과제 2번 각각 워드 11포인트 줄간격 1 기준 7장 정도 베끼는 거 하나도 없이 뇌를 거쳐 작성함.
녹강은 줄기차게 필기하며 꼼꼼히 1번 듣고, 시험기간에 한 번씩 더 돌려 듣고 부족한 부분 매움. 
암기는 한다고 했지만 코로나라 오픈 북이라 달달 나올 정도로 열심히 하진 않음. 어차피 교수님이 중요하다고 몇 번이나 강조하는 부분이 정해져 있어서 중요 부분 위주로 봄. 근데 기말은 전반적인 내용 골고루 나옴. 오픈 북 아니었다면 꼼꼼히 암기해야 할 듯.
턱걸이 에이쁠 받음. 운이 좋았던 거 같음.
코로나라 카데바 보는 거 같은 실습 못 해서 아쉬움.
비대면이라 실물 못 봬서 아쉬움.
교수님 마인드나 강의력이나 전반적으로 좋고 법의학이라는 생소한 분야를 조금이나마 알게 되어 만족.
교수님 귀여움.	본인성적: A0
시험: 중간고사는 어떤 사람에 대한 제시문을 읽고 사인을 밝히는 문제 4개였음. 기말고사는 43문제를 시간내에 푸는 것이었는데 단답식, 복수선택 문제였음. 
과제: 과제는 2개가 있는데 첫 번째 과제는 미제 사건 3개를 조사하고 해결할 수 있다면 그 해결책을 제시하는 것이었음. 두 번째 과제는 법의학적 지식을 활용하여 소설, 수필 등을 작성하는 것. 
시험은 딱히 어렵다는 느낌은 없었고, 그냥 열심히 하면 에이제로 이상은 받을 수 있는 것 같음.	학점을 깐깐하게 준다는 인상은 못 받았음. 하는 만큼 나오는 것 같음. 개인적으로 기말보다는 중간이 좀 더 어려웠는데, 실제 부검에 사용되는 실용적인 지식 위주로 공부하면 고득점이 가능할 듯 보임. 본인은 중기과제 10장, 장기과제 10장 썼고 A+ 나왔음.	숨겨진 띵강임 살면서 언제 이런 내용을 배워보겠음	쉽게 배우기 힘든 분야를 배우는만큼 매우 흥미로운 강의였음. 다만, 적나라한 시체 사진, 인체 내부 사진 등이 매 시간 나오기 때문에 꼭 오티를 들어보고 듣는 것을 추천! 못 보는 사람들이 들으면 한 학기 내내 고통받을 것 같다. 내용은 흥미로웠지만, 용어도 용어인데다 세세하게 외울 부분이 많았고, 시험을 한 번 봐서 그 양이 지대했기에 고통스러웠음. 그래도 정말 흥미로웠어서 개인적으로 대면으로 수업을 듣지 못한게 너무 아쉬웠음ㅠㅜ	법의학에 애정과 관심이 많은 사람으로서는 최고의 교양. 그러나 일반적으로는 우선 비위 약한 분들은 비추. 애초에 교재 자체가 한장 넘길때마다 시체 사진이나 부패된 시체 사진이 나오고 교수님 피피티에도 적나라하게 나오기 때문. 본인은 거부감 없어서 괜찮았지만 아닌 분들도 있을듯. 교수님 강의력은 좋으신 편인데 과제가 좀 ㅋㅋ 뜬금. 소설 쓰는 게 있어서 본인 문과인데 글쓰기 싫어해서 뒷목 잡음. 그래도 열심히 쓰니까 점수는 무난하게 주신 것 같고 양만 따지면 그렇게까지 부담은 아니라서 괜찮았음. 시험은 쉬움. 범위는 많지만 잘 외우면 시험은 굉장히 쉬운 편.	블랙보드를 잘 못다루시는 느낌이 없지는 않지만 명강은 명강입니다. 과목은 여전히 흥미로움. 코로나 1학기 전 범위를 기말 때 커버하여 힘들긴했지만 배워간건 있는 과목. 문과 암기킹 다 때려잡고 에이쁠 가져갑니다	중간과제가 뜬금없는 감이 있었습니다 (미제사건 3가지 조사 & 배운 법의학 내용으로 소설쓰기)  거기다 이메일로 내면 될걸 인쇄해서 우편으로 제출하라는 것 보고 원래 대면시험 보려던거 누가 반대해서 엿먹이려는건가 싶었어요.	강의가 매우 흡입력 있으며 차근차근 진행됩니다. 하지만 어느새 공부해야할 양이 눈덩이처럼 쌓입니다. 이 부분에 대한 인지와 노력만 있으시다면 교양으로서의 흥미를 느끼기엔 가장 적합한 수업이 될 것이라고 생각합니다.	교양이란 무엇인지 알게 해준 강의였습니다. 교수님도 너무 좋으시고 내용 자체도 흥미로워서 재미있게 공부했습니다	그냥 너무너무 어렵습니다만 교수님 배려로 학점은 잘 주는 편이네요	온라인 강의여서 너무 아쉬웠습니다
그래도 죽음 사인 자살 타살 인체구조에 대해 지식이 많이 생겨서 좋아요 죽음의 카테고리가 생긴 느낌

중간 대체 보고서는 우리나라 미제사건 3가지랑 시나리오 쓰는 거였는데 한 스무장은 써야 에이쁠 나오는듯
기말은 다들 쉽다고 일찍 나가던데 헷갈리는 문제 좀 있었는데 에제 받았어요	하..... 에이쁠 받기는 했는데 솔직히 너무 힘들었음
수업이 재밌는건 ㅇㅈ 근데 그걸 다 외울 생각하면 토나옴
과제도 이번에 코로나 때문에 
중간 대체한다고 오지게 양 많은거 내줘서 진짜 울면서 했음
(그냥 내가 글 쓰는게 오래걸려서 진짜 4일 나눠서 했어)
근데 중요한건 중간 대체라면서 3월부터 배운 내용을 한 번에
기말로 시험보더라...? 진짜 죽고 싶었음

더 짜증나는건 메일 답장 안해줬다는거
머리가 나뻐서 미리 복습하고 외워야 하는 성격이라
3월에 배운 내용들 혹시 기말고사 범위에 들어가는지 5월에 물어봤는데
근데 씹었어 ㄹㅇ 화났지만 기다렸지  안들어가겠지 라는 생각으로
.......하지만 기말고사 전범위더라고 몇개 빼고^^ 

솔직히 메일만 안씹었어도 5점 줄 수 있었어
힘들다는거 알고 수업들은거니까 
메일 씹고 기말고사 전범위인거 알고 진짜 욕 많이 했다
에이쁠 아니었으면 3점도 안줬어 ㅇㅇ	처음으로 듣고 싶어서 들어본 교양.
여러가지 사인을 배울 수 있었음.
사인을 배우다보면 내가 죽지 않고 살아있음에 감사함을 느낄 수도 있었음.
사인에 대한 실제 현장사진, 부검사진을 보고 각각의 사인에서 나타나는 현상, 증거들을 볼 수 있었음.
많은 안타까운 죽음이 발생하기에 그것에 대한 사인을 명확히 규명하는 것이 사건을 해결함에 있어서 얼마나 중요한지 배울 수 있었음.
이번 학기는 과제랑 시험이 다른 학기에 비해 적었음.
시험은 객관식이였고 대체적으로 쉬웠지만 까다로운 몇 문제가 있었음.
과제는 이전 학기 과제와 거의 같았음. 시나리오 미리미리 생각하면 조금 편할 것 같음.
처음 사진을 보면 힘들 수 있지만 괜찮아짐.	수업내용 알차고 강의력도 좋으세요
그리고 무엇보다 교수님이 진짜 재밌으세요
기말은 범위는 넓지만 쉬운 문제밖에 없었습니다
그래서 중간 과제가 성적을 가르지 않았을까 싶네요	대학 수업 다운 강의, 한 학기 동안 얻어가는 것이 정말 많은 강의!
매주 금요일 강의만 기다릴만큼 열심히 했다
흥미롭게 교수님 썰 듣다보면, 시험에서 그냥 생각나는 정도
본래는 시험 3번 과제 2번 으로 알고 있는데,
코로나 때문에 본래의 과제가 중간고사 대체 과제로 바뀌었고,
시험은 기말고사 한 번 봤음 
시험 난이도는 쉬운 수준 이었음(대신 범위가 진짜 많아서 벼락치기하려면 힘드니, 꾸준히 공부하시길)
과제는 미제 사건 레포트 3건정리 1개와 내인성 급사 총론과 시나리오 작성으로 총 2개가 중간 대체과제였음
본인은 레포트 23장 정도, 시나리오 6장인가 냈던 것 같음
시험은 20분안에 풀고 퇴장했고, 에이쁠 받아감
성적과 별개로 한번 다시 듣고 싶은 강의
온라인 강의가 아쉬운 수업은 처음이었다 
대만족 대추천 강의	외우는게 조금 많아서 힘들었지만 얻을게 많았던 수업입니다	내가 느낀 기초법의학 수업에 대한 느낌을 한 문장으로 표현하자면 "죽음으로 삶을 배우다"

문과지만 정말 재미있고 흥미롭게 들었습니다! 앞으로 제 몸에 이상징후가 생긴다면 늦지 않게 병원 가도록 하겠습니다! 감사합니다!	수업 내용이 많지만 남는게 많은강의에요 과제는 두개정도 있네요	신박한 교양.  교수님이 재밌으셔서 무서운 내용임에도 금방 적응이 됨. 시험 세번. 과제 두번(자기 신체를 대입한 혈중 알코올 농도 계산, 미제사건 3건 리포트, 형식자유). 시험은 객관식 및 서술형(길게는 안적고 잘못된 과학적 소견, 사후현상을 통한 사인규명 등 물음) 시험 전날만 공부했고 에이쁠. 굳이 책은 필요없는데 수업때 안놓치는게 엄청 중요함.	좋은 수업이었습니다. 교수님 썰 푸시는 게 정말 재미있었고 강의력이 워낙 좋으셔서 법의학에 관심만 있다면 한 번쯤 꼭 듣는 것을 추천합니다.	교수님의 지식과 경험, 훌륭한 강의력이 어우러진 최고의 강의였다.

문과 학생이지만, 법의학에 관심이 많고 어렸을 때부터 법의관 분들을 동경해 꼭 듣고 싶었던 강의였다. 기초법의학은 한양대 명강의 중 하나로 꼽히는데, 정말 최고라고 말하고 싶다. 피피티에 있는 사진들과 함께 자신의 경험을 예시로 들어 설명해주시기 때문에 이해도 너무나 잘되고 워낙 강의력이 좋으셔서 귀에 쏙쏙 박힌다. 그리고 그 예시들이 흥미로워서 시험공부를 하려고 피피티를 펼치면 바로 생각이 날 정도다. 

시험은 3번으로 교양치고 매우 빡센 편이다. 그리고 피피티를 사진까지 통으로 암기해야하기 때문에 많은 부담이 갈 수 있다. 그러니 전공으로 바쁠 때는 듣지 않기를 바란다. 장난이 아니라 진심으로 힘들고, 다들 정말 열심히 공부하기 때문에 웬만큼 공부해서는 좋은 점수 받기 힘들다. 그리고 시험 끝날 때마다 점수를 보여주시는데...점수가 정말 오밀조밀 모여있어서 상위권 다툼이 치열하다,,, 

과제는 기습(?)과제 1개와 장기 과제 1개가 있다. 기습 과제는 수업시간 중에 갑자기 다음 주까지 혈중 알코올 농도 계산 공식을 찾아서  자신에게 대입시켜서 레포트 제출하라고 말씀하셨다. 교통관리공단이었나 거기 홈페이지에서 위드마크 공식 찾아서 대입하면 된다. 대신 그냥 위드마크 공식이 있고, 수정된 위드마크 공식 2개가 있으니 둘다 잘 기억해두기. 3차 시험에 나온다!!
두번째 장기 과제는 첫 수업때 말씀해주시는데 장기 미제사건 3건을 분석하는 레포트를 작성하는 것이다. 사건 개요/분석/해결책 등을 작성하면 된다. 근데 이거 꽤 힘드니까 꼭 미리미리 해두시길..그것이 알고싶다에 나오는 미제 살인사건들 정주행하는거 추천. 

나는 적당히 복습하고 시험 전 날에 빡공했더니 1,2차 시험은 10~13등정도 하고 3차를 조금 잘봐서 에제가 나왔다. 에이쁠 나오려면 틈틈히 복습하고 공부해야할듯! 

김원규 교수님 정말 유쾌하시고 저번에 과잠입고 오셨을때 빵터졌는데ㅋㅋㅋㅋ 

한양대생이라면 조금 여유로울 때 꼭 한번 이 수업 들어봤으면 한다. 잊지 못할듯ㅎㅎ	일단 교양인데 3차 시험인 게 부담스럽지만..ㅋㅋㅋㅋㅋㅋ 정말 재밌었어용 뭔지도 모르고 들었다가 드라마에서 수술하는 장면도 못 보는 사람인데 한 학기 동안 시체 사진 보고ㅜㅜㅜ 처음엔 너무 무서웠지만 사람이란 게 적응의 동물인가봅니다ㅎㅎㅋㅋㅋㅋ 결론은 제 인생 교양이라 항상 추천하고 다닙니다~!~! 내용도 흥미롭고 재밌고 교수님 설명 가끔 졸리긴 하지만,,ㅎㅎ 말투나 농담하시는 거 유쾌하세요ㅋㅋㅋㅋ

출결: 전자출결인데 가끔 호명하십니당
시험: 3번 보는데 첫번째는 서술형도 나와용 사인 판정하는 문제 나옵니당 사인 판정은 정해진 답은 없는 것 같고 본인 생각 적으면 되는 것 같아요! 
공부: 수업을 잘 들어야 돼요!! 안 그러면 양이 많아서 못 따라 갑니다,, 수업때 교수님이 설명하신 것, 강조하신 것, 예시 들어주신 것만 잘 공부하면 되구, 사진도 같이 봐야 해요~~ 사진도 문제에 나와용
느낀점: 의대 공부 정말 많다..ㅋㅋㅋㅋㅋ 성적도 에이쁠 받고 유익한 내용도 얻고 정말 좋았어요!!	4학년 2학기 졸업 전에 들은 마지막 교양인데 지금까지 들은 교양 중에 최고 입니다. 다만 시험 3번의 압박과 3번을 치는데도 불구하고 시험  한 번 한 번의 공부량이 꽤 많습니다. 오전반 오후반이 있는데, 늘 그런지는 모르겠지만 교수님 피셜로는 오전반이 성적이 많이 좋다고 합니다.	다른 미사여구 필요없이 저에게는 그냥 인생교양이었습니다! 아무리 피곤한 날이더라도 이 교양이 았는 날만큼은 단 한 번도 졸지 않고 집중해서 들었을만큼 저에게는 정말 재밌었어요!! 시험은 세 번 보는데, 어떻게 보면 부담을 느끼실 수 있지만 방대한 양을 나눠서 보는게 낫다고 생각합니다. 전 오후 반 들었는데 마지막 시험은 종강 날이어서 성적 확인은 못 했지만 1차는 상위권, 2차는 1-2등이었고 3차는 난이도가 상대적으로 쉬웠으므로 다들 성적이 좋으실 거라 생각합니다!! 교수님께서 유쾌하시고 썰도 재밌게 풀어주시는데 듣다보면 화가 치밀어 오르는 일도 많고, 저도 모르게 이야기 속으로 빨려들어갈 만큼 흡입력이 좋았습니다!! 졸업 전에 꼭 들어보시길 추천합니다	시험은 총 세 번. 시험 보고 다음주나 다다음주쯤에 성적 알려주니까 자기 위치 알기 좋음.
과제가 두 번 나왔는데 하나는 혈중알콜농도 관련한 거, 그리고 기말때 내는 게 미제사건 3건에 대해 조사하는 거. 꽤 비중이 있던 거로 기억함. 시험 한 번 정도였던가 합쳐서.
과목 자체가 꽤 특이한 과목이라 흥미있는 주제라면 재밌게 들을 수 있을 거고 아니라면 듣기 힘들 것 같음. 부검하면서 찍은 사진들 여기저기서 막 튀어나오는데 그런 거 못 보는 사람이라면(두개골 열었을 때 뇌 들어있는 사진이라던지, 목매단 시체라던지, 동맥이 완전히 잘릴만큼 심하게 베인 사진이라단지) 절대로 수강하지 말 것. 암기할 내용은 교양치고 많은 편이긴 한데 나올만한 문제 위주로 나오는 편임.	교수님 강의력도 좋으시고 강의 내용 자체가 흥미로워서 관심 있으신 분들은 들어보는 걸 추천해요! 1차 시험 중상위권, 2차 시험 상위권, 3차는 잘보지는 못한 것 같은데 어려워서 중상위권에 들긴 했을 것 같고, 혈중알코올농도 계산 레포트 1장, 미제사건 3건 분석 레포트 7장(표지, 참고문헌 분량 포함) 썼는데 아슬아슬하게 에이쁠 나왔네요! 학점을 퍼주시는 건 아닌 것 같지만, 워낙 유익한 강의니 한번쯤 들어보세요!	인생 교양입니다!! 교수님 강의력 최고여서 정말 흥미롭게 들었습니다!! 시험도 크게 부담없어서 평소에 수업 열심히 들었으면 충분히 점수 잘 받을 수 있습니다~~!! 다들 열심히해서 좀 빡셀 수 있긴 하지만 그걸 다 떠나서 꼭 한번 들어야 하는 교양입니다	교수님 친절하고 썰푸시는게 너무 재밌음
수업은 재밌으나 시험은 어려운 편	경금대생 학점 똥싸고 갑니다.
암기 좋아하는 사람만 들을것	법의학에 관심있으시다면 무조건 들으세요!
교수님 꿀귀 매력 폭발입니다 ㅎㅎㅎ	시험은 총 3번. 첫번째 시험은 정말 어려웠지만 2,3번째 시험은 무난하게 쉬웠어요 수업 정말 재밌게 들었는데 공부하기는 힘들었어요ㅠㅠ 과제는 미제사건 분석하는 레포트 있었구요 저는 표자포함 7장 썼어요 :) 1차시험을 좀 망해서 가대 안 하고 있었는데 에이플 받았네요!! 교수님 사랑합니다♥️	들으면서 정말 새로운 내용도 많고 사례 같은 거 얘기해주셔서 재밌게 잘 들은 수업 하지만 시험은 생각보다 쉽지 않음. 과제는 완전범죄 시나리오 작성하는 거였음	법의학에 정말 관심이 있는 분에게는 괜찮은 수업이고 추천합니다. 하지만 학점따기에는 별로 안 좋아요.	갠적으로 흥미가 있어서 들었는데 관심있는 분야다보니 재미있었습니다. 다만 시험을 보려고 공부를 하다보면 해부학인지 법의학인지 헷갈릴정도로 어려운 부분들도 있습니다. 이과 문과 상관 전혀 없을거같고 오히려 외우는거 잘하시는 분이 유리합니다. 과제는 소설 쓰는것 빼고는 어렵지 않지만 소설이 꽤나 힘들었습니다.
나름 ABC 비율은 잘 맞춰주시는듯 하지만 +로 채워주시지는 않습니다. 
교수님이 말씀을 잘 하셔서 수업 자체는 재미있고 어렵지 않아요. 이런 분야에 관심있는 분들은 한번쯤 들어보는거 추천합니다.	교수님의 강의력은 한양대 3대 명강의로 꼽아도 손색이 없습니다. 그만큼 재밌고, 내용도 알찹니다. 말씀대로 시체 사진이 강의의 주를 이루는 한 요소이기 때문에, 이런 측면에 민감하시거나 거부감이 있으신 분은 참고 듣는 걸 추천드립니다. 시험은 3회로 많은 편이나, 오히려 3회로 나누지 않았으면 양적으로 부담이 크고, 다른 시험들과 겹치면서 더더욱 부담이 커졌을 것으로 생각됩니다. 팀플이 없다는 점은 장점이나, 과제가 2회로 비교적 많은 편에 속하고, 더더군다나 완전범죄 시나리오 쓰기는 흥미롭기는 하나 시간 투자가 필요하다는 점에서 안타까움이 있습니다. 저는 오후반 1차 시험 37점 2차 시험 40점을 받고 3차 시험은 만점을 받았을 거라 예상합니다. 평가점수는 94점에 최종점수는 100점을 받았습니다. 에타에도 난리난 듯이 에이쁠을 굉장히 박하게 주시는 것 같습니다. 개인적으로 객관식으로만 이루어진 3차 시험은 굉장히 쉬워서 3분만에 풀고 뛰쳐나갔고, 1 차 시험은 평이했으며, 2차 시험은 어려웠다고 생각합니다. 객관식 문제에만도 애매모호한 문제가 3~4개는 됐던 것 같습니다. 애매모호하다는 게 문제 자체가 어려운 건 아니고, 교수님이 문제를 만드실 때 다른 방향으로 생각할 여지를 의도치 않게 남기신 것 같습니다.  주관식은 1, 2차 모두 어려웠던 것 같습니다. 혼동되는 부분이 많았습니다. 예컨대 2차 시험에서 다른 모든 증거들은 사후투수를 가리키고 있었는데, 시체에서 '접형동내 익수'가 발견되어 전형적 익사로 오인할 수 있었다고 봅니다. 교수님께서 접형동내 익수는 생전에 물에 빠져서 호흡을 못하다가 한 순간 들이 쉬면 물이 코를 통해 강한 압력으로 들어와 뇌의 한 부분인 접형동내에 생긴다고 수업시간에 말씀하셨습니다. 그래서 저는 접형동내 익수는 본래 생전에 물에 빠졌을 때만 생겨야 하는데, 물에 있다보면 사후에도 접형동내에 물이 고일 가능성이 있다고 처리하였습니다. 이런 식으로 서술형에서 이것저것 감별해 낼 것이 많기 때문에 꼼꼼하게 공부할 필요성이 있다고 봅니다. PPT가 친절하지 못하기 때문에, 교수님의 강의를 잘 들으셔야 하고, 교과서를 통해 보완도 해야한다고 봅니다. 하지만 교과서를 꼭 살 필요는 없고, 구글링 하면 교과서를 비롯해서 자료들이 많이 나옵니다. 18학년도 2학기 이 수업 덕분에 금요일이 즐거웠던 것 같습니다. 혹시나 여러분들이 교양 선택을 위해 에브리타임을 탐문 중이시라면, 반드시 이 교양 놓치지 마십시오.	재밌었음. 시체사진 못본다면 비추함. 적응하는데 시간 꽤 걸림. 그래도 진짜 흥미로운 수업. 추천함.	출석 전자출석 입니다

과제 
사후경과시간추정리포트,  완전범죄소설 두 개 있습니다. 저는 도저히 소설을 어떻게 써야할 지 모르겠더라구요. 리포트가 제일 어려웠습니다

시험
세 번 봅니다. 강펑 보면 다 쉬워요~~어쩌고 하는데 정작 만점은 그리 많지 않습니다.  시험성적 공개 안한다고 들었는데 이번에는 특이하게 1,  2차 점수를 알려주셨어요. 물론 두 회차 전부 만점자는 없었습니다. 시험은 객관식에 단답형,  그리고 본문을 읽고 비과학적인 것을 쓰시오 또는 본문을 읽고 사인을 판정하시오 같은 약술이 있습니다. 프린트 꼼꼼히 봐야합니다. 다만 학생들 간 점수 차이는 세세합니다. 쁠을 노린다면 과제에서 갈릴 수 있습니다. 비율은 맞춰주시나 에쁠은 한 10퍼(5등 정도) 내로 들어야 주시는 것 같습니다.  

수업
정말 재미있습니다. 법의학 과목 자체가 흥미로우며 법의학자가 많지 않아 어디가서 듣기도 힘듭니다. 내용은 각종 사인과 그 사인의 발생기전,  특징등을 배웁니다. 무거운 내용인듯해도 교수님이 너무 잘 가르치시고 재미있어서 내내 유쾌했습니다. 흥미가 있다면 들어도 좋은 과목입니다. 

강의를 다 들었다면 포탈에서 교수님을 검색하여 젊은 시절 교수님 사진을 보는 것 추천합니다.	학점은 굉장히 힘들어요. 에제까지는 열심히하면되는데 에이쁠은 거의 전공수준으로 공부해야하고 필기도 다 해야해요. 시험문제는 객관식은 풀만하고 서술형이 진짜 어려워요. 사인을 말하고 비과학적인 부분을 지적해라인데 진짜 헬...근데 이것도 수업시간에 교수님이 실제케이스로 말씀해주신 내용이긴해요.. 그래도 교수님 웃기고 강의력도 좋으시고 솔직히 죽음에 대해 많이 생각하게 했던 강의였습니다.  사진 못보시는분들은 비추해요. 저는 급하게잡은거라 시험공부할때 무서워서 카페에서했습니다..ㅠ	교수님은 너무 좋고 스윗하신 분이셨지만 학점따기 힘든 강의입니다. 그렇게 추천하고싶진 않네요.	1학기에 대충하고 C+ 받아서 재수강했습니다! 강의력 정말 좋으시고 수업 내용도 흥미진진해요~! ^ㅁ^ 시험은 교수님이 강조하신 부분 잘 외우면 잘 볼 수 있어요! 객관식+서술형 섞여나오는데 그렇게 어렵지는 않습니다! A 비율이 30%니까 꽤 많이 받을 수 있어요 !! 출석마감이 빠르니까 빨리빨리 가세요ㅠㅠ 저는 시험 2번은 열심히 공부하고 1번은 벼락치기, 과제는 적당히 해서 내서 이번에 A0 받았습니다!	의대생들의 수준과 공부를 간접적으로 경험할 수 있음. 그런 지식들을 교양강좌 답게 쉽게 풀어서 설명하시는 교수님이 존경스러울 따름. 교수님이 부검하신 케이스들을 알려주시는데 흥미진진함ㅋㅋ ppt는 교재 기반으로 제작된 거라 교재를 구매할 필요는 없음. 강의시간에 ppt에는 없지만 특이 케이스로 언급한 내용이라던가 두 번 이상 짚고 넘어간 내용들은 100% 시험에 나온다고 보면 됨. 그래서 수업을 집중해서 잘 들었으면 시험이 그렇게 부담스럽게 느껴지지 않음. 서술형 문제는 주저하지 말고 '법의학적 근거에 맞게 소신있게' 쓴다면 점수를 매우 잘 주심.	좋은 강의였습니다..!! 
시험은 3번에 
과제는 총 두개! 사후경과시간 추정레포트, 완전범죄 시나리오 쓰기 였습니다.
시험은 3번으로 나뉘어져있어서그런지 생각보다 부담이 작았어용 근데 확실이 아예모르던내용이라 공부할때 약간 힘들긴했어요.. 근데 완전 신기신기하고 재밌는 내용들이었습니당!!
교수님 사람자체도 짱 좋으시고 수업도 쿨하게 빨리마쳐주시는날들도 많구 강의력도 진짜 짱짱입니당 bb  
시험문제...는.. 쪼금 공부한거랑은 다른느낌이었어요 수업을 진짜 집중해서 잘듣고 필기하는게 중요해요..ㅠㅠ
전 이 교수님이 하시는 교양 해부학?이 열리면 또 들을 생각입니다!  
조금만 더 열심히할걸..ㅠㅠ 성적은 비쁠이었어용	배울게  많은 강의 좋았음
 시험3번으로 
어느정도 암기력이 필요함
시나리오 레포트는 없어도 될듯해서 -1점	내가 멍청해서 잘 못알아쳐먹은거지 교수님 설명 진짜 잘 해주신다.  교재도 실제 법의학 교재라 실제 의학계열 강의랑 거의 동일하게 진행해주시고. 들으면 이로울 게 많다.	킹원규 갓원규
내가 csi 열번이상은 봤다 법의학 관심이 많다하면 거의 필수교양입니다
전공지식보다 얻어가는게 많음 호롤롤로
시험은 세번이라 부담스러울수있는데 이거 한꺼번에 보면 양 장난아니라 나눠보는것같음
과제는 두번주시는데 기말과제가 좀 까다로움
그래서 아직 안했는데 뭐 어떻게 써야할지 고민중...
암튼 추천하는 교양!	법의학 제대로 배우고 싶으면 무조건 들어. 
나는 법의학자가 꿈이었어서 들었는데 꽤 좋았어.
다만 과제가 진짜 짜증나. 
완전범죄하는 범인 혹은 이를 파헤치려는 경찰이 되어서 시나리오나 소설을 써오라는데
수업시간에는 법의학 중에서도 다분히 의학적인 요소만 배우거든?
그런데 완전범죄 가능하려면 살인방법보다는 cctv나 기타 상황에 더 의존해야 하잖아?
수업과 상관이 그닥 없는데 이걸 고집하셔.

국과수에서 부검을 하신 경험이 있으셔서인지
사례를 많이 말씀해주시는데 신기하고 이해하기도 좋았어.

다만 시험문제가 너~~~~어무 쉬운데다가 
법의학 관심있던 애들이 강의를 들어서 
학점 따기는 어려울 것으로 보인다. 

교수님이 육성으로 말씀하시는데 
늘어지는 말투이시고 톤이 높지 않다보니
끝에 앉으면 집중하기 힘들지도 몰라. 그러니 앞쪽에 앉길 바라.

시험은 총 3번 봐. 
근데 이게 나은거 같아. 
시험 범위에 대한 부담이 확실히 적거든. 

나는 완전범죄 시나리오만 없었어도 별 4개 줬을텐데 
이거때문에 3개로 깎았어.	법의학에 관심이 많은 사람이면 한번쯤 들어볼만하다
하지만 과제 두번에 시험이 세번이라 부담스럽다 
그리고 시험도 엄청 꼼꼼하게 나온다.
그래도 축제한다고 빼주시고 마지막에 동영상도 한번보여주신다 
다른데서 배울수 없는 과목이기도 하고 외우기가 자신있으면 한번쯤 들어볼만하다	교수님 이 부검오랫동안 해오신 분이라 생생한 예화로 재미있고 어렵지 않은 수업이었습니다. 쉬운데 알찬 수업이라 나중에 관련서적 읽는데도 어렵지 않을정도로 배경지식이 쌓이더라고요 과제는  사후경과시간 추정 레포트랑 완전범죄소설 쓰기였는데  조금 부담스럽기는 하지만 관심있으면 재미있게  할 수 있을것입니다 교수님 짱짱 좋아요 굿럭입니다 저는 에이플 맞았습니다 시험도 강의 성실하게 듣고 잘외우면 어렵지 않고요	수업 정말 흥미롭고 재미있습니다. 시험도 그다지 안 어려워서 시험 부담도 적어요. 과제는 사후시간경과 측정방법 레포트랑  범죄 시나리오 작성이 있는데 둘다 부담은 약간되도 재밌습니다. 다만 비위약하시거나 적성에 안맞으면 많이 힘들수있어요. 전  에제 받았습니당	교수님 수업 정말 재밌고 이해하기 쉽게 설명도 해주시고 중간중간 법의학 관련된 경험담이나 참고자료 보여주셔서 수업 시간 내내 한번도 존 적이 없어요. 매 시간이 알차요! 다만 레포트나 시나리오가 분량 자유라 조금 부담이 있었고 시험이 3번인 거 ..? 그래도 이번학기에는 축제 때 놀으라고 휴강도 해주시고 시험 끝나고 수업 안 하고  그것이 알고싶다 만 봤는데 교수님 나오시고 ㅋㅋㅋㅋ 법의학쪽 관심있으시면 정말 들을만 한 거 같아요! ㅎㅎ	시나리오 쓰는 거 어려웠습니다 .. 레포트 한 번 있고 시험은 세 번 봤습니다 그래도 재밌고 들을 가치 있는 강의입니다 관심있으면 꼭 들어보세요 배우는 게 많습니다	수업은 정말 듣길 잘했다라고 생각될 정도로 재밌어요. 교수님 수업도 굉장히 재밌어서 지루할 틈이 없어요. 솔직히 내용 자체가 이과생들도 생소한 법의학 내용이라서 문과생이 들어도 큰 부담은 없을거라고 생각돼요. 근데 시험이 3번이어서 조금 부담스러운 면이 있고. 거기에 완전범죄 시나리오 쓰는 게  두 번이나 있어서 시험 면에서는 많이 시간이 소모돼요. 그래도 글도 못쓰고 법의학 지식 1도 없는 저도 에제 맞았으니까 여러분도 할 수 있습니다.	개인적으로는 듣길 너무 잘한 듯
교수님 되게 좋으시고 강의 들을 때 정신 없이 필기해야 하긴 하지만
 법의학 소재 자체가 은근히 실용적이고 재밌게 느껴짐
과제는 완전 범죄 시나리오 쓰는거 두 번 있는데 좀 머리 아프긴 해도 그것도 나름 좋고.. 남는게 많았던 강의
다만 단점이 있다면 교수님께서 시험 성적이나 과제 평가를 안알려주셔서 최종 성적 예상이 안된다는거..
학점 따기 어렵게 느껴질 수 있는데 완.전. 문과 전공 저도 열심히 해서 에이쁠 받은거 보면 충분히 가능!!	우선 시험을 3번 봅니다. 처음에는 시험기간 아닐때 공부하고 준비해야해서  솔직히 불만이었는데 다시 생각해보니 분량이 많아 시험을 두번만 봤다면  다 외우지 못할거 같습니다. 시험문제는 공부한다면 그렇게 어렵지 않습니다. 헷갈리는 문제들이 있긴 한데 그건 제가 완벽하게 하지 못해서 그런거라 생각합니다. 객관식 문제가 한 세쪽 분량으로 나오고 마지막 문제는 과학적으로 옳지 않은 부분을 직접 쓰는 서술형 문제입니다. 이 문제는 교수님께서 학생들의 수준에 따라 점수를 부여할지 말지 정한다고 하셨었는데 사실 저는 제가 뭐라 썼었는지도 기억이 나지 않습니다..ㅎ 과제는 두번이었는데 두번다 시나리오를 쓰는 것입니다. 교수님은 재미있으시고 간혹 자신의 경험담들을 들려주셔서 수업은 즐거웠습니다. 현장의 생생한 자료를 볼 수 있다는 점 또한 흔치않은 기회였습니다. 이 분야에 관심은 있는데 자신이 없어서 고민하고 있다는 분들은 들어도 후회하지 않으실겁니다. 제가 그랬었는데 막상 듣고보니 다른 법의학 강의가 있다면 또 듣고 싶어지더군요. 열심히 한다면 그만한 점수를 얻을 수 있는 강의입니다!	시험 세번봄. 나같은 과학 문외한은 정말 어려움. 하지만 수업 자체는 굉장히 재밌음. 교수님 목소리가 조금 졸릴 수도 있는데 수업이 재밌어서 잔 적 한번도 없고 자는 사람도 없음ㅋㅋㅋㅋㅋㅋㅋ 다들 공부 빡세게 함. 
저 아래 강의평 중에 csi좋아하는 사람은 좋아할 수업이라는 평보고 들었는데 재밌긴한데 학점이 안재밌음. 시험 세번보는데 거의 한두개 틀려야 비쁠 넘는 듯. 과제도 두번인데 완전범죄시나리오 쓰는 거. 다 읽어보심. 
굉장히 어렵고 진짜 의대시험같이 나옴....... 학점 생각하시면 듣지마시길. 출석은 정각에 칼같이 부르심. 수업자체는 재밌으니... 알아서 선택하시길	생명과애들이 쓸데없이 많아서 경쟁은 치열하지만 수업자체는 재밌어서 들을만한 수업인것 같음	일단 평소에 csi 같은 드라마 좋아하시는 분들은 무조건 재밌게 들으실 수 있어요 저는 생명쪽 전공이라  배우는게 겹쳐서 공부하는 데에도 별 무리는 없었고 퀴즈는 총 3번치는데 수업때 잘 듣고 좀만 복습하면 다맞거나 한두개 헷갈리는 정도 수준으로 매우 쉬워요. 그렇게 꼼꼼한 문제는 안내시는
 스타일. 과제는 한번 완전범죄 시나리오 작성하는 거있었고, 레포트 하나 있었는데 그냥 하는 거에 의의를 두시는거 같애요. 전 첫번째 퀴즈때 두개, 두번째 때는 다맞고 마지막퀴즈 때 두세개 틀린 것 같은데 에쁠 받은거로봐선 학점따기에도 쉬운거같애요 마지막 시간에는 국과수 다니시는 분 초청해서 국과수에 대한 얘기도 듣고, 해부학실습실도 견학해보는 시간가집니다. 교수님 강의는 톤도 낮고 졸릴 수 도 있는 톤인데도 재미있고 집중잘되서 좋아요. 개인적으로 매우추천드려요 친구들한테 다 추천하고 다니는 강의입니다.	교수님이 굉장히 좋으시고 수업도 나름 재미있게 들었지만, 시험 준비에 있어서 조금 부담을 느낌. 학점도 자연대 학생들이 많아서 따기 어렵지만, 평소 관심이 있다면 흥미있게 들을 수 있는 과목이라고 생각함.	교수님이 전공이 아니라 교양으로 법의학을 개설하신건 이번학기가 처음. 그래서 과제에도 다양한 시도를 해보셨음.  첫학기 피드백을 가지고 다음 학기에는 이런저런 변동이 있지 않을까 생각하기 때문에 들을 생각이라면 강평 참고뿐만 아니라 오티때 질문하는게  안전할 것 같다. 같은 의과대 해부학과에서 나온 뇌과학 교양의 경우 여러번의 학기를 거쳐서 초반보다 난이도가 쉬워지고 분량이 조절되었다. 

과제 두번과 퀴즈가 있었고 사람들이 그에 대해서 불만이 많은 것 같은데 퀴즈는 중간 기말 시험을 잘게 나눠서  시험을 여러번 보는 것으로 이게 없었다면 중간 기말 시험 범위 분량이 막대해서 교양 시험공부에 깔려 포압사 했을 것.  이전 시험본 범위는 다음 시험 범위에서 빠집니다. 게다가 거의 대부분 객관식이고 30분 안에 다풀수 있는 문제다. 

과제는 총 두번이었고 형식과 분량에 대해서 굉장히 관대하고 자유로우시다. 과제 제출 기간도 아주 길다. 거진 몇주에서 한달 정도 미리 고지한다. 결국 점수가 갈리는 것은 형식이 아니라 학생들끼리의 경쟁.  얼마나 열심히 해서 내느냐가 과제에 그대로 드러나니까. 조사 레포트 하나와 시나리오 하나가 과제로 나왔다. 

자연대는 시나리오에서 문과가 유리하지 않냐, 문과대학은 자연대는 많으면 경쟁 빡세지 않냐 하고 양쪽에서 하소연 하는 걸 들은적이 있는데 개인적인 의견으로는 법의학 과목은 딱히 수업 듣는데 과학적 선행지식을 요구하지도 않고 시나리오 작성에 문학적 감수성이 뛰어나야하는 것도 아니다. 그냥 잘 배웠는지 보시는 것 같다. 이 과목에서는 의대가 아니라면 학과를 타는게 아니라 취향을 탄다. 

수업은 무척 흥미롭다. 죽음을 전제로 하는 수업이라 교수님이 이걸 '재밌게' 가르칠 수는 없을 것 같다고 생각했었는데 편협한 생각이었다. 죽은자에 대한 존중을 하면서 동시에  법의관이나 수사에 대한 사례나 경험 이야기들로 충분히 재밌게 수업을 하신다. 뇌랑 심혈관계 손상 조심하고 건강 조심하고 오래오래 살아야겠다는 생각이랑 법과학이 사람을 살릴 수는 없어도 적어도 죽은 사람을 억울하게 만들지는 않게 하기 위해 필요하고 또 간절하겠구나라는 생각이 수업 듣다보면 생긴다. 

뇌과학이나 해부학 교양처럼 법의학 수업도 해부학 실습실에 방문한 적이 한번 있다. 다음학기 수업에도 갈지는 모르겠다.	강의 내용 자체는 재미도 있고 유익하다. 그러나 교양 과목임에도 불구하고 시나리오 과제라던가 퀴즈 준비하는 데 시간이 많이 들고 학점도 깐깐하다	수업은  참 유익하고 좋은데, 학점이 좀 깐깐함. 자연대 친구들이 많이 들어서 경쟁이 쫌 빡셈재밌어요 ㅋㅋㅋ 근데 사람 죽은 거 배우는 건데 웃어도 되나 싶음 ㅋㅋㅋㅋㅋ 그래도 교수님 너무 재밌으시고 깅의평에서 겁주는 것보단 덜 힘드네요	매우매우 재밌게 들었습니다. 법의학에 조금이라도 관심 있으시다면 재밌으실 거에요. 그런데 과제나 시험이 힘든 편이라 열심히 하셔야 합니다. 수업시간에 교수님 말씀 필기는 필수입니다.	재밌습니다. 하지만 어느정도 각오하고 신청하길 바랍니다.	시험이 진짜 너무나므너므 어려워요
다 달달 외워야합니다
의대생들에게 익숙하싱듯	시체 사진에 거부감이 있다면 처음에 힘들 수 있지만, 내용 자체가 이해하기 어렵진 않다.	재밌지만

굉장히 배움에서 목표성이 없고

시험에관해 자세히 알려주시지 않는다	교수님 유쾌하시고 좋으시고, 수업도 재미있어요! 평소 생명과학, 부검 등에 관심 있는 분들은 모두 흥미롭게 수업 들으실 것 같아요. 과제는 어렵다기보단 열심히 해야하는 것 같고, 시험은 암기할 양이 많아서 신경써서 공부해야해요. 그래도 쉽게 배울 수 없는 내용을 이렇게 수업을 통해서 알아갈 수 있어서 뜻깊은 수업이었습니다. 명강의입니다!	잔인한 사진만 잘 보신다면 흥미롭게 들을 수 있는 강의에요 1교시임에도 한 번도 졸거나 잠을 잔 적은 없을 정도로 교수님이 강의도 매우 잘 하십니다! 또 질문도 다 친절하게 받아주세요	학점을 짜게 주십니다. 배워가는건 정말 많다고 느끼고, 출석을 특히 신경쓰셔야 합니다. 지각도 체크하시기 때문에 늦지마세요! 과제는 2개, 시험도 2번 있습니다	수업은 그럭저럭 흥미있으면 재미있게 들을 수 있음. 학생들이 거의 대부분 열심히 해서 좋은 학점을 받기 위한 목적으로는 적합하지 않을 수 있음.
과제가 중간, 기말 두번 있는데 뭔가 설명이 부실해서 대충 알아서 8-10장 정도해서 제출. 
소설쓰기는 기말고사때 제출이라서 채점이 어떻게 되었는지 모르지만 중간때 제출한 레포트는 중간끝나고 다음주정도에 기말이랑 같이 점수 공개하주심	정말 강의력도 좋으시고 한번쯤 들어보면 정말좋은강의입니다. 다만학점을 챙기셔야하는 분이라몬 절대절대 들으시면 안됩니다 다들 열심히 하시고 시험문제도 어떻게 나올지도 모르고 공부량이 정말 많아야 좋은 점수 받습니다 시험도있는데 과제도 엄청 빡세요 그래도 열심히 할 자신있으면 추천합니다 쌩문과 열심히 해서 중간 평균등수였는데 기말로 엎어서 에이뿔 나왔습니당	대학 교양으로서는 정말 좋은 강의인데 좋은 성적 내긴 정말 어려웠습니다.. 중간때는 다 신유형으로 내서 기말도 그와 비슷하게 공부했는데 또 기말때는 다시 족보 스타일로 내셔서 아무튼 정말 힘들었어요
턱걸이 비쁠이긴한데 양 정말 많고 고인물들 많습니다 피하세요 그냥..	이번 학기부터 족보 때문에 시험 문제가 바뀌게 되었다. 바뀐 시험은 ppt를 다 암기하고 추론이 가능한 사람은 수업을 거의 듣지 않고 시험을 봐도 괜찮지만 진짜 수업을 열심히 듣고 공부해도 다들 열심히 하는 분위기라 학점을 받기 어렵다.	강의는 재밌었어요 수업듣고 그알 같은 거 보면 더 재밌어요 ㅋㅋ 출석체크는 매번 하시고 호명하실 때도 있고 전자출석 할 때도 있어서 9시 수업보단 오후 수업이 낫습니다. 과제는 두 번 있는데 분량이나 형식 제한이 없는데도 다른 분들은 다들 길게 써서 내더라구요. 전 모르고 1차 과제 때 짧게 써서 냈다가 과제점수 별로 못 받았습니다. 2차 과제는 기말 직전까지 별 다른 공지가 없으셨던 걸로 기억해서 있는지 몰랐다가 뒤늦게 말씀해주셔서 시험기간에 부랴부랴 썼습니다 님들은 미리 하세요. 교수님이 족보 때문에 중간시험을 새로 내셨는데 너무 어려웠어요 그에 비하면 기말은 엄청 평이하게 나와서 다음 학기 땐 어떨지 모르겠네요	수업은 재밌었고 시험은 어려웠어요
과제도 양이 많아서 미리미리 하셔야 합니다	교수님 되게 무뚝뚝해보이시는데 진짜 귀여우시고 유머러스하세요. 교양인데 시험 2번에 과제도 중간, 기말 두 번 시험 당일 제출이라 좀 빡세긴 합니다. 시험은 중간고사 진짜 어려웠고 기말고사는 괜찮았는데 그래도 외울게 정말 많아요. 또 과제 제출이 시험 당일이라 좀 힘들었어요ㅜ 근데 수업 내용 너무 재미있고 교수님께서 실제 부검사례를 굉장히 재미있고 구체적으로 설명해주셔서 너무 좋았습니다. 저도 비위가 좋은 편은 아닌데 시체 사진 보는 건 나중에 되니까 아무렇지도 않았어요.	한양대 명강의 중 하나라고 해서 꼭 들어야지 하고 들었는데 정말 명강의 맞음 전공 수업보다 얻어가는 게 많을 정도임
무엇보다 수업이 재미있음 범죄 이야기 좋아하면 추천추천임 
교수님도 너무 재미있으시고 성적도 이번에는 A+ 다 채워주신 듯
중간고사는 솔직히 말도 안되는 난이도였는데 기말고사는 좀만 꼼꼼히 공부하면 풀 수 있는 정도였음
과제는 중간 기말 총 두 번이고 쉽진 않은데 얼마나 정성을 들였냐로 평가하시는 것 같음 시험날에 과제를 내는 게 조금 부담일 수는 있음

다시 수강신청날로 돌아가도 1픽으로 잡을 정도로 후회 없는 교양 수업임	배우는 양이 없는 편이 아니고, 시험은 생각보다 지엽적으로 나오기 때문에 교양치고 할래해야할 시간이 많아서 강력 추천은 어렵습니다. 다만 재미는 있으니 재미 하나만 보고 갈거면 추천	강의력만을 보고 5점 남김. 교수님 꿀잼에 귀여우심. 명강의. 그리고 꼭 출석 잘 챙기세요. 최종점수에서 결석 2점 지각 1점 깎아버립니다... 본인은 최종점수에서 1점차이로 에쁠을 놓쳤는데, 결석 1번이나 지각 1번이 너무 아쉬웠음.	교수님 강의럭 정말 좋으시고 재밌으심
배워가는 건 많지만 그만큼 할 게 많음
과제 두개 시험 두개 솔직히 쉽지만은 않음
그래도 학점보단 과목 보고 들은 거라 후회는 없음	강의는 정말 재미있습니다. 그러나 학점은 교양치곤 잘 주는 편이 아니고, 암기량이 너무 많습니다. 시간이 정말 널널하신 분만 듣는 것을 추천드립니다	정말 명강의고 흥미로운 수업이지만 꿀교양은 아닙니다. 외울 내용도 많고 중간 기말 시험에 중간 기말 과제도 있어서 시험 준비와 과제를 병행해야돼서 쪼금 힘듭니다. 기말 과제는 항상 소설쓰기 인거 같으니까 미리하면 좀 더 괜찮을 거 같아요! 학점 보다는 꼭 들어보고싶은 강의여서 들었던거라 저는 기회가 된다면 꼭 한번 들어보시길 추천 드려요!	명강은 맞는데 꿀강은 전혀 아닙니다..! 외워야 할 것 진짜 많고 과제도 꽤 부담되는 수준이에요. 혈중알코올농도 계산, 뇌 동맥에 대한 리포트가 중간과제고 기말과제는 법의학 지식을 기반으로 한 소설 쓰기입니다. 과제 솔직히 엄청난 퀄리티로 낸 거 같진 않은데 높은 점수 받은 거 보면 얼마나 시간 들였는지, 정성이 있는지만 평가하시는 것 같아요. 시험은 정말 강의 교안 달달 외우셔야 막힘없이 풀 수 있어요. 중간이 진짜 어려웠는데 기말은 좀 쉽게 내주신듯.. 전공 공부 안 바쁠 때 듣는 거 추천합니다. 출석은 보통 전자출결 하시는데 두세번 직접 호명도 하셨어요!	왜 명강의라고 하는지 알 수 있는 수업이지만 과제가 꽤 부담되고 기본지식이 없으면 공부 시간도 생각보다 훨씬 많이 들여야 해서 전공으로도 바쁘신 분들은 여유 있을 때 들으세요	수업은 알차고 교수님도 좋으신데 시험은 전혀 좋지 않음 ㅠㅠ
용어도 낯설고 시험 유형도 너무 어려움...
암기에 자신있으면 추천	내용이 흥미롭고 교수님이 설명 잘 해주세요 ! 시험도 피피티 외우면 충분히 볼 수 있어요	과제가 2개인데 시험 두 번 있어서 살짝 힘들어요 특히 기말엔 시험범위가 더 어렵고 소설쓰기 과제까지 하려면 미리 하시는 게 좋을 것 같아요 대신 해부학 지식은 몰라도 되는 듯 합니다 중간 기말 항상 마지막 2문제 정도가 어려웠는데 못 맞혀도 학점엔 지장 없어요	원래 이쪽 분야의 지식이 있는 학생들이 많아 조금 힘들었습니다 다만 내용 자체는 흥미롭고 한번쯤 들어볼만 해요
저도 비위 강한 편인데 가면 갈수록 힘들었습니다 참고하세요	제가 원하던 대학 교양 과목이었습니다. 사인에 대해 알아가는게 재밌었고 교수님도 호감이셔서 잘 신청 한거같았어요. 공부량은 많긴 하지만 꼭 들어볼만한 강의라고 생각합니다 (실제 사진도 있어서 초반엔 징그러웠는데 보다보면 나중엔 절창 사진봐도 별 느낌 안들 정도로 익숙해져요!)	수업 재밌어요!! 시험도 생각보다 까다롭지 않았던 것  같아요! (A+은 없었던 걸로 기억합니다) 과제 2번이고, 개인적으로 시간이 오래 걸리긴했으나 어렵진 않았습니다! 추천해요!!	한양대 명강의라 해서 들어봤는데 역시나 최고인것같습니다! 후회없는 교양인듯해요	교수님 귀여우시고 강의력 엄청 좋으세요 이쪽 분야에 관심있으신 분들은 들으면 재밌어하실거에요 근데 ppt 양도 많고 진짜 다 외워야하는거라 공부량이 좀 돼요 강의 자체는 진짜 너무너무 좋아요	대학교 입학 이후에 가장 흥미있게 수강한 교양입니다
수업 분위기도 좋고 설명도 잘해주시고 교수님이 나름 귀여우심…	너무 재미있어요,,, 설명도 깔끔하고 접하기 어려운 내용도 쉽게 잘 정리해서 알려주십니다!!
수업 열심히 들으면 이틀 전에 처음 핀 벼락러로서 힘들었지만 잘 봤음!! 그치만 그러지 마세요,,,
교안에 없는 예시들 말로만 설명하실 때도 있는데 시험에 나옵니당
중급법의학은 안생기나요!?!	수업이 재밌다고 한번도 느껴본 적은 없지만...ㅠㅠ 성적은 잘 받았어요 사람들이 기말때 포기를 많이 하시나봐요 중간 망했는데 기말로 살렸습니다 
+완전 벼락치기는 비추천함니다... 적어도 하루 동안 공부 해야하는 것 같아요 또 소설 쓰기 과제는 짧게 써도 괜찮을 것 같습니다	한양대 명강의라고 자부할 수 있음 그래서 그런지 모든 사람이 다 열심히 하는 느낌	시험은 공부하면 엄청 어려운 수준도 아니고 객관식이어서 부담감이 좀 덜했습니다! 과제도 열심히만 쓰면 좋은 점수 주시는 것 같고요. 강의 자체도 엄청 흥미롭게 들었던 강의였습니다! 재미있어요! 이번에 들은 수업 중에 가장 흥미롭게 들어서 그런지 시험공부도 스트레스 안 받고 할 정도였네요 이 분야에 관심있는 학생들이라면 꼭 들어보길 추천합니다!	정말 최고의 강의입니다...갓원규...
법의학에 관심이 많다면 무조건 들으시길 바라요.
수업이 정말 흥미롭고 재밌어서 금요일 오전 9시 수업이지만 즐거운 마음으로 등교했어요.
중간 1등 중간과제 10장 기말 모름 기말 제 5장 해서 에쁠 받았습니다. 비위가 약하지 않은 저도 처음엔 당황했지만 점점 사진도 익숙해지고 괜찮았습니다. 교수님 말씀하시는게 웃기고 재밌어서 수업 분위기는 생각보다 무겁지 않아요. 진짜 명강의입니다...	한양대 들어오고난뒤 졸업 전 무조건 듣겠다고 다짐했던 수업이었어요!! 중간고사 기말고사 다 보고 중간 기말 과제도 있어서 조금 힘들긴하지만, 수업동안 재밌는 이야기도 많이 해주시고 사투리가 정겨워요ㅋㅋㅋ 자료만 보면 외울게 많지만 그렇다고 시험이 그렇게 어렵게 나오진 않는것 같습니다!!! 한학기동안 좋은 강의 듣고 보람차게 에이쁠 받아갑니다👍 그알 좋아하신다면 꼭 들어보세요!!	저는 개인적으로 법의학 듣고싶어서 교양 학점 다 채웠는데도 신청해서 수강했습니다. 과제를 열심히 하려다보니 생각보다 시간이 많이 필요해서 살짝 후회했지만, 기말 때 공부 열심히 한 만큼 에이쁠 받아갑니다~
내용은 굉장히 흥미로웠고 학생들 열의도 높은 수업이었어요. 저는 중간 시험 에제권 정도 나왔는데 기말 범위가 워낙 많다보니 열심히 하면 좋은 결과 얻어갈 수 있어요! 과제는 뇌사+알코올농도 레포트 20페이지, 법의학 소설 7페이지 썼습니다. 소설 점수가 더 비중 높은데 아마 분량보다는 글의 완결성이나 법의학 지식이 얼마나 들어갔는지를 보시는 것 같아요.
교수님이 출석 체크도 꼼꼼히 하시고 진도 정말 열심히 나가세요. 학점 받기 쉬운 교양은 절대 아닌데 관심 있으시다면 꼭 추천드립니다!	중간고사 1등
중간과제 9장
기말고사 ??-4,5개 틀린 것 같음
기말과제 9장
최종 a+ 나왔습니다
2학점 교양 치고 할 게 많긴 하지만 저는 수업 진짜 흥미롭게 들었습니다! 근데 소설쓰기가 진짜 막막했고 쁠 안채워주셔서 조금 조마조마 했습니다.. 그래도 시험이 가장 중요하니 정말 꼼꼼히 암기하시면 문제 없을 것 같습니다!!	에이쁠 받기는 그렇게 막 엄청 쉽진 않음 시험 다 맞는다 생각하고 외우고 아깝게 몇 개만 틀려야 안정권
과제도 대충하면 점수 생각보다 많이 깎아먹으니 열심히 하시길. 출결점수도 다른 수업에 비해 많이 깎으시는 편이니 출석은 다 하는게 좋음

근데 성적을 떠나서 수업 내용이 너무 재밌고 교수님 설명도 재밌음 교수님 너무너무너무 귀여우심 교수님이 다른 교양수업을 하신다면 그것도 찾아들을거임	강의력 좋으심 성적 상관없이 졸업 전에 꼭 듣고 싶었던 수업이라 너무 만족합니다. 소설쓰기 과제 날린 것 같아서 신경쓰였는데 시험이랑 출석 위주인 것 같아요. 시험도 내신형이 아니라서 수업 열심히 들었다면 오랜 시간 투자하지 않아도 이틀삼일이면 충분합니다	< 시험 >
중간 - 주관 4문제, 그 외 객관 / 기말 - 객관 40문제
* 이번 학기는 사진 문제 없었음
* 달달 이름 외우기 같은 건 잘 안 시키심

< 레포트 과제 >
중간 - 알코올 농도 계산 / 기말 - 법의학 이용한 소설

< 개인평 >
강의력이 좋으셔서 지루할 틈 없이 잘 들었습니다. 중간중간 곁들이시는 농담이나 사담도 좋았습니다. 사진은 좀 잔인하지만 정말 유익한 내용이 많으니 한번쯤 들어보시길 추천합니다. 레포트 분량 적어도 열심히 쓰고 시험 잘 보면 A+ 주시니 너무 스트레스 받으실 필요 없습니다.	에이쁠받았고
중간 레포트, 중간 시험
기말 레포트, 기말 시험
총 4번이고 출석점수가 꽤 크게들어가요
중간때는 뇌사랑 본인혈중알코올농도 계산하는 레포트고
깅살때는 법의학적지식에 기반한 소설쓰기에요

교안 피피티 대범주로 달달외우고,
수업시간에 교수님 말씀 열심히 들어야해요
녹음도 하나의 방법입니다
수업 재밌게하셔서 다 듣게되긴해요
외울양이쪼금많고, 저는 새벽에 혼자서는 공부못했어요
(사진 때메)
진짜 명강의입니다 관심있으시면 꼭들으세요
외울게많았지만 재밌어서 열심히했습니다!	총 2번의 시험, 2번의 과제가 있습니다
과제는 각 중간고사, 기말고사 시험날 제출합니다
중간과제는 뇌사 관련 리포트 + 음주측정 관련 계산입니다
기말과제는 법의학 지식을 활용한 소설쓰기 였습니다
중간고사는 객관식 + 단답식 + 서술형
기말고사는 40문제 모두 객관식으로 나왔습니다
PPT를 중심으로 교수님이 필기해주시는 내용 위주로 보면 됩니다
평소에 수업때 꼼꼼히 듣고 필기를 해두었고
시험은 2일, 중간과제는 3일, 기말과제는 1일 투자했습니다
지각과 결석이 생각보다 점수에 많이 들어가는것 같으니
9시 오전 수업의 경우 출석도 성적이 중요하게 작용한 것 같습니다
(출석 부르실때 보면 절반 정도만 만점이었고 나머지는 지각과 결석이 있었음)
평소 법의학에 관심이 많아 수업을 수강하게 되었는데
전반적인 지식에 대해 알게 되어 굉장히 잘 들었다고 생각합니다
하지만 부검 사진이 굉장히 적나라하게 나오니 못보시는 분들에게는 비추천합니다
교수님께서는 중간 중간 재미있는 농담도 하시고 강의력도 좋으십니다
교양이지만 열심히 하시는 분들이 많아서 좋은 성적을 받기 조금 어려울 수 있지만, 평소 법의학에 관심있던 분들에게는 적극 추천하고 싶습니다	법의학 관심있는 사람 강추합니다
오전수업을 이겨내고 재밌게 들었습니다
암기량은 생각보다 많아요
시험과 별개로 중간,기말 과제 있는데 크게 어렵지 않습니다	개인적으로 법의학에 관심이 있으면 추천하는 강의! 외울게 많아서 암기에 자신있는 분들이 들으면 좋을 거 같긴해요 ㅜㅜ	교양다운 교양입니다. 암기 잘하시는 분 추천입니다.	내용은 많았는데 유익한내용이 많고 재밌었습니다	대학에서의 강의가 아니면 들어볼 수 없는 내용이라 재밌게 들었습니다. 교양 과목 치고는 외울 분량이 적지 않아 이 부분이 걱정되시는 분은 피하시는 게 좋을 것 같습니다. 교수님 강의는 전형적인 혼자 이야기 하는 스타일이시고, 중간중간 개그를 하시는데 피식하게 됩니다. 
저는 공부를 열심히 안 해서 비쁠 받았습니다.	잔인한거 못보시면 추천 안하지만 그래도 그것이 알고싶다 같은 거 좋아하시면 꼭 들어보세요!	재밌어요!
의대 수업 해볼수있는 기회가ㅜ됐어요
잔인한 거 못보면 힘드러영	교수님 강의력도 좋으시고 내용도 알차고 중간중간에 교수님 경험담도 말씀해주셔서 흥미롭고 유익한 수업입니다. 다만 수업자료에 시체 사진 등이 나와있습니다
시험은 중간 기말 두 번 봤고 객관식과 주관식으로 되어있습니다. 과제도 중간과제 기말과제 두 번 있고, 중간과제는 레포트 작성, 기말과제는 소설쓰기였습니다.	경상도 사투리 진하게 쓰시는 교수님
교안에 시체 사진 적나라하게 나와있어서 비위 안좋으면 못들음 물론 난 아무렇지도 않았음
수업 매우 재밌고 교수님 꿀귀	교수님이 수업 굉장히 재미있게 하심 강의도 잘하심. 수업 도중에 교수님께서 부검의로 일하셨던 경험을 풀기도 하는데 그게 재미있기도 함. 근데 잔인한 피 사진 시체 사진 내부 사진 못 보시는 분은 추천하지 않음. 팀플 없어서 최고	처음에는 과목이 흥미로워 보여서 신청했으나 좀 사진자료가 구체적이어서 거부감이 들었습니다 하지만 적응은 꽤 빨리 되고 의대에서나 들을 법한 수업을 들어볼 수 있어서 좋았네용 성적도 잘주심!	교수님 강의력도 괜찮으시고 중간중간 직접 겪으셨던 썰 풀어주셔서 수업 시간이 정말 빨리감
사진 자료가 있어서 피나 시체 잘 못 보시는 분들은 비추,,
과제가 시험 당일에 제출해야 되는 거라 좀 빡세긴 하지만 많이 부담되진 않았음	비록 강의만 열심히 듣고 시험공부는 열심히 하지 않아 비제를 받았으나.... 저는 절대 이 수업 들은 거 후회하지 않습니다 피피티 자료에 쓰여 있는 용어가 어렵긴 하지만 교수님이 다 쉽게 설명해주시기 때문에 수업 시간에 피피티 보면서 필기해두면 수업 내용 이해하는 데에 전혀 어려움은 없을 것입니다 수업은 정말 흥미롭고 교수님 설명도 재밌고 귀여우시니 법의학에 관심 있고 비위 강하신 분들은..!! 들어보시는 걸 추천합니다 시험은 50문제 정도 나오는데 대부분 객관식이고 주관식 한 두 문제 섞여서 나와요 과제는 솔직히 귀찮기는 했지만 하루 이틀 투자하면 충분히 끝낼 수 있기 때문에 학기 중에 여러번 과제 있는 것 보다는 중간, 기말과제 딱 두 번인 게 낫다고 생각합니다	일단 학점 주시는게 너그러운 것 같지는 않아요. 중간고사 성적이 6등인가 7등이였고 기말도 그럭저럭 출결도 완벽했는데 A0 나왔습니다. 근데 애초에 이 수업 신청 하신 분들이라면 성적보다는 강의 자체에 더 의미를 두고 선택하시는 것 같아요. 저 또한 그랬구요. 강의력이 정말 좋으시고 사실 따지고 보면 내용이 어렵진 않습니다. 한문제 빼고 전부 객관식이라 시험부담도 크진 않았어요. 중간고사 때는 문제수가 꽤 됐었는데(아마 3장?) 기말 때는 한장 반 정도 였던 것 같습니다. 관심 있으시다면 꼭 들어보세요!	* 우선 이 수업은 피나 시체를 보기 어려운 사람에게는 추천하지 않는다는 말을 먼저 드립니다. 자료 사진 등이 매우 적나라하게 나타나기 때문에 비위 약한 사람은 공부하는 것 자체가 어려울 것입니다.

저는 시체쪽으로는 비위가 강해서 너무 재미있고 즐겁게 수업 들었습니다. 교수님 말투는 무뚝뚝하시지만 강의력이 좋으시고, 수업 중간중간에 공부와 관련된 교수님의 경험과 유쾌한 개그를 함께 해주시기 때문에 간간히 웃음 터트리며 들을 수 있었습니다.
수업에는 어려운 의학 용어가 많이 등장하긴 합니다. 그러나 교수님께서 대부분을 설명해주시고, 몰라도 인터넷을 찾아보면 잘 나와있기 때문에 걱정할 필요는 없습니다. PPT 내용으로 수업이 진행되기에 교재는 살 필요 없을 것 같습니다. 다만 수업이 PPT 내용에 교수님께서 말씀을 덧붙여가는 형식이기에 수업을 못들었다면 그 파트의 공부는 힘들어질 수 있습니다. 그만큼 교수님께서 수업시간에 설명해주시는 내용이 매우 중요합니다.
암기... 매우 중요합니다. 사망 종류와 사인, 신체 부위 이름... 암기가 없으면 시험을 전혀 볼 수 없기 때문에 외우기에 자신있는 사람이 들으면 좋은 과목입니다.
암기가 중요하다 말한 것처럼 시험이 매우 지엽적입니다. 온도, 시간 등 이런것도 나오나? 싶은 내용도 시험에 나옵니다. 그냥 모든 내용을 외운다고 생각해야 편할 것 같습니다. 그래도 50문항 중 47~48문항이 4지선다 객관식이기 때문에 심각하게 어렵지는 않습니다. 객관식을 제외하고 남은 2문항은 간단한 단답형 문항으로 누가봐도 중요해보이는 용어를 적거나, 수치를 계산하는 문제로 출제됩니다.
과제가 꽤 많습니다. 중간기말 시험을 전부 보는데, 과제까지 해야 하니 많이 부담스럽기도 합니다. 과제는 중간에는 '뇌사/벌레 사망시간 관련 레포트'를 써서 제출했고, 기말에는 '법의학을 활용한 소설'을 작성하였습니다. 중간 레포트는 많은 인터넷 검색과 논문 및 도서 활용이 중요한 활동이므로, 최대한 많은 내용을 담는 것이 좋습니다. 기말 소설은 대충해도 될 것 같아보이지만, 그건 함정입니다. 너무 대충 적거나 어디서 본 내용을 적으면 가차없이 감점되는 것 같습니다. 실제로 제가 수강했던 학기에는 소설을 대충 쓴 사람이 많아서 소설 점수 평균이 매우 낮았습니다. 간단해보이지만 무시하면 안 됩니다.
점수는 우선 시험 점수를 잘 받는 것이 좋습니다. 저는 중간 점수가 조금 낮은 편이었는데, 기말 잘 보고 과제를 잘 제출한 덕인지 좋은 점수를 받았습니다. 그러니 중간 망했다고 그냥 포기하지는 말고 남은 과제와 시험까지 최선을 다하는 것이 좋습니다. 배워가는 것이 많은 매우 좋은 강의였습니다.	법의학이라는 강의를 들어볼 수 있는 귀중한 시간이었습니다.
근데 과제가 좀 그렇긴 했어요.	정말 유익하긴한데 시험이랑 시험전후로 해야하는 과제가 생각보다 빡세고 ㅈ평균도 낮았던걸로 앎. 수업잘해주시고 명강의이긴 했음	일단 온라인 강의 당시에는 중간고사가 레포트 데체였던것 같지만, 대면수업의 경우 중간 기말과 더불어 3가지 레포트까지 모두 준비해야 합니다. 중간의 경우 중간고사를 치룰 때 뇌사와 벌레에 의한 사후시간 분석 레포트를 제출하였고, 기말고사의 경우 기말고사 시험 날 법의학 지식이 들어간 추리소설을 제출하였습니다.
시험의 경우 그렇게 어렵지 않고 전날 하루정도 투자하시면 대부분의 문제를 풀 수 있습니다. 내가 모르는건 남들도 어려우니 너무 걱정 마시길 바랍니다. 
강의 자체는 교수님께서 굉장히 유쾌하시고, 수업 자체도 흥미위주로 진행되어 저는 매우 맍ㄱ스러웠습니다. 다만 수업에 사용되는 보조자료가 사람에 따라 보기 어려울 수 있습니다.	교양에서 이렇게 유익한 시간이 될 거라고는 생각 못했어요. 매 수업내내 흥미로운 법의학 지식을 배울 수 있어서 좋았고 교수님이 굉장히 재미있게 설명을 잘 하십니다. 과제는 정해진 분량이 없기에 처음에는 참 모호하게 느껴졌네요. 하지만 과제하면서도 배운 것도 많도 법의학이라는 분야가 이렇게 재밌는 학문이란 것을 알게해준 강의였습니다.	강의 내용 자체가 재밌어요 교수님께서도 설명 잘 해주시구 유익한 수업이었습니다	법의학에 관심이 있는분들이나 새로운 지식을 얻어가고싶다하시는 분들은 재밌게 들으실 것 같습니다.
레포트 두 주제로 쓰고 법의학소설 쓰는게 과제였는데 과제 양은 좀 많은것같습니다. 그래도 교수님께서 너무 재밌게 수업해주셔서 지루하지 않았고 많은걸 배워갑니다.	과제는 중간 기말 각각 한 번씩
수업 정말 유익해서 좋음 교수님 강의도 재밌게 하심
근데 잔인한 거 못 보면 추천 안함	유익하고 재밌는 강의입니다.
잔인한 거 못보시면 못들어요.
공부량도 꽤 있으니 참고하세요~~^^	법의학이라는 과목에 대한 흥미와 기초를 알려주는 좋은 과목
교양으로는 손색이 없었습니다
교수님도 귀여우시고ㅋㅋㅋㅋ
과제는 소설? 쓰는 거였는데 잘 모르겠음
시험은 그냥 ppt만 봐도 웬만한건 다 맞춥니다	법의학에 대한 교양으로 딱 좋은 수업임
그러나 과제하는 게 조금 부담스럽고
수업내용도 많고 ppt가 조금 불친절하여 
수업을 보다 빡세게 들어서 설명이 부족한 부분을 
잘 채워넣어야 됨.	내용은 개론에 맞게 어렵지 않습니다. 다만 외워야하는 부분이 많고 사진이 다소 징그러울 수 있습니다.	진심으로 듣길 잘했다고 생각하는 교양 수업입니다. 관련 분야에 관심이 많아서 수강했는데 기대 이상이었어요 교수님께서도 정말 열심히 설명해주십니다! 다만 강의 도중에 실제 부검하는 사진을 봐야하기 때문에 비위가 강한 사람만 수강 가능할같습니다 저도 비위가 강한 편이지만 몇몇 사진은 힘들었어요ㅠ 교수님께서도 첫수업에서 수강정정기간에 많이들 수강취소한다고 말씀하시더라구요 그래도 법의학에 관심있으신분들은 수강하시면 흥미롭게 들으실 수 있을거에요	최고의 수업, 그렇지 못한 학점 ㅠㅜ
대학교에서 쓸만한 교양 들어보고싶다 하면 강추	하산하겠습니다. 3수강을 안하게 해주신 교수님의 은혜에 깊은 감사를 드립니다. 2년동안 감사했습니다	대학교에 오길 가장 잘했다고 느껴지는 수업이었어요. 평소에 그알 팬이라서 법의학에 관심이 많았었는데 대학교 수업을 통해서 배울 수 있게 되어 너무 좋았어요. 솔직히 강의평보고 성적은 기대하지 않고 들었던 수업이었는데 듣고 싶었던 분야였어서 저는 재밌게 공부했어요! 양도 그렇게 많이 느껴지지 않았고 ppt만 잘 공부하고+ 과제 잘하시면 좋은 성적 얻어가실 수 있으실 거에요! 법의학 관심 있으신 분들 추천해요! 근데 저도 관심이 있었지만 이렇게 많은 시체를 보게 된 것은 처음이라 너무.. 혼자 공부할 때는 사진 다 가리고 공부했습니다..(근데 시험에 나와서 어느정도 사진자료는 확인하셔야 해요ㅠㅠ) 일단 들어보시면 첫 수업에서 드랍 여부를 결정하실 수 있으실 거에요! 교수님 너어무 좋으셔서 기억에 남을 것 같아요!	내 평생 법의학 강의 들을 일이 언제 더 있겠음... 수업 너무 재미있고 알찼음. 공부량 엄청 많긴 했지만 흥미 있는 내용이라 그런지 분량에 비해 쉽게 외움. 본인은 에이쁠. 은근 과제가 귀찮긴 함. 비위... 솔직히 너무 힘들었고 마지막 수업 때까지 헛구역질 하면서 들었지만 그래도 내장 사진은 의외로 참을 만함. 진짜 힘든 건 일부 전신 사진...  차마 뭔지는 얘기 못하겠음. 쨌든 사진, 부검서 등 자료가 정말 풍부함.	시험기간에 여유가 조금 있다면 외우는 건 문제 없을 정도입니다! 쉽지 않은 내용이지만 교수님께서 워낙 유쾌한 강의력을 갖고 계셔서 수업이 힘들거나 부담되지는 않았어요. 다만 실제 사진이 많아서 거부감 있으신 분들께는 조금 힘들 것 같고... 시험 2번에 중간과제로 레포트 하나 기말 과제로 소설쓰기가 있어서 취향에 잘 맞는다면 꼭 들어봐야 할 교양으로 추천합니다	부검, 법의학에 관심있는 학생이라면 추천합니다! 
내용은 많았지만 그만큼 얻어가는 것도 많아요.
찬찬히 정리하면서 공부하면 시험 공부도 그리 어렵지 않습니다! 
시험 문제는 객관식, 주관식으로 나오고 객관식은 강의만 잘 들으면 쉽게 풀 수 있어요! 
2학기 강의 중 가장 재밌고 유익한 수업이었습니다!	대학에 왔다면 한 번쯤은 들어봐야 할 교양수업이라고 생각합니다. 법의학이라는 어렵게 느껴질 수 있는 주제를 교수님께서 학생들의 눈높이에 맞춰서 잘 설명해주십니다. 실제 부검 사례를 수업에서 다루다보니 적나라한 시체 사진이 많이 등장하는데 비위가 어느 정도 강해야 수업 듣는데 무리가 없을 거라고 생각합니다. 2학점에 비하면 2번의 과제(보고서 작성, 추리소설 쓰기)와 공부량이 다소 많은 편이나 실제 시험 문제는 그리 어려운 수준이 아니기에 크게 걱정할 필요는 없습니다. 다만 수업의 특성상 열의가 높은 학생들이 많이 포진해 있기에 재미와 학점은 별개라는 사실을 염두에 두셨으면 좋겠습니다.	수업 재밌음 / 그것이 알고싶다 보면서 법의학자님들이 하시는 말씀 아는 척 할 수 있음 / 교수님 상당히 귀여우심	교수님께서 매우 유쾌하시고, 수업에서도 친절하게 설명해주신다. 법의학인 만큼 수업 자료가 많긴 하지만 시험이 쉽게 출제되어, 수업 한 번만 다시 듣고 수업 자료 두세번 정도 읽으면 대부분의 문제는 풀 수 있다.	외울거 많고 시험공부도 많이 해야하지만 정말 재밌고 유익한 수업입니다. 교수님도 잘가르쳐주시고 귀여우심. 법의학에 관심있으시다면 한번 들어보는걸 추천.	내용 자체가 재미있을 수 밖에 없는 내용이라 공부하는 것 자체가 크게 힘들진 않습니다. 중요하다고 하시는거 위주로 외우고 그냥 ppt한번만 손으로 다시 쓰면 외우면 시험때 한 세 네문제 제외하고 고민없이 푸실수 있어요. 나머지는 좀 더 생각하면서 풀어야 할 것 같습니다. 전에는 서술형으로만 나온 시험이 있다고 했는데 이번에는 중간고사 기말고사 모두 40~50문제 남짓이고 시간도 45분에서 1시간정도입니다. 모르면 그냥 틀리면 돼서 시간이 부족할 일은 절대 없습니다. 그리고 중간고사때 주관식 두개쯤에 서술형 하나 나온 것 같고 나머지는 객관식, 기말때는 주관식 세개에 나머지 다 객관식이었습니다. 만점이 거의 없는 이유는 위에서 말씀드린 서너문제가 항상 발목을 잡습니다 ㅋㅋㅋ	진짜 명강의 그 자체 교수님 설명 너무 유익하고 생명과학 좋아한다면 무조건 추천	과제가 두번 있고 단어들이 생소하기 때문에 관심 있는 사람들만 듣는거 추천합니다. 시험은 난이도가 어렵진 않았습니다.	교양에서 무언가를 배워가고자 하는 학생들에게 추천함. 워낙 새로운 분야이기도 해서 흥미롭고, 그렇다고 전문적인 내용을 너무 어렵게 알려주시지도 않음. 학점 꿀로 챙겨가고 싶은 학우들에게는 비추함. 양 많음. 그래도 대학 와서 한번쯤 들으면 좋을 강의.	비위가 생각보다 강해야함.. 그런데 강의력이 너무 좋으세요	비위 강하고 이런거에 흥미 있으신분은 추천드려요. 다만 외울게 겁나 많음	수업도 재밌고 많은 걸 배울 수 있습니다. 과제는 2번, 시험도 2번 있습니다.	정말 유익한 수업이고 법의학 관심 있으면 재밌게 들을 수 있어요.	최고의 교양. 교양다운 교양. 교수님 엄청 재밋고 친절하십니다	내용은 정말 흥미로웠음. 교수님도 친절하시고 과제는 두개 정도 내주셨는데 어렵지 않은 과제들이었음. 그치만 의대과목이라 확실히 공부양은 많았음.. 그래도 수업 잘듣고 암기 잘 하면 학점 잘 받을 수 있을듯!	강의는 재밌음. 의대 교수님 피지컬이 예술임. 공부 잘하몀 학점 잘나옴. 근데 나는 안나옴 ㅠ	열심히 했지만 에제받은 수업.. 하지만 너무너무 재밌었고 남는것도 많아서 듣기를 잘했음	에이플받아갑니다 수업때 집중하면서 필기만 빡세게 똑바로 잘 하면 됩니다. 공부는 전공시험 마친 후 8시간동안 했습니다.	학점을 생각하고 오신다면 진짜 진짜 진짜 크나큰 오산임.. 일단 출석이 전자출결이긴 한데 꽤 중요하게 생각하시는 것 같음 ㅇㅇ 강의는 내용이 어쩌면 무거울 수 있지만 교수님이 재밌으셔서 한 학기 내내 강의 듣는 건 너무 즐거웠음 (성적은 안재밌음) 법의학에 관심 있는 학우들이 정말 많은 지 진짜 걍 해서는 좋은 성적 받기는 어려운 것 같음 하지만 다시 들을 수 있다면 다시 듣고 싶을 만큼 너무 좋은 강의…! 교수님 메일로 문의나 강의 질문 정말 잘 받아주심 교수님 짱	진짜 참교수님! 대학 와서 들었던 강의 중 전공 교양 통틀어서 가장 유익하고 대학 수업같다고 느낀 강의였어요. 문과생이라고 주저할 거 1도 없고 공부하는 만큼 성적 나옵니다. 자기가 관심 갖고 시간 투자해서 작성하면 점수 좋게 받을 수 있는 것 같아요. 저는 중간 기말 각각 하루씩 공부하고 에이쁠 받았습니다! 그 하루에 18시간 정도 공부했고 토 나올 때까지 암기했어요. 근데 그렇게 자세하게까지 외울 필요는 없었더라고요 .. ㅜ 그리고 매주 2실시간 줌 수업 하셨습니다! 2시간 정도고 중간에 쉬는 시간 한 번 가져용 !!	사실 시험은 열심히 외우면 돼서 그렇게 어렵지 않고 저는 중간 4개 기말 3개 정도 틀렸는데 2등이었어요. 완전 다 맞을 필요는 없고 꼼꼼히 암기하면 돼요! 배우는 내용자체가 굉장히 새롭고 신기해서 듣는 내내 즐거웠던 수업ㅎㅎ추천합니다	수업은 너무너무 어렵고 점수도 잘 못나왔지만,, 너무 재밌고 교수님 강의력도 너무 좋으셔서 후회는 전혀 없었던 수업입니다!	학점 생각하고 오신 분들은 조용히 뒤로 가기 하세요.. 
교수님 강의력 정말 좋으시고 배우는 것도 얻어가는 것도 많은 강의지만 학점 따기 어려워요.. 시험도 중간 기말 다 내시는데 지엽적인 내용 많이 내세요. 과제는 두 갠데, 하나는 뇌사 관련 레포트랑 또 하나는 법의학 지식을 이용한 소설 쓰기 과제예요.
CSI 같이 범죄수사물에 관심있으신 분들은 재밌게 강의들으실 수 있어요. 그리고 꼭 듣고 싶으신 분들은 수강정정 기간을 노리세요..! 상대적으로 시간적 여유가 많은 저학년 학우분들께 추천입니다	푸근한 경상도 출신 교수님이 술술 잘 설명해주시는 법의학 강의	기말을 망친건지, 과제 점수가 낮게 나온건지 생각보다 성적이 잘나오진 않았으나, 수업 자체가 우리가 일상에서 마주칠 일이 없는 것들을 다루어 꽤 흥미있게 들었고, 교수님의 실제 경험담들이 묻어 있어 매 강의가 기다려지기도 했다. 강의자료를 보며 속이 좀 안좋긴 했으나 점차 적응이 되긴 하더라. 첫 강의에 수업 소개 해주시니 본인이 들을 수 있겠다 싶고 기회가 된다면 반드시 들어보는 것을 추천한다. 어디에서나 들을 수 있는 강의가 아닐 것이다. 그리고 교수님 온라인으로 볼 땐 마냥 귀여우셨는데 시험 볼 때 직접 마주보니 풍채가 좋으셔서 놀랐다.	취득 78 최종 100 A+ 받았습니다 원래 꿈이 법의학자였는데 다른 길로 오게 되긴 했지만 관심분야라서 그런가 정말 수업이 매주 기다려졌고 재미있었습니다 !! 과제는 소설쓰기랑 레포트 쓰기 하나 있었는데 소설 쓰면서 진짜 재미있었던거 같아요 9시 수업이었지만 그걸 충분히 감안하고도 남는 강의력이셨던것 같습니다 직접적인 사진이 많이 나오기 때문에 비위가 약하시다거나 그러면 좀 힘들꺼 같지만 심하지 않으시다면 꼭 추천드리는 강의입니다. 교수님께서 학생들 생각도 많이 해주시고 유쾌하시고 무엇보디 엄청 귀여우십니당...ㅎㅎ	교수님 너무 귀엽고 수업 내용 너무 재밌음 과제는 주제 관한 조사 보고서랑 소설 쓰는 거 두 개인데 금방 끝남 소설 쓰는 건 하면서 꽤 재밌음 시험이 어렵긴한데 그만큼 점수에 비해 학점 잘나옴 수사물 좋아하는 사람들 취향저격 강의임 이번학기에서 젤 재밌는 강의였음	학점은 후하게 주실거라고 하셨고, 법의학 관심 있는 사람들이 들으면 후회는 안할거라 생각합니다
시험 준비는 양이 적은 편은 아니라 생각합니다	교수님이 너무 좋으심. 수업 내용도 흥미롭고 재밌게 들었음 원래가 의대 수업이니 양이 많긴 많아도 이번 학기에서 제일 재밌게 들은 수업. 문과생도 이해하는데 전혀 문제 없으니 다들 한 번 들어보시길 추천	수업 재밌는데 시험볼 때는 양이 꽤 된다. 그래도 엄청 지엽적으로 내시지는 않아서 여러 번 훑어 보면 거의 다 풀 수 있다.	외울게 너무 많아서 시험기간에 힘이 듭니다 그래도 후회하지않아요 이 강의를 들은게... 빡세지만 보람있다는게 어떤건지 알고갑니다ㅎㅎ	교수님 짱귀여우심. 재수강이라서 두번듣는데도 어려움. 양이 많음. 공부 열심히하는 사람아니면 듣지마셈	본인은 관련 진로 희망해서 수업 정말 재미있게 들었음. 교수님 마인드도 좋으시고 가끔씩 농담 하시는데 귀여우심ㅋㅋㅋ 시험 때는 공부할 양이 많은 편이긴 한데 지엽적으로 안 내셔서 수업 열심히 들었으면 충분히 풀 수 있을 정도임. 근데 사진자료들이 실례고 수업 내내 나오기 때문에 이거 힘들어하는 사람들은 다시 한 번 생각해봐야 할 듯. 과제는 2개인데 이번학기는 중간고사까지  2개 주제 관련 내용 보고서 작성에 기말고사까지 법의학 관련 지식 활용한 소설 쓰기였음. 그리고 교수님은 대학생 과제는 형식이나 분량을 정해주는게 아니라고 생각하시니 괜히 물어봤다 한소리듣지 말길바람. 본인은 정말 재미있고 뜻 깊게 들었고 교수님도 정말 좋으셔서 개강추함!

(아홉시 수업이 헬이긴 함)	이 과목에 흥미가 있어 신청했다면 정말정말 재밌고 즐겁게 들을 수 있는 수업. 다만 학문으로서 공부하는 것과 시험을 위해 공부하는 건 항상 다르기 때문에 시험 공부 할 땐 정말 양이 방대해서 힘들긴 함. 그래도 교수님께서 재밌게 잘 가르쳐 주시고 내용도 재밌어서 나는 다른 강의에서 학점 빡세게 받기로 하고 이 과목 학점 안 나올 거 각오한 상태에서 들었음. 그럼에도 매우 만족하면서 들음	일단 교수님이 진짜 좋으심.비록 수업때 말이 느리셔서 조금 졸릴때도 있지만,오히려 말을 느리게 해주셔서 이해가 더 잘감.외울게 많을 것 같지만 수업만 잘들으면 그렇게 외울게 많진 않음.진짜 믿고 듣는 강의 고민중이라면 꼭 수강하시길.처음엔 시체 사진보고 힘들었는데 점점 익숙해짐.건강에 대해 다시한번 생각해볼 수 있는 강좌.	코로나 때문에 실시간 강의였어요. 대면으로 듣고 싶었지만 막상 비대면도 그렇게 나쁘지 않다고 생각했습니다. 무엇보다 교수님께서 쉽게 설명해주시려고 하셔서 좋았습니다! 사례를 많이 언급하셔서 이해가 잘 되었어요. 과제는 1차 2차 두번인 것 같으니 참고하세요!	교수님 정말 좋으세요
질문드려도 꼼꼼히 잘 대답해주시구요
법의학 교재는 없어도 듣는데 상관없구요
보고싶으시면 네이버나 구글에 검색하시면 블로그에 누가 그대로 정리해놨어요
양은 상당히 방대하고 꼼꼼한 것 같습니다
하지만 교수님이 워낙 설명 잘 해주셔서 조금만 시간들이면 쉽고 재밌어요
과제도 있긴 한데, 본인이 조사한 만큼만 하면 됩니다
뇌사와 사후경과시간에 대해 조사하는 거 였고, 수업내용 외의 것을 조사하면 됐습니다
졸업 전에 들을 수 있어서 정말 좋았습니다	과제는 미제사건이랑 소설쓰기 미제사건은 시간 널널해서 거의 20장정도 열심히 해서 냈고 소설은 미리 안해놔서 기말 기간에 완전 대충 한 3장정도 해서 냈습니다. 그래도 시험을 잘본 편이라 그런지 에이플 받아써용
중간은 부검소견서(?)에서 법의학적으로 틀린 점이랑 사인 찾기였는데 수업시간에 말씀하셨던 예시도 나왔기 때문에 수업시간에 집중해서 필기하는 것도 중요한 거 같고 사인을 정확히 모르겠는데 하면 사인 불명인 거니까 자기가 부족해서 사인을 못찾은 게 아니고 그냥 사인 불명이라고 적으시면 돼요.. 저는 사인 있을 거 같아서 제일 그럴 듯 한 거 적어놨는데 두문제나 사인이 불명이었던 기억이.. 중간은 사람들 다 같이 망했었어요~ 평균이 40점 만점에 20점정도였다고 하니까..
기말은 그냥 암기가 중요... 
어쨌거나 저쨌거나 굉장히 재밌고 유익한 수업이었습ㄴ닷	시험이랑 과제는 다른 사람들이 자세하게 써두셨고.. 생각보다 암기할것 정말 많고 시험볼때 좀 괴로움
특히 시험기간에 전공 공부할 시간 버려가면서 소설쓰고 보고서 쓰는게 좀 자괴감이 들 수 있음.
소설 10페이지 중기과제 17페이지 냈는데 에제나옴. 중간기말을 못봐서 그런거 같기는 함.
내용은 정말 유익하고 관련 분야에 관심있으면 큰 도움 되는 것은 맞는듯	일단 어렵다. 썩어도 준치, 아무리 교양이래도 의대 수업이라 암기량이 꽤 된다. 
다만 정말 많은걸 배워갈 수 있다. 특히 수업을 다 듣고 나면 건강생각을 다시 해보게 된다. 
교재는 딱히 필요 없다. 강의와 ppt만으로 충분. 하지만 깊게 파고들고 싶다면 교재가 도움이 된다.
쉽게 접할 수 없는 내용을 배울 수 있는 소중한 기회라고 생각한다. 어렵지만 보람차다. 마음같아선 대면에서 다시 청강이라도 하고싶다.
혹시 한양대에 그런 사람이 있겠냐만은 부검, 시체 따위를 보면서 히죽거리며 자아도취에 잠기고 싶은 중2스러운 이유로는 수강신청 하지 않기를 바람.	교수님께서 실제로 부검하셨던 사례와 경험들이 수업 내내 담겨 있어서 매우 재미있게 들었습니다. 강의력 자체도 매우 좋으시고요. 시험은 논술형의 경우에는 어렵고 단답식 및 객관식은 암기만 잘 하면 쉽습니다. 시험이 어렵더라도 다 같이 못 보기 때문에 사실 별로 신경 쓸 필요는 없습니다. 과제로 미제사건 조사와 법의학 지식을 이용한 창작물이 있는데 미제사건은 그것이 알고싶다 보면서 하면 편합니다. 창작물은 미리 어떤 내용으로 쓸 지 생각해보는 게 좋습니다. 제출 기간이 시험 기간에 속하기 때문에 빨리 써 놓으면 편합니다.	교수님 수업을 들을 수 있어서  너무 영광이였습니다ㅠㅠ
일단 수강신청픽이 진짜 빡세요. 다행히 저는 한방에 잡았지만 원래 손가락이 느려서 한방에 잡을 가능성이 없다 하시는 분들은 꼭 수강정정을 노리세요!
중간고사: 4문제가 나왔는데 실제 교수님이 부검한 사례를 가져오심.서술되어 있는 내용중에서 틀린것을 찾아내면 됨. 
기말고사: 스피드퀴즈 형식으로 한문제당 10초씩 보여주고 답을 적어서 내야함. 근데 강조한 부분에서 많이 나오기 때문에 많이 부담스럽지는 않다고 생각함.
과제: 법의학 사실 기반 소설쓰기, 미제사건 3개 조사하고 해결방법 제시하기
평소 공부법: 피피티에 있는 것만 시험에 나오지는 않습니다. 교수님이 수업시간에 "이건 갱장히 중요한데~" 하시면서 서술하는 부분은 다 적어두어야 함
참고로 저는 취득점수 62에 A0받았습니다. 다같이 중간공부를 안해서 다들 조졌기 때문이죠. 에쁠 받고싶으면 중간 잘보면 돼요. 대신에 중간조지면 에쁠은 못 받으세요...	정말 흥미롭고 재미있었던 강의입니다. 교수님께서 실제 부검 사례를 들어가며 설명 해주신 덕분에 더 이해가 잘 되고 새로운 분야를 접할 수 있어서 좋았어요. 대학의 꽃은 교양이라고 하는 것은 바로 이런 과목을 말하는 게 아닐까 싶습니다.	꼭 한번 들어보고 싶었던 강의라 학점 신경안쓰고 신청했는데,
반 평균이 낮아서 그랬는지 아님 원래 잘주시는분인지 암튼 학점이 꽤 잘나왔어요

중간고사, 중기과제, 장기과제, 기말고사 순으로 진행됩니다
*중간고사: 오픈북 서술형
- 사인을 결정짓고 근거를 작성하라는 문제: 부검결과에 치명적인 병, 손상들이 아주아주 다양하고 많았어요.. 도대체 뭘로 돌아가셨는지 참.. 그래도 가장 유력한 거 골라 적었는데, 나중에 언급하신 바로는 대부분 '사인: 불명'이었다는..
- 시체에 대한 설명 중 법의학적으로 틀린 곳을 찾아 바르게 고치라는 문제 
*중기과제랑 장기과제: 둘다 표지포함 4페이지 냈는데 에제 주셨어요
*기말고사: 오픈북이나 시간부족해서 오픈북 아닌듯한, 객관식/단답식
- 객관식은 한문제 빼고 다 '모두 고르시오'였던 걸로 기억해요. 시험 끝나고도 내가 맞았는지 몰라요
- 단답형은 아주 쉬워요. 사진보고 뭘 설명하는 건지 적는 게 많았던 것 같아요
+) 시험문제가 지엽적이지 않아서, 전체적으로 한번 훑고 한번만 더 복습하시면 잘 볼 수 있어요	과제는 두번이고, 시험은 살짝 꼼꼼하게 공부해야 잘 볼 수 있을듯.
배울게 많고, 교수님이 재밌게 잘 가르쳐주십니다.	과제 2번 각각 워드 11포인트 줄간격 1 기준 7장 정도 베끼는 거 하나도 없이 뇌를 거쳐 작성함.
녹강은 줄기차게 필기하며 꼼꼼히 1번 듣고, 시험기간에 한 번씩 더 돌려 듣고 부족한 부분 매움. 
암기는 한다고 했지만 코로나라 오픈 북이라 달달 나올 정도로 열심히 하진 않음. 어차피 교수님이 중요하다고 몇 번이나 강조하는 부분이 정해져 있어서 중요 부분 위주로 봄. 근데 기말은 전반적인 내용 골고루 나옴. 오픈 북 아니었다면 꼼꼼히 암기해야 할 듯.
턱걸이 에이쁠 받음. 운이 좋았던 거 같음.
코로나라 카데바 보는 거 같은 실습 못 해서 아쉬움.
비대면이라 실물 못 봬서 아쉬움.
교수님 마인드나 강의력이나 전반적으로 좋고 법의학이라는 생소한 분야를 조금이나마 알게 되어 만족.
교수님 귀여움.	본인성적: A0
시험: 중간고사는 어떤 사람에 대한 제시문을 읽고 사인을 밝히는 문제 4개였음. 기말고사는 43문제를 시간내에 푸는 것이었는데 단답식, 복수선택 문제였음. 
과제: 과제는 2개가 있는데 첫 번째 과제는 미제 사건 3개를 조사하고 해결할 수 있다면 그 해결책을 제시하는 것이었음. 두 번째 과제는 법의학적 지식을 활용하여 소설, 수필 등을 작성하는 것. 
시험은 딱히 어렵다는 느낌은 없었고, 그냥 열심히 하면 에이제로 이상은 받을 수 있는 것 같음.	학점을 깐깐하게 준다는 인상은 못 받았음. 하는 만큼 나오는 것 같음. 개인적으로 기말보다는 중간이 좀 더 어려웠는데, 실제 부검에 사용되는 실용적인 지식 위주로 공부하면 고득점이 가능할 듯 보임. 본인은 중기과제 10장, 장기과제 10장 썼고 A+ 나왔음.	숨겨진 띵강임 살면서 언제 이런 내용을 배워보겠음	쉽게 배우기 힘든 분야를 배우는만큼 매우 흥미로운 강의였음. 다만, 적나라한 시체 사진, 인체 내부 사진 등이 매 시간 나오기 때문에 꼭 오티를 들어보고 듣는 것을 추천! 못 보는 사람들이 들으면 한 학기 내내 고통받을 것 같다. 내용은 흥미로웠지만, 용어도 용어인데다 세세하게 외울 부분이 많았고, 시험을 한 번 봐서 그 양이 지대했기에 고통스러웠음. 그래도 정말 흥미로웠어서 개인적으로 대면으로 수업을 듣지 못한게 너무 아쉬웠음ㅠㅜ	법의학에 애정과 관심이 많은 사람으로서는 최고의 교양. 그러나 일반적으로는 우선 비위 약한 분들은 비추. 애초에 교재 자체가 한장 넘길때마다 시체 사진이나 부패된 시체 사진이 나오고 교수님 피피티에도 적나라하게 나오기 때문. 본인은 거부감 없어서 괜찮았지만 아닌 분들도 있을듯. 교수님 강의력은 좋으신 편인데 과제가 좀 ㅋㅋ 뜬금. 소설 쓰는 게 있어서 본인 문과인데 글쓰기 싫어해서 뒷목 잡음. 그래도 열심히 쓰니까 점수는 무난하게 주신 것 같고 양만 따지면 그렇게까지 부담은 아니라서 괜찮았음. 시험은 쉬움. 범위는 많지만 잘 외우면 시험은 굉장히 쉬운 편.	블랙보드를 잘 못다루시는 느낌이 없지는 않지만 명강은 명강입니다. 과목은 여전히 흥미로움. 코로나 1학기 전 범위를 기말 때 커버하여 힘들긴했지만 배워간건 있는 과목. 문과 암기킹 다 때려잡고 에이쁠 가져갑니다	중간과제가 뜬금없는 감이 있었습니다 (미제사건 3가지 조사 & 배운 법의학 내용으로 소설쓰기)  거기다 이메일로 내면 될걸 인쇄해서 우편으로 제출하라는 것 보고 원래 대면시험 보려던거 누가 반대해서 엿먹이려는건가 싶었어요.	강의가 매우 흡입력 있으며 차근차근 진행됩니다. 하지만 어느새 공부해야할 양이 눈덩이처럼 쌓입니다. 이 부분에 대한 인지와 노력만 있으시다면 교양으로서의 흥미를 느끼기엔 가장 적합한 수업이 될 것이라고 생각합니다.	교양이란 무엇인지 알게 해준 강의였습니다. 교수님도 너무 좋으시고 내용 자체도 흥미로워서 재미있게 공부했습니다	그냥 너무너무 어렵습니다만 교수님 배려로 학점은 잘 주는 편이네요	온라인 강의여서 너무 아쉬웠습니다
그래도 죽음 사인 자살 타살 인체구조에 대해 지식이 많이 생겨서 좋아요 죽음의 카테고리가 생긴 느낌

중간 대체 보고서는 우리나라 미제사건 3가지랑 시나리오 쓰는 거였는데 한 스무장은 써야 에이쁠 나오는듯
기말은 다들 쉽다고 일찍 나가던데 헷갈리는 문제 좀 있었는데 에제 받았어요	하..... 에이쁠 받기는 했는데 솔직히 너무 힘들었음
수업이 재밌는건 ㅇㅈ 근데 그걸 다 외울 생각하면 토나옴
과제도 이번에 코로나 때문에 
중간 대체한다고 오지게 양 많은거 내줘서 진짜 울면서 했음
(그냥 내가 글 쓰는게 오래걸려서 진짜 4일 나눠서 했어)
근데 중요한건 중간 대체라면서 3월부터 배운 내용을 한 번에
기말로 시험보더라...? 진짜 죽고 싶었음

더 짜증나는건 메일 답장 안해줬다는거
머리가 나뻐서 미리 복습하고 외워야 하는 성격이라
3월에 배운 내용들 혹시 기말고사 범위에 들어가는지 5월에 물어봤는데
근데 씹었어 ㄹㅇ 화났지만 기다렸지  안들어가겠지 라는 생각으로
.......하지만 기말고사 전범위더라고 몇개 빼고^^ 

솔직히 메일만 안씹었어도 5점 줄 수 있었어
힘들다는거 알고 수업들은거니까 
메일 씹고 기말고사 전범위인거 알고 진짜 욕 많이 했다
에이쁠 아니었으면 3점도 안줬어 ㅇㅇ	처음으로 듣고 싶어서 들어본 교양.
여러가지 사인을 배울 수 있었음.
사인을 배우다보면 내가 죽지 않고 살아있음에 감사함을 느낄 수도 있었음.
사인에 대한 실제 현장사진, 부검사진을 보고 각각의 사인에서 나타나는 현상, 증거들을 볼 수 있었음.
많은 안타까운 죽음이 발생하기에 그것에 대한 사인을 명확히 규명하는 것이 사건을 해결함에 있어서 얼마나 중요한지 배울 수 있었음.
이번 학기는 과제랑 시험이 다른 학기에 비해 적었음.
시험은 객관식이였고 대체적으로 쉬웠지만 까다로운 몇 문제가 있었음.
과제는 이전 학기 과제와 거의 같았음. 시나리오 미리미리 생각하면 조금 편할 것 같음.
처음 사진을 보면 힘들 수 있지만 괜찮아짐.	수업내용 알차고 강의력도 좋으세요
그리고 무엇보다 교수님이 진짜 재밌으세요
기말은 범위는 넓지만 쉬운 문제밖에 없었습니다
그래서 중간 과제가 성적을 가르지 않았을까 싶네요	대학 수업 다운 강의, 한 학기 동안 얻어가는 것이 정말 많은 강의!
매주 금요일 강의만 기다릴만큼 열심히 했다
흥미롭게 교수님 썰 듣다보면, 시험에서 그냥 생각나는 정도
본래는 시험 3번 과제 2번 으로 알고 있는데,
코로나 때문에 본래의 과제가 중간고사 대체 과제로 바뀌었고,
시험은 기말고사 한 번 봤음 
시험 난이도는 쉬운 수준 이었음(대신 범위가 진짜 많아서 벼락치기하려면 힘드니, 꾸준히 공부하시길)
과제는 미제 사건 레포트 3건정리 1개와 내인성 급사 총론과 시나리오 작성으로 총 2개가 중간 대체과제였음
본인은 레포트 23장 정도, 시나리오 6장인가 냈던 것 같음
시험은 20분안에 풀고 퇴장했고, 에이쁠 받아감
성적과 별개로 한번 다시 듣고 싶은 강의
온라인 강의가 아쉬운 수업은 처음이었다 
대만족 대추천 강의	외우는게 조금 많아서 힘들었지만 얻을게 많았던 수업입니다	내가 느낀 기초법의학 수업에 대한 느낌을 한 문장으로 표현하자면 "죽음으로 삶을 배우다"

문과지만 정말 재미있고 흥미롭게 들었습니다! 앞으로 제 몸에 이상징후가 생긴다면 늦지 않게 병원 가도록 하겠습니다! 감사합니다!	수업 내용이 많지만 남는게 많은강의에요 과제는 두개정도 있네요	신박한 교양.  교수님이 재밌으셔서 무서운 내용임에도 금방 적응이 됨. 시험 세번. 과제 두번(자기 신체를 대입한 혈중 알코올 농도 계산, 미제사건 3건 리포트, 형식자유). 시험은 객관식 및 서술형(길게는 안적고 잘못된 과학적 소견, 사후현상을 통한 사인규명 등 물음) 시험 전날만 공부했고 에이쁠. 굳이 책은 필요없는데 수업때 안놓치는게 엄청 중요함.	좋은 수업이었습니다. 교수님 썰 푸시는 게 정말 재미있었고 강의력이 워낙 좋으셔서 법의학에 관심만 있다면 한 번쯤 꼭 듣는 것을 추천합니다.	교수님의 지식과 경험, 훌륭한 강의력이 어우러진 최고의 강의였다.

문과 학생이지만, 법의학에 관심이 많고 어렸을 때부터 법의관 분들을 동경해 꼭 듣고 싶었던 강의였다. 기초법의학은 한양대 명강의 중 하나로 꼽히는데, 정말 최고라고 말하고 싶다. 피피티에 있는 사진들과 함께 자신의 경험을 예시로 들어 설명해주시기 때문에 이해도 너무나 잘되고 워낙 강의력이 좋으셔서 귀에 쏙쏙 박힌다. 그리고 그 예시들이 흥미로워서 시험공부를 하려고 피피티를 펼치면 바로 생각이 날 정도다. 

시험은 3번으로 교양치고 매우 빡센 편이다. 그리고 피피티를 사진까지 통으로 암기해야하기 때문에 많은 부담이 갈 수 있다. 그러니 전공으로 바쁠 때는 듣지 않기를 바란다. 장난이 아니라 진심으로 힘들고, 다들 정말 열심히 공부하기 때문에 웬만큼 공부해서는 좋은 점수 받기 힘들다. 그리고 시험 끝날 때마다 점수를 보여주시는데...점수가 정말 오밀조밀 모여있어서 상위권 다툼이 치열하다,,, 

과제는 기습(?)과제 1개와 장기 과제 1개가 있다. 기습 과제는 수업시간 중에 갑자기 다음 주까지 혈중 알코올 농도 계산 공식을 찾아서  자신에게 대입시켜서 레포트 제출하라고 말씀하셨다. 교통관리공단이었나 거기 홈페이지에서 위드마크 공식 찾아서 대입하면 된다. 대신 그냥 위드마크 공식이 있고, 수정된 위드마크 공식 2개가 있으니 둘다 잘 기억해두기. 3차 시험에 나온다!!
두번째 장기 과제는 첫 수업때 말씀해주시는데 장기 미제사건 3건을 분석하는 레포트를 작성하는 것이다. 사건 개요/분석/해결책 등을 작성하면 된다. 근데 이거 꽤 힘드니까 꼭 미리미리 해두시길..그것이 알고싶다에 나오는 미제 살인사건들 정주행하는거 추천. 

나는 적당히 복습하고 시험 전 날에 빡공했더니 1,2차 시험은 10~13등정도 하고 3차를 조금 잘봐서 에제가 나왔다. 에이쁠 나오려면 틈틈히 복습하고 공부해야할듯! 

김원규 교수님 정말 유쾌하시고 저번에 과잠입고 오셨을때 빵터졌는데ㅋㅋㅋㅋ 

한양대생이라면 조금 여유로울 때 꼭 한번 이 수업 들어봤으면 한다. 잊지 못할듯ㅎㅎ	일단 교양인데 3차 시험인 게 부담스럽지만..ㅋㅋㅋㅋㅋㅋ 정말 재밌었어용 뭔지도 모르고 들었다가 드라마에서 수술하는 장면도 못 보는 사람인데 한 학기 동안 시체 사진 보고ㅜㅜㅜ 처음엔 너무 무서웠지만 사람이란 게 적응의 동물인가봅니다ㅎㅎㅋㅋㅋㅋ 결론은 제 인생 교양이라 항상 추천하고 다닙니다~!~! 내용도 흥미롭고 재밌고 교수님 설명 가끔 졸리긴 하지만,,ㅎㅎ 말투나 농담하시는 거 유쾌하세요ㅋㅋㅋㅋ

출결: 전자출결인데 가끔 호명하십니당
시험: 3번 보는데 첫번째는 서술형도 나와용 사인 판정하는 문제 나옵니당 사인 판정은 정해진 답은 없는 것 같고 본인 생각 적으면 되는 것 같아요! 
공부: 수업을 잘 들어야 돼요!! 안 그러면 양이 많아서 못 따라 갑니다,, 수업때 교수님이 설명하신 것, 강조하신 것, 예시 들어주신 것만 잘 공부하면 되구, 사진도 같이 봐야 해요~~ 사진도 문제에 나와용
느낀점: 의대 공부 정말 많다..ㅋㅋㅋㅋㅋ 성적도 에이쁠 받고 유익한 내용도 얻고 정말 좋았어요!!	4학년 2학기 졸업 전에 들은 마지막 교양인데 지금까지 들은 교양 중에 최고 입니다. 다만 시험 3번의 압박과 3번을 치는데도 불구하고 시험  한 번 한 번의 공부량이 꽤 많습니다. 오전반 오후반이 있는데, 늘 그런지는 모르겠지만 교수님 피셜로는 오전반이 성적이 많이 좋다고 합니다.	다른 미사여구 필요없이 저에게는 그냥 인생교양이었습니다! 아무리 피곤한 날이더라도 이 교양이 았는 날만큼은 단 한 번도 졸지 않고 집중해서 들었을만큼 저에게는 정말 재밌었어요!! 시험은 세 번 보는데, 어떻게 보면 부담을 느끼실 수 있지만 방대한 양을 나눠서 보는게 낫다고 생각합니다. 전 오후 반 들었는데 마지막 시험은 종강 날이어서 성적 확인은 못 했지만 1차는 상위권, 2차는 1-2등이었고 3차는 난이도가 상대적으로 쉬웠으므로 다들 성적이 좋으실 거라 생각합니다!! 교수님께서 유쾌하시고 썰도 재밌게 풀어주시는데 듣다보면 화가 치밀어 오르는 일도 많고, 저도 모르게 이야기 속으로 빨려들어갈 만큼 흡입력이 좋았습니다!! 졸업 전에 꼭 들어보시길 추천합니다	시험은 총 세 번. 시험 보고 다음주나 다다음주쯤에 성적 알려주니까 자기 위치 알기 좋음.
과제가 두 번 나왔는데 하나는 혈중알콜농도 관련한 거, 그리고 기말때 내는 게 미제사건 3건에 대해 조사하는 거. 꽤 비중이 있던 거로 기억함. 시험 한 번 정도였던가 합쳐서.
과목 자체가 꽤 특이한 과목이라 흥미있는 주제라면 재밌게 들을 수 있을 거고 아니라면 듣기 힘들 것 같음. 부검하면서 찍은 사진들 여기저기서 막 튀어나오는데 그런 거 못 보는 사람이라면(두개골 열었을 때 뇌 들어있는 사진이라던지, 목매단 시체라던지, 동맥이 완전히 잘릴만큼 심하게 베인 사진이라단지) 절대로 수강하지 말 것. 암기할 내용은 교양치고 많은 편이긴 한데 나올만한 문제 위주로 나오는 편임.	교수님 강의력도 좋으시고 강의 내용 자체가 흥미로워서 관심 있으신 분들은 들어보는 걸 추천해요! 1차 시험 중상위권, 2차 시험 상위권, 3차는 잘보지는 못한 것 같은데 어려워서 중상위권에 들긴 했을 것 같고, 혈중알코올농도 계산 레포트 1장, 미제사건 3건 분석 레포트 7장(표지, 참고문헌 분량 포함) 썼는데 아슬아슬하게 에이쁠 나왔네요! 학점을 퍼주시는 건 아닌 것 같지만, 워낙 유익한 강의니 한번쯤 들어보세요!	인생 교양입니다!! 교수님 강의력 최고여서 정말 흥미롭게 들었습니다!! 시험도 크게 부담없어서 평소에 수업 열심히 들었으면 충분히 점수 잘 받을 수 있습니다~~!! 다들 열심히해서 좀 빡셀 수 있긴 하지만 그걸 다 떠나서 꼭 한번 들어야 하는 교양입니다	교수님 친절하고 썰푸시는게 너무 재밌음
수업은 재밌으나 시험은 어려운 편	경금대생 학점 똥싸고 갑니다.
암기 좋아하는 사람만 들을것	법의학에 관심있으시다면 무조건 들으세요!
교수님 꿀귀 매력 폭발입니다 ㅎㅎㅎ	시험은 총 3번. 첫번째 시험은 정말 어려웠지만 2,3번째 시험은 무난하게 쉬웠어요 수업 정말 재밌게 들었는데 공부하기는 힘들었어요ㅠㅠ 과제는 미제사건 분석하는 레포트 있었구요 저는 표자포함 7장 썼어요 :) 1차시험을 좀 망해서 가대 안 하고 있었는데 에이플 받았네요!! 교수님 사랑합니다♥️	들으면서 정말 새로운 내용도 많고 사례 같은 거 얘기해주셔서 재밌게 잘 들은 수업 하지만 시험은 생각보다 쉽지 않음. 과제는 완전범죄 시나리오 작성하는 거였음	법의학에 정말 관심이 있는 분에게는 괜찮은 수업이고 추천합니다. 하지만 학점따기에는 별로 안 좋아요.	갠적으로 흥미가 있어서 들었는데 관심있는 분야다보니 재미있었습니다. 다만 시험을 보려고 공부를 하다보면 해부학인지 법의학인지 헷갈릴정도로 어려운 부분들도 있습니다. 이과 문과 상관 전혀 없을거같고 오히려 외우는거 잘하시는 분이 유리합니다. 과제는 소설 쓰는것 빼고는 어렵지 않지만 소설이 꽤나 힘들었습니다.
나름 ABC 비율은 잘 맞춰주시는듯 하지만 +로 채워주시지는 않습니다. 
교수님이 말씀을 잘 하셔서 수업 자체는 재미있고 어렵지 않아요. 이런 분야에 관심있는 분들은 한번쯤 들어보는거 추천합니다.	교수님의 강의력은 한양대 3대 명강의로 꼽아도 손색이 없습니다. 그만큼 재밌고, 내용도 알찹니다. 말씀대로 시체 사진이 강의의 주를 이루는 한 요소이기 때문에, 이런 측면에 민감하시거나 거부감이 있으신 분은 참고 듣는 걸 추천드립니다. 시험은 3회로 많은 편이나, 오히려 3회로 나누지 않았으면 양적으로 부담이 크고, 다른 시험들과 겹치면서 더더욱 부담이 커졌을 것으로 생각됩니다. 팀플이 없다는 점은 장점이나, 과제가 2회로 비교적 많은 편에 속하고, 더더군다나 완전범죄 시나리오 쓰기는 흥미롭기는 하나 시간 투자가 필요하다는 점에서 안타까움이 있습니다. 저는 오후반 1차 시험 37점 2차 시험 40점을 받고 3차 시험은 만점을 받았을 거라 예상합니다. 평가점수는 94점에 최종점수는 100점을 받았습니다. 에타에도 난리난 듯이 에이쁠을 굉장히 박하게 주시는 것 같습니다. 개인적으로 객관식으로만 이루어진 3차 시험은 굉장히 쉬워서 3분만에 풀고 뛰쳐나갔고, 1 차 시험은 평이했으며, 2차 시험은 어려웠다고 생각합니다. 객관식 문제에만도 애매모호한 문제가 3~4개는 됐던 것 같습니다. 애매모호하다는 게 문제 자체가 어려운 건 아니고, 교수님이 문제를 만드실 때 다른 방향으로 생각할 여지를 의도치 않게 남기신 것 같습니다.  주관식은 1, 2차 모두 어려웠던 것 같습니다. 혼동되는 부분이 많았습니다. 예컨대 2차 시험에서 다른 모든 증거들은 사후투수를 가리키고 있었는데, 시체에서 '접형동내 익수'가 발견되어 전형적 익사로 오인할 수 있었다고 봅니다. 교수님께서 접형동내 익수는 생전에 물에 빠져서 호흡을 못하다가 한 순간 들이 쉬면 물이 코를 통해 강한 압력으로 들어와 뇌의 한 부분인 접형동내에 생긴다고 수업시간에 말씀하셨습니다. 그래서 저는 접형동내 익수는 본래 생전에 물에 빠졌을 때만 생겨야 하는데, 물에 있다보면 사후에도 접형동내에 물이 고일 가능성이 있다고 처리하였습니다. 이런 식으로 서술형에서 이것저것 감별해 낼 것이 많기 때문에 꼼꼼하게 공부할 필요성이 있다고 봅니다. PPT가 친절하지 못하기 때문에, 교수님의 강의를 잘 들으셔야 하고, 교과서를 통해 보완도 해야한다고 봅니다. 하지만 교과서를 꼭 살 필요는 없고, 구글링 하면 교과서를 비롯해서 자료들이 많이 나옵니다. 18학년도 2학기 이 수업 덕분에 금요일이 즐거웠던 것 같습니다. 혹시나 여러분들이 교양 선택을 위해 에브리타임을 탐문 중이시라면, 반드시 이 교양 놓치지 마십시오.	재밌었음. 시체사진 못본다면 비추함. 적응하는데 시간 꽤 걸림. 그래도 진짜 흥미로운 수업. 추천함.	출석 전자출석 입니다

과제 
사후경과시간추정리포트,  완전범죄소설 두 개 있습니다. 저는 도저히 소설을 어떻게 써야할 지 모르겠더라구요. 리포트가 제일 어려웠습니다

시험
세 번 봅니다. 강펑 보면 다 쉬워요~~어쩌고 하는데 정작 만점은 그리 많지 않습니다.  시험성적 공개 안한다고 들었는데 이번에는 특이하게 1,  2차 점수를 알려주셨어요. 물론 두 회차 전부 만점자는 없었습니다. 시험은 객관식에 단답형,  그리고 본문을 읽고 비과학적인 것을 쓰시오 또는 본문을 읽고 사인을 판정하시오 같은 약술이 있습니다. 프린트 꼼꼼히 봐야합니다. 다만 학생들 간 점수 차이는 세세합니다. 쁠을 노린다면 과제에서 갈릴 수 있습니다. 비율은 맞춰주시나 에쁠은 한 10퍼(5등 정도) 내로 들어야 주시는 것 같습니다.  

수업
정말 재미있습니다. 법의학 과목 자체가 흥미로우며 법의학자가 많지 않아 어디가서 듣기도 힘듭니다. 내용은 각종 사인과 그 사인의 발생기전,  특징등을 배웁니다. 무거운 내용인듯해도 교수님이 너무 잘 가르치시고 재미있어서 내내 유쾌했습니다. 흥미가 있다면 들어도 좋은 과목입니다. 

강의를 다 들었다면 포탈에서 교수님을 검색하여 젊은 시절 교수님 사진을 보는 것 추천합니다.	학점은 굉장히 힘들어요. 에제까지는 열심히하면되는데 에이쁠은 거의 전공수준으로 공부해야하고 필기도 다 해야해요. 시험문제는 객관식은 풀만하고 서술형이 진짜 어려워요. 사인을 말하고 비과학적인 부분을 지적해라인데 진짜 헬...근데 이것도 수업시간에 교수님이 실제케이스로 말씀해주신 내용이긴해요.. 그래도 교수님 웃기고 강의력도 좋으시고 솔직히 죽음에 대해 많이 생각하게 했던 강의였습니다.  사진 못보시는분들은 비추해요. 저는 급하게잡은거라 시험공부할때 무서워서 카페에서했습니다..ㅠ	교수님은 너무 좋고 스윗하신 분이셨지만 학점따기 힘든 강의입니다. 그렇게 추천하고싶진 않네요.	1학기에 대충하고 C+ 받아서 재수강했습니다! 강의력 정말 좋으시고 수업 내용도 흥미진진해요~! ^ㅁ^ 시험은 교수님이 강조하신 부분 잘 외우면 잘 볼 수 있어요! 객관식+서술형 섞여나오는데 그렇게 어렵지는 않습니다! A 비율이 30%니까 꽤 많이 받을 수 있어요 !! 출석마감이 빠르니까 빨리빨리 가세요ㅠㅠ 저는 시험 2번은 열심히 공부하고 1번은 벼락치기, 과제는 적당히 해서 내서 이번에 A0 받았습니다!	의대생들의 수준과 공부를 간접적으로 경험할 수 있음. 그런 지식들을 교양강좌 답게 쉽게 풀어서 설명하시는 교수님이 존경스러울 따름. 교수님이 부검하신 케이스들을 알려주시는데 흥미진진함ㅋㅋ ppt는 교재 기반으로 제작된 거라 교재를 구매할 필요는 없음. 강의시간에 ppt에는 없지만 특이 케이스로 언급한 내용이라던가 두 번 이상 짚고 넘어간 내용들은 100% 시험에 나온다고 보면 됨. 그래서 수업을 집중해서 잘 들었으면 시험이 그렇게 부담스럽게 느껴지지 않음. 서술형 문제는 주저하지 말고 '법의학적 근거에 맞게 소신있게' 쓴다면 점수를 매우 잘 주심.	좋은 강의였습니다..!! 
시험은 3번에 
과제는 총 두개! 사후경과시간 추정레포트, 완전범죄 시나리오 쓰기 였습니다.
시험은 3번으로 나뉘어져있어서그런지 생각보다 부담이 작았어용 근데 확실이 아예모르던내용이라 공부할때 약간 힘들긴했어요.. 근데 완전 신기신기하고 재밌는 내용들이었습니당!!
교수님 사람자체도 짱 좋으시고 수업도 쿨하게 빨리마쳐주시는날들도 많구 강의력도 진짜 짱짱입니당 bb  
시험문제...는.. 쪼금 공부한거랑은 다른느낌이었어요 수업을 진짜 집중해서 잘듣고 필기하는게 중요해요..ㅠㅠ
전 이 교수님이 하시는 교양 해부학?이 열리면 또 들을 생각입니다!  
조금만 더 열심히할걸..ㅠㅠ 성적은 비쁠이었어용	배울게  많은 강의 좋았음
 시험3번으로 
어느정도 암기력이 필요함
시나리오 레포트는 없어도 될듯해서 -1점	내가 멍청해서 잘 못알아쳐먹은거지 교수님 설명 진짜 잘 해주신다.  교재도 실제 법의학 교재라 실제 의학계열 강의랑 거의 동일하게 진행해주시고. 들으면 이로울 게 많다.	킹원규 갓원규
내가 csi 열번이상은 봤다 법의학 관심이 많다하면 거의 필수교양입니다
전공지식보다 얻어가는게 많음 호롤롤로
시험은 세번이라 부담스러울수있는데 이거 한꺼번에 보면 양 장난아니라 나눠보는것같음
과제는 두번주시는데 기말과제가 좀 까다로움
그래서 아직 안했는데 뭐 어떻게 써야할지 고민중...
암튼 추천하는 교양!	법의학 제대로 배우고 싶으면 무조건 들어. 
나는 법의학자가 꿈이었어서 들었는데 꽤 좋았어.
다만 과제가 진짜 짜증나. 
완전범죄하는 범인 혹은 이를 파헤치려는 경찰이 되어서 시나리오나 소설을 써오라는데
수업시간에는 법의학 중에서도 다분히 의학적인 요소만 배우거든?
그런데 완전범죄 가능하려면 살인방법보다는 cctv나 기타 상황에 더 의존해야 하잖아?
수업과 상관이 그닥 없는데 이걸 고집하셔.

국과수에서 부검을 하신 경험이 있으셔서인지
사례를 많이 말씀해주시는데 신기하고 이해하기도 좋았어.

다만 시험문제가 너~~~~어무 쉬운데다가 
법의학 관심있던 애들이 강의를 들어서 
학점 따기는 어려울 것으로 보인다. 

교수님이 육성으로 말씀하시는데 
늘어지는 말투이시고 톤이 높지 않다보니
끝에 앉으면 집중하기 힘들지도 몰라. 그러니 앞쪽에 앉길 바라.

시험은 총 3번 봐. 
근데 이게 나은거 같아. 
시험 범위에 대한 부담이 확실히 적거든. 

나는 완전범죄 시나리오만 없었어도 별 4개 줬을텐데 
이거때문에 3개로 깎았어.	법의학에 관심이 많은 사람이면 한번쯤 들어볼만하다
하지만 과제 두번에 시험이 세번이라 부담스럽다 
그리고 시험도 엄청 꼼꼼하게 나온다.
그래도 축제한다고 빼주시고 마지막에 동영상도 한번보여주신다 
다른데서 배울수 없는 과목이기도 하고 외우기가 자신있으면 한번쯤 들어볼만하다	교수님 이 부검오랫동안 해오신 분이라 생생한 예화로 재미있고 어렵지 않은 수업이었습니다. 쉬운데 알찬 수업이라 나중에 관련서적 읽는데도 어렵지 않을정도로 배경지식이 쌓이더라고요 과제는  사후경과시간 추정 레포트랑 완전범죄소설 쓰기였는데  조금 부담스럽기는 하지만 관심있으면 재미있게  할 수 있을것입니다 교수님 짱짱 좋아요 굿럭입니다 저는 에이플 맞았습니다 시험도 강의 성실하게 듣고 잘외우면 어렵지 않고요	수업 정말 흥미롭고 재미있습니다. 시험도 그다지 안 어려워서 시험 부담도 적어요. 과제는 사후시간경과 측정방법 레포트랑  범죄 시나리오 작성이 있는데 둘다 부담은 약간되도 재밌습니다. 다만 비위약하시거나 적성에 안맞으면 많이 힘들수있어요. 전  에제 받았습니당	교수님 수업 정말 재밌고 이해하기 쉽게 설명도 해주시고 중간중간 법의학 관련된 경험담이나 참고자료 보여주셔서 수업 시간 내내 한번도 존 적이 없어요. 매 시간이 알차요! 다만 레포트나 시나리오가 분량 자유라 조금 부담이 있었고 시험이 3번인 거 ..? 그래도 이번학기에는 축제 때 놀으라고 휴강도 해주시고 시험 끝나고 수업 안 하고  그것이 알고싶다 만 봤는데 교수님 나오시고 ㅋㅋㅋㅋ 법의학쪽 관심있으시면 정말 들을만 한 거 같아요! ㅎㅎ	시나리오 쓰는 거 어려웠습니다 .. 레포트 한 번 있고 시험은 세 번 봤습니다 그래도 재밌고 들을 가치 있는 강의입니다 관심있으면 꼭 들어보세요 배우는 게 많습니다	수업은 정말 듣길 잘했다라고 생각될 정도로 재밌어요. 교수님 수업도 굉장히 재밌어서 지루할 틈이 없어요. 솔직히 내용 자체가 이과생들도 생소한 법의학 내용이라서 문과생이 들어도 큰 부담은 없을거라고 생각돼요. 근데 시험이 3번이어서 조금 부담스러운 면이 있고. 거기에 완전범죄 시나리오 쓰는 게  두 번이나 있어서 시험 면에서는 많이 시간이 소모돼요. 그래도 글도 못쓰고 법의학 지식 1도 없는 저도 에제 맞았으니까 여러분도 할 수 있습니다.	개인적으로는 듣길 너무 잘한 듯
교수님 되게 좋으시고 강의 들을 때 정신 없이 필기해야 하긴 하지만
 법의학 소재 자체가 은근히 실용적이고 재밌게 느껴짐
과제는 완전 범죄 시나리오 쓰는거 두 번 있는데 좀 머리 아프긴 해도 그것도 나름 좋고.. 남는게 많았던 강의
다만 단점이 있다면 교수님께서 시험 성적이나 과제 평가를 안알려주셔서 최종 성적 예상이 안된다는거..
학점 따기 어렵게 느껴질 수 있는데 완.전. 문과 전공 저도 열심히 해서 에이쁠 받은거 보면 충분히 가능!!	우선 시험을 3번 봅니다. 처음에는 시험기간 아닐때 공부하고 준비해야해서  솔직히 불만이었는데 다시 생각해보니 분량이 많아 시험을 두번만 봤다면  다 외우지 못할거 같습니다. 시험문제는 공부한다면 그렇게 어렵지 않습니다. 헷갈리는 문제들이 있긴 한데 그건 제가 완벽하게 하지 못해서 그런거라 생각합니다. 객관식 문제가 한 세쪽 분량으로 나오고 마지막 문제는 과학적으로 옳지 않은 부분을 직접 쓰는 서술형 문제입니다. 이 문제는 교수님께서 학생들의 수준에 따라 점수를 부여할지 말지 정한다고 하셨었는데 사실 저는 제가 뭐라 썼었는지도 기억이 나지 않습니다..ㅎ 과제는 두번이었는데 두번다 시나리오를 쓰는 것입니다. 교수님은 재미있으시고 간혹 자신의 경험담들을 들려주셔서 수업은 즐거웠습니다. 현장의 생생한 자료를 볼 수 있다는 점 또한 흔치않은 기회였습니다. 이 분야에 관심은 있는데 자신이 없어서 고민하고 있다는 분들은 들어도 후회하지 않으실겁니다. 제가 그랬었는데 막상 듣고보니 다른 법의학 강의가 있다면 또 듣고 싶어지더군요. 열심히 한다면 그만한 점수를 얻을 수 있는 강의입니다!	시험 세번봄. 나같은 과학 문외한은 정말 어려움. 하지만 수업 자체는 굉장히 재밌음. 교수님 목소리가 조금 졸릴 수도 있는데 수업이 재밌어서 잔 적 한번도 없고 자는 사람도 없음ㅋㅋㅋㅋㅋㅋㅋ 다들 공부 빡세게 함. 
저 아래 강의평 중에 csi좋아하는 사람은 좋아할 수업이라는 평보고 들었는데 재밌긴한데 학점이 안재밌음. 시험 세번보는데 거의 한두개 틀려야 비쁠 넘는 듯. 과제도 두번인데 완전범죄시나리오 쓰는 거. 다 읽어보심. 
굉장히 어렵고 진짜 의대시험같이 나옴....... 학점 생각하시면 듣지마시길. 출석은 정각에 칼같이 부르심. 수업자체는 재밌으니... 알아서 선택하시길	생명과애들이 쓸데없이 많아서 경쟁은 치열하지만 수업자체는 재밌어서 들을만한 수업인것 같음	일단 평소에 csi 같은 드라마 좋아하시는 분들은 무조건 재밌게 들으실 수 있어요 저는 생명쪽 전공이라  배우는게 겹쳐서 공부하는 데에도 별 무리는 없었고 퀴즈는 총 3번치는데 수업때 잘 듣고 좀만 복습하면 다맞거나 한두개 헷갈리는 정도 수준으로 매우 쉬워요. 그렇게 꼼꼼한 문제는 안내시는
 스타일. 과제는 한번 완전범죄 시나리오 작성하는 거있었고, 레포트 하나 있었는데 그냥 하는 거에 의의를 두시는거 같애요. 전 첫번째 퀴즈때 두개, 두번째 때는 다맞고 마지막퀴즈 때 두세개 틀린 것 같은데 에쁠 받은거로봐선 학점따기에도 쉬운거같애요 마지막 시간에는 국과수 다니시는 분 초청해서 국과수에 대한 얘기도 듣고, 해부학실습실도 견학해보는 시간가집니다. 교수님 강의는 톤도 낮고 졸릴 수 도 있는 톤인데도 재미있고 집중잘되서 좋아요. 개인적으로 매우추천드려요 친구들한테 다 추천하고 다니는 강의입니다.	교수님이 굉장히 좋으시고 수업도 나름 재미있게 들었지만, 시험 준비에 있어서 조금 부담을 느낌. 학점도 자연대 학생들이 많아서 따기 어렵지만, 평소 관심이 있다면 흥미있게 들을 수 있는 과목이라고 생각함.	교수님이 전공이 아니라 교양으로 법의학을 개설하신건 이번학기가 처음. 그래서 과제에도 다양한 시도를 해보셨음.  첫학기 피드백을 가지고 다음 학기에는 이런저런 변동이 있지 않을까 생각하기 때문에 들을 생각이라면 강평 참고뿐만 아니라 오티때 질문하는게  안전할 것 같다. 같은 의과대 해부학과에서 나온 뇌과학 교양의 경우 여러번의 학기를 거쳐서 초반보다 난이도가 쉬워지고 분량이 조절되었다. 

과제 두번과 퀴즈가 있었고 사람들이 그에 대해서 불만이 많은 것 같은데 퀴즈는 중간 기말 시험을 잘게 나눠서  시험을 여러번 보는 것으로 이게 없었다면 중간 기말 시험 범위 분량이 막대해서 교양 시험공부에 깔려 포압사 했을 것.  이전 시험본 범위는 다음 시험 범위에서 빠집니다. 게다가 거의 대부분 객관식이고 30분 안에 다풀수 있는 문제다. 

과제는 총 두번이었고 형식과 분량에 대해서 굉장히 관대하고 자유로우시다. 과제 제출 기간도 아주 길다. 거진 몇주에서 한달 정도 미리 고지한다. 결국 점수가 갈리는 것은 형식이 아니라 학생들끼리의 경쟁.  얼마나 열심히 해서 내느냐가 과제에 그대로 드러나니까. 조사 레포트 하나와 시나리오 하나가 과제로 나왔다. 

자연대는 시나리오에서 문과가 유리하지 않냐, 문과대학은 자연대는 많으면 경쟁 빡세지 않냐 하고 양쪽에서 하소연 하는 걸 들은적이 있는데 개인적인 의견으로는 법의학 과목은 딱히 수업 듣는데 과학적 선행지식을 요구하지도 않고 시나리오 작성에 문학적 감수성이 뛰어나야하는 것도 아니다. 그냥 잘 배웠는지 보시는 것 같다. 이 과목에서는 의대가 아니라면 학과를 타는게 아니라 취향을 탄다. 

수업은 무척 흥미롭다. 죽음을 전제로 하는 수업이라 교수님이 이걸 '재밌게' 가르칠 수는 없을 것 같다고 생각했었는데 편협한 생각이었다. 죽은자에 대한 존중을 하면서 동시에  법의관이나 수사에 대한 사례나 경험 이야기들로 충분히 재밌게 수업을 하신다. 뇌랑 심혈관계 손상 조심하고 건강 조심하고 오래오래 살아야겠다는 생각이랑 법과학이 사람을 살릴 수는 없어도 적어도 죽은 사람을 억울하게 만들지는 않게 하기 위해 필요하고 또 간절하겠구나라는 생각이 수업 듣다보면 생긴다. 

뇌과학이나 해부학 교양처럼 법의학 수업도 해부학 실습실에 방문한 적이 한번 있다. 다음학기 수업에도 갈지는 모르겠다.	강의 내용 자체는 재미도 있고 유익하다. 그러나 교양 과목임에도 불구하고 시나리오 과제라던가 퀴즈 준비하는 데 시간이 많이 들고 학점도 깐깐하다	수업은  참 유익하고 좋은데, 학점이 좀 깐깐함. 자연대 친구들이 많이 들어서 경쟁이 쫌 빡셈