유익하고 재미난 이야기들을 쉽게 풀어내셔서 좋은 거 같아요! 화학 베이스 거의 없어도 충분히 들을 만했어요!	교수님 엄청 재밌으시고 수업시간에 재밌고 유익한 이야기
 많이 해주셔서 도움이 많이 됐던 것 같아요!	노베가 듣기에는 힘들 수도 있지만 그렇게 어렵지는 않아요 근데 시험이 좀 지엽적인 부분이 있고 교수님이 수업중에 추가적인 얘기를 많이 하세요 (호불호 있다고는 들었는데 관련내용이라 괜찮았어요) 화학 해본적이 있다 + 과학영역 채워야한다 하면 듣는것두 괜찮을 것 같아여	교수님 너무 좋으시고 수업도 재밌음.
시험도 ppt만 공부하면 쉽게 다 풀 수 있음	교수님 너무 좋으심
살면서 어느정도 알아야할 상식을 배우는 느낌
시험은 어느정도 공부해야 잘 나오는듯	교수님 너무 좋으시고 참여도가 비중이 너무 높아서 말이 조금 있었지만 시험도 어렵지 않고 좋았습니다	수업때 재미있는 이야기 많이 해주심
일반화학 들었으면 쉽게 들을 수 있으나 시험은 은근 빡센듯	이제 베스트 강의입니다. 무론 비전공(문과)한테는 다소 생소할 수 있는데 그냥 공통고확에서 다루는 정도의 내용이고 부담없이 잘 들으면 됩니다.	화학에 대해 하나도 몰랐었는데 일상생활에 필요한 사실도 많이 알게 되었고 교수님도 재밌으셔서 정말 좋은 교양이였던 것 같아요! 시험은 살짝 빡셀 수 있는데 그럼에도 유익했던 거 같아요	수업 내용 어렵지 않고 재밌어서 시간도 빨리가요	일상생활 속의 지식을 배울 수 있어서 좋았습니다.🙂
과제 및 조모임은 일절 없으며 수업시간 내 오픈채팅방 답변 및 중간,기말로 성적 나옵니다. 시험은 ppt 내에서만 나오고 하루 벼락치기하면 성적 잘 나옵니다. 
과제 안 좋아하고 팀플 귀찮은 사람들에게 편한 강의일듯 힙니다.	화학 아예 모르는 문과생으로서 화학에 대해 기본 상식을 쌓고 싶어 들어봤습니다 확실히 처음 공부할 땐 아무것도 모르겠고 어려워서 괜히 들었나 싶었지만 학습자료 정리가 잘 돼있어 공부할수록 화학에 대해 관심이 많이 생겼습니다 교수님이 올려주시는 자료만 다 암기하면 뼈문과도 에이쁠 가능합니다! 교수님 성격도 너무 좋으시고 강의력도 좋으셔서 한 학기 수업 잘 들었습니다	강의 재밌고 공대생기준 시험전날 밤새서 외우기만 하면 성적 잘받을수 있습니다 추천해요	전체적으로 나쁘지 않습니다만 꿀교양 까진 아닙니다!	오픈채팅방으로 대답하는 것 거의 일일이 점수를 매기시긴 하지만 몇번 대답을 못했다 해도 매 수업 10회 정도 체크하기 때문에 학점에 엄청난 일이 일어나지는 않습니다. (다만 매번 점수를 얻지 못하면 엄청난 일이 생길 수도 있죠..) 그리고 오픈채팅방에서 좋은 답변을 준 학생에게 기프티콘 주십니다! 평가는 투표로 중간 기말 시험만 이루어졌는데 단순 암기라 암기 잘 하시는 분은 시험 하루전날 벼락치기해도 만점 나올 수 있습니다. 교수님께서 따로 말씀하셔서 필기한 부분에서도 나오고 말을 쪼금 바꿔서 내시기 때문에 수업 잘 듣고 꼼꼼하게 암기하시면 별 문제 없을 거에요. 학점도 에이쁠 비율을 최대한 높게 주시고 점수 공개도 모두 투명하게 해주십니다. 개인적으로 꿀 교양이라 생각해요.	기본지식이 있는 학생들이 우위를 점하는 것을 방지하기 위한 지엽적인 문제가 조금 나오는 편이지만, ppt에 강조되어 있는 부분이라 못할 건 없다 봅니다.
하루면 A쁠 가능. 교수님도 정말 좋은 분이셔서 한 학기동안 재미있게 들었습니다. 얻어가는 것도 많았네요.	교수님 너무 좋으십니다
성적은 참여점수가 크게 작용한 것 같습니다
공대를 포함한 이과 분들이 꽤 있어서 공부할 때도 힘들고 걱정도 많이 되는 과목이었는데 성적은 잘 나왔습니다	수업 참여 점수가 꽤 촘촘하게 들어가는것 같아요.
오픈카톡방 대답하는거 좀 힘들었어요,,
그래도 수업은 재밌었습니다. 정말 생활속 화학이라는 강의명에 맞았어요.	오픈카톡 참여하는거 귀찮고 암기할거 은근 있어요
꿀교양 듣고싶으면 다른거 들으세요	아주 좋은 수업이고 교수님도 친절하시고 점수 잘 주십니다.	교수님 완전 짱이고 강의도 녹화해서 올려주셔서 시험 하루 전에 벼락치기로 완전 잘 볼 수 있음 근데 대신 그래서 평소 수업에 카톡으로 대답을 잘 해야함. 15점 만점인 참여도 점수로 평소에 잘 안 했다면 등급이 달라질 수 있음	고등학교 때 화학1을 했다면 무난하게 들을 수 있어요 시험 전날에만 ppt봐도 충분합니다 교수님도 친절하시고 수업도 재미있어요 카톡으로 답변 열심히 하면 교수님이 기프티콘도 보내주십니다	교수님이 친절하고 좋으시지만 화학은 화학. 노베가 따라가기엔 공부 꽤나 해야해요. 수업 대답을 오픈카톡으로 해서 물어보는거에 답하는게 참여도로 반영됩니다. 수업 끝날때마다 녹화본 lms에 올려주십니다.	생활 속!의 화학이라는 점에 초점을 두고 수업하셔서 재밌고 유익한 내용이 많았음 
문과생이지만 단순암기가 많아 고생하지 않았음 또 기말 때는 수강생이 출제한 문제를 그대로 내셔서 최대한 높은 점수 얻도록 해주심 
오픈채팅으로 대답하는게 좀 불편했지만 수업 후반부에는 교수님께서 참 따뜻한 분이란 걸 자주 실감한듯 
추천합니다	분량도 적당하고 내용도 크게 어렵지 않습니다.	수업시간에 카톡에 잘 참여해야함.
수업 때 교수님 얘기 많이 해주셔서 재미있음.	화학많이안다고 소홀히 공부하면 망해요 생각보다 단순암기비중이 매우큰시험	노베 화학은 수업이
쫌 이해안가실수도 있지만 시험자체는 걍 암기입니다
교수님 정말 짱짱 좋으시고 열심히 옾챗 하세요	생각보다 시험이 피피티 세세한 내용까지 나와서 당황했음 그래서 기말은 학생들이 문제 만든 거에서 많이 낸다고 하심
교수임이 엄청 친절하시고 수업 내용도 강의 이름에 맞게 흥미로운 내용 위주임	고등화학 기억 난다면 수업따라오는데 지장은 없을 것입니다.. 교수님은 정말 좋으신 분입니다. 수업시간에 카톡을 수시로 해야한다는게 약간 귀찮기는 합니다	고딩때 화학1 배웠으면 충분히 쉬움. 교수님이 수업중에 학생들에게 질문하시는거 센스있게 / 빠르게 대답 잘 하면 커피 기프티콘 쏘심 ㄷㄷ	고등학교 화학 내용임. 지엽적인 내용도 시험에 나오니 유의	강의 내용 사실상 화1 + 교수님 상식이라 화1했으면 편하게 ㄱㄱ	강의 내용 화1이랑 겹치는부분 많음. 화1에다가 실생활 적용내용 합친느낌 편하게 ㄱㄱ	교수님이 너무 잘 설명 해주시고 중간중간에
화학과 연관된 생활지식들도 막 알려주세요!
너무 재밌게 듣고있습니다!!	수업 굉장히 친절하고 재밌게 진행해주십니다. 카톡으로 대답하며 수업듣고 참여점수 반영하시는 게 살짝 번거롭긴 합니다. 그리고 양이 좀 돼서 화학 아예 안해보셨던 분은 암기 많이 하셔야 할 듯해요	친절하신 교슈님 덕분에 한학기동안 힐링했습니당	수업이 재밌는데 화학공부를 한번도 안했던 분들께는 추천하지 않습니다. 교수님이 정말 좋으시지만 암기할 내용이 다소 많습니다.	교수님이 친절하십니다. 질문이나 농담도 잘 받아주시고 수업도 재미있었습니다. 시험도 난이도가 심하게 어렵지는 않습니다.	교수님이 친절하시고 강의도 잘 하세요... 내용도 어렵지 않고 수업도 재미있고 분위기도 좋음	교수님 너무 수업 재밌게 하십니다! 문과계열이라 다소 관심 없는 분야의 수업이었지만 강의명처럼 실생활에서 도움되는 지식들도 많이 알려주세요! 열심히 공부했더니 좋은 성적 받을 수 있었습니다◡̈	진짜 천사이십니다...꼭 들으세요 여러분. 성적 잘 주십니다	많은 교훈을 얻어 간 따뜻한 수업이었습니다!
시험을 잘 못봐서 에제 받긴 했지만 ㅎㅎ… 성적과 관련 없이 뜻깊은 수업이었어용 교수님 최고💗💗	우선 교수님께서 너무 친절하시고, 좋으신 분이라서 더 열심히 들은 과목입니다! 시험은 ppt만 다 외우시면 되고, 대답 잘 하시면 무조건 에쁠입니다! 개인적으로 삶에 도움이 되는 지식을 알려주시는 것이 좋았습니다.ㅎㅎ	완전 좋아요 시험 ppt만 열심히 공부하면 에이쁠 가능해요!	재밌고 유익해요
시험도 쉽고 피피티만 잘 공부하면  충분히 다 풀 수 있습니다	매주 강의 열심히 듣고, 복습 조금만 하면 쉽게 따라갈 수 있는 수업! 무엇보다 교수님이 참된 '어른'으로 느껴져서 행복한 한 학기 보냈습니다! 감사합니다!	좋아요 좋아요 
사람으로 배울게 많았던 교수님
시험 범위는 외울게 많긴 하다만, 수업은 재밌었습니다.	오픈카톡을 계속 하면서 필기를 동시에 해야하는 게 저는 조금 힘들었어요 그래도 시험도 딱 교양정도 수준으로 괜찮았던것 같아여	수업도 어렵지않으면서 수업외적으로도 유익한이야기
많이해주셔요 시험도 무난무난해요	수업 외에도 다양한 교훈을 얻을 수 있는 시간이었습니다.
그리고 피피티만 잘 읽으면 학점을 잘 받을 수 있습니당 ㅎㅎㅎㅎㅎ
거의 암기 과목이에용 화이팅!!!	화학에 대해 유익한 내용들을 잘 가르쳐주심. 조금 어려운 내용들도 있는데 깊게 안들어가고 범위가 좁아서 공부량이 많지 않음.	친절하게 설명해주시고 모든 사람이 완전 노베이스다 생각하고 설명해주십니다. 하지만 화학과뿐만 아니라 모든 이공계열 학생들에게도 이수제한을 걸어두는게 형평성에 맞다고 생각합니다...	화학만물박사 별명 그대로 재밋고 유쾌하시고
참여 많이 이끌어내시는 수업방식 호불호 갈리는것 같은데
저는 집중도 잘되고 좋았습니다	교수님이 친절하고 쉽게 설명을 잘 해주십니다. 문과라 6년만에 과학공부했는데도 따라가는데 어렵지 않았어요. 시험공부할때 이과분들은 다 아는거 첨부터 외우는게 힘들었지만...	교수님 너무 좋으시고 수업내용도 교양다워요 특히 화1 하셨으면 학점 효자과목입니다	정말좋아요 짱짱추 꼭들으세요!!
만물박사화이팅	교수님 친절하시고 강의도 잘 가르쳐주세요!!
문과여서 완전 쉬운건 아니었지만 그래도 재밌었습니당	교수님이 너무너무 좋으시고, 화학에 대해 많이 알아갈 수 있어서 좋았습니다! ppt 열심히 공부하면 좋은 성적 받을 수 있습니다!	단톡방 평가형식은 맘에 안들지만 그래도 강의는 좋습니다!!!!!!!!!	교수님 친절하세요 ㅠㅠ 문과지만 화학 잘 배웠흡니다	교수님께서 매우 친절하시고 피피티를 꼼꼼하게 다 외워야합니다.	화학 만물박사 갓민걍 찬양해.. 과학영역 채우려면 무조건 이 수업 강추! 질문에 제일 먼저 정답을 맞추면 교수님 재량껏 스벅 쿠폰을 뿌리시는데.. 이러면 강의료가 남나요🥺겨수님 덕에 그래도 커피쿠폰 여러번 받아봄 ㅎㅅㅎ 본인 고딩때 이과에서 문과로 전향한 케이스인데 화학은 안들었었기에… 통합과학 배웠던 기억 살려서 공부했음! 시험볼 때 ppt 양이 방대하긴했지만 시험망해도 참여열심히 해서 참여점수 높으면 A0는 받을 수 있긔 .. 그리고 일단 수업이 재밌으니 잡을 수 있으면 잡아라!!	교수님이 학생들에게 애정을 가지고 지도해주십니다. 깊은 화학적 지식은 요구되지 않으나 ppt내용을 꼼꼼히 외우면 성적은 잘 받을 수 있습니다. 어떠한 질문이 들어와도 정성스럽게 답변해주셔서 인간적으로도 배울점이 많은 수업이었습니다	교수님도 정말 좋으시고 수업도 대면, 비대면 격주로 돌아가면서 했는데 배우는 내용도 좋았습니다.	수업때 학생들 말을 잘 들어주시고 시험도 조금 망쳤었는데 생각이상으로 성적을 잘 주세요
수업참여도 점수가 있어서 눈팅하면 거기서 성적이 조금 까일 수 있어요	배우는 내용이 많지도 않고 딱 교양 수준입니다! 절평이라 열심히 하면 원하는 점수 받을 수 있는 수준인데 저는 망했네요. 인간적으로도 너무 좋으신 교수님이셔서 화학 상식은 물론 인생에 대해서도 배울 수 있었습니다. 여유가 있다면 한 번쯤 듣길 추천합니다!	문과 학생도 부담없이 수강할 수 있는 과목입니다!! 교수님께서 친절하게 설명해주시고 수업 영상 복습도 가능해서 화학의 기초적인 이론들을 쉽게 이해할 수 있어요. 그리고 절대평가라서 시험을 무지막지하게 어렵게 내지도 않으시고 평소에 수업 열심히 듣고 수업 ppt 꼼꼼하게 외우고 이해한다면 무난하게 풀어낼 수 있습니다!! 수업참여도는 매 수업시간마다 빠짐없이 대답하면 무리 없이 좋은 점수 받을 수 있어요ㅎㅎ 화학이 재밌다는 걸 처음 느끼게 해준 수업이었습니다!!	의지가있고 열심히 참여하는 학생에게는
그만큼 성적이 뒤따라오는 수업입니다.
시험도 ppt 안에서 나오기 때문에
문과생이라고 불리하지 않습니다.	과제라고 할만한게 수업 시간에 오픈채팅방에 대답을 하는건데 그 수업 시간에 참여하고 있다는 점과 집중하고 있다는 점을 평가하시는 것 같습니다 전혀 어려울 것 없고 앞에 다른 학우분들이 대답하신거 보고 따라해도 되고 자신이 아는 답을 말해도 좋습니다. 틀려도 재밌게 받아주시기 때문에 부담되는 건 없는 거 같습니다. 시험도 제공해주시는 ppt 자료 내에서 모두 나오기 때문에 수업을 잘 듣고 이해했다가 시험 전에 암기해주시면 시험도 잘 볼 수 있습니다. 화학 과목이라서 이과가 유리한 과목이라고 생각할 수도 있는데 진짜 생활에서의 화학을 수업하기에 전혀 어렵지 않게 공부할 수 있었고 제가 들은 교양 과목 중 가장 우리 삶에 필요한 정보들이 가득 담긴 수업이 아니었나 싶습니다. 교수님 성격은 매우 털털하시고 쿨하신 성격이시고 목소리도 귀에 착 감기는 목소리이신 것 같습니다. 수업 중간에 인생 조언도 많이 해주십니다. 덕분에 정말 많은 걸 배웠습니다 교수님😊	수업참여도가 성적에 굉장히 많은 영향을 끼치는 수업입니다
그렇기 때문에 수업시간에 집중해서 카톡 답변 빠짐없이 하시는 것을 추천드립니다
중간 기말 둘다 보는데, ppt에는 없지만 강의에서 설명하신 부분도 나오니 참고하시길 바랍니다
그래도 열심히만 한다면 성적 받기 쉬운 교양중 하나이고, 교수님께서 굉장히 친절하시고 인생 조언(?)도 많이 해주시기 때문에 들어보시는것을 강력히 추천드립니다!!!!!!!!!!!!!	수업은 정말 좋았어요.
그런데 본인은 에쁠 받았지만 성적산출과정이 좀 의문스럽다는 생각을 많이 했습니다.
먼저 답한 학생의 참여도점수를 더 주시는데 그게 공정한건지 의심스러워요. 타자가 빠르다고 점수를 더 받는 게 이 강좌 취지와 맞는지 좀...
시험점수가 더 높은 사람보다 참여점수가 더 높은 사람이 총점이 더 높습니다. 이 점은 꼭 개선하셨으면 좋겠습니다.	교수님도 친절하시고 내용도 무난무난하나 이과생이라 만만하게 본게 잘못이었나 싶음. 시험은 그냥 그럼 본인이 화학관련과라 그럴수도. 근데 수업참여도가 매우 천차만별임 제일 먼저 대답하거나 질문한 사람일수록 점수 높게 들어가신다고 함. 듣기 편하긴하나 에이쁠은 쉽지않을 수 있음	진짜 교수님이 너무너무 좋으심… 진짜 문과는 꼭 들었으면 좋겠음 이과도 이수제한 풀렸으니까 여유 있을때 꼭 들어보시길.. 생활 속의 있는 유용한 화학 정보 알려주시고 인생 강의도 해준다는.. 갓민경..❤️ 외울 양이 조금 많은데 수업 열심히 듣고 복습 하면 A+ 쌉가능 매번 커피쿠폰도 쏴주시는 교수님 진짜 사랑해여	중간중간 해주시는 말씀도 그렇고 좋으세요 화학 수업이라 어려울 수도 있는데 절대평가라서 본인만 잘 하면 될 것 같아요 과학 영역 채우기 좋습니다	너무재밌어용 교수님도 목소리 밝고 수업 잘하셔서 좋고 화학 고딩때 공부하고 들으니까 공부량도 상대적으로 적고 되게 유익하고 좋아요	과학은 고등학교 때 정말 싫어했는데 교수께서 꼼꼼히 설명해주시고 재미있게 잘 들었습니다. 교수님이 정말 좋은 분이시고 강의력도 짱입니다. 꼭 꼭 들으세요!!	설명 잘해주시고 착하시고 화학 아예 몰랐는데 많이 배워갑니다	문과지만 화학 좋아했어서 시험 때 하루 바짝하고 에이쁠 받았습니다. 퀴즈는 그냥 강의 자료 보고 풀면 됩니다. 막학기라 들을까 말까 고민했는데 재미있게 잘 들었습니다. 조교님들 실험도 소소한 즐거움이었습니다.	문풀(그냥 프린트보고 풀면됨)식 과제 2범에 과제 문제 그대로 + 남은 범위 시험을 봐서 과제자체를 외우고 남은거 외우니 학점은 잘나옴 수업도 교수님이 최대한 쉽고 재미있게 알려주시려 하셔서 좋았음	화학이라면 고등학교 때부터 진짜 싫어했지만 평 좋아서 들었는데 왜 좋은지 너무 이해 간다. 쌩노베여도 에쁠 맞는 기적 교수님 너무 좋으심.	우선 교수님 되게 좋으시고 설명도 잘해주심 과제는 2번인데 다 프린트보고 할 수 있음 다만 수업내용이 쌩노베문과인 나한텐 좀 어려웠음... ㅜ	교수님이 일단 너무 좋으심.. 강의력도 좋고 시험 과제도 체계적이라 좋아요. 강의내용도 크게 어렵지 않고 고등학교 때 화학 배웠으면 그럭저럭 할 수 있을듯	만족하며 들었던 수업입니당 무엇보다 문과라도 쉽게 이해하고 점수를 얻을 수 있으며 수업시간에서 질문에 대한 답을 열심히 쓰는 것이 중요해요!!	중간은 대체과제를 하였고, 기말은 시험을 봤습니다.
화학에 대한 전반적인 상식을 배울 수 있어서 좋았습니다.
통합과학을 어느정도 할 줄 아시면 크게 부담은 안되실 거 같아요	문과 출신이라 과학을 오래전에 배우고 다시 배워보는건데… 생활‘속의’ 화학 이라는 제목과 달리 그냥 화학을 배우는것 같은 느낌이 조오오금 들었습니다 ㅎㅎㅎ
아무래도 뭔가 엄청 긴 화학 물질의 이름이나, 모양을 배우고 공부해본적이 너무 오래전이라 더 어색하게 느껴졌을 수도 있는것 같아요. 그치만! 매주 간단하게 복습만 하고 과제를 열심히 공부해서 제출 한다면 시험은 아주아주 쉽게 느껴지실 겁니다. 개인적으로 과제, 출석, 댓글 참여는 열심히 했는데 기말을 대충 공부했더니 a0가 나오더라구요 마지막까지 열심히 할걸 후회가 되는 과목입니다. 미리미리 공부만 해놓으시면 양이 부담가는 과목은 아니라고 생각합니다. 더군다나 교수님의 강의력이 매우 좋아서 교양다운 교양을 듣는구나! 하는 느낌을 뽝 받았습니다. 문과지만 뭔가 과학적 지식을 배워보고 싶다! 하시는 분은 너무 겁먹지 말고 도전하셨으면 좋겠어요:)	교수님 강의력이 정말 좋으시고 수업도 재밌게 진행하셔서 다른 듣기 싫은 전공강의, 필수교양들 사이에서 스트레스없이 정말 재밌게 수강했던 한 줄기 빛과 같은 강의였습니다.
사실 처음엔 화학을 한 번도 안 배워본 쌩노베라 제대로 못 따라가면 어떡하지 걱정을 많이 했었는데 괜한 걱정이였습니다. 
교수님께서 애초에 이해하기 쉽게 수업을 진행해주시고, 시험도 수업 내용만 인지하고 있으면 무난하게 풀 수 있게 쉽게 내주십니다. 중간고사는 과제로 대체됐고 기말은 과제+ppt내용에서 나오는데, ppt내용은 응용이나 계산문제 같은 거 없이 그냥 그대로 나오고 과제내용도 해당 유형이 그대로 시험에 나와서 전혀 어렵지 않았습니다. 애초에 과제도 별로 어렵지않고요.
화학 쌩노베 문과생도 수업만 잘 따라가니까 충분히 A+ 받을 수 있었고 얻어가는 것도 정말 많은 강의였습니다.
교양 과학기술영역은 이 강의로 채우시길 강추드립니다!	교수님 좋고 수업 재밌어요 화학에 관심도 없고 아는 바도 없어서 걱정했는데 이해하기 쉽게 실생활에 비유를 많이 해주셔서 다행...
과제는 오픈북으로 걍 뒤적거리면서 답 고르면 되고 시험도 걍 피피티 달달 외우면 에이쁠 맞아용~	괜찮고 무난무난한 수업. 수업 내용만 제대로 외워두면 큰 어려움은 없다.	+ 안 채워주셔서 아쉽... 절대평가였나? 뭐 그랬음... 수업시간에 교수님 질문하시는거 대답하는게 성적에 영향을 생각보다 많이 줌... 선물 쏴주실 때도 있으니 대답 열심히 하시길;; 다른 평가들이랑 비슷하게 
이과출신 문과-> 날먹 가능 / 순수 문과-> 공부 꽤 해야함 
정도인듯	중간고사는 두 번의 과제로 대체하셨고, 기말고사는 두 과제와 이후 부분을 시험범위로 출제하셨습니다! 생각보다 꼼꼼히 PPT를 공부해야하고, 문과에게 조금 어렵고 생소할 수 있다고 봅니다.	오늘 교보문고 화학 도서 보다가 교수님 책이랑 마주친 기념으로  한 번 써봅니다

교수님 완전 스윗하고 재밌으세요 귀여우시기까지 합니다. 열심히 참여하면 스벅 기프티콘도 주세요.
걱정 많이 하고 시작한 것과 다르게 화학적 배경 지식이 많이 필요하지는 않았습니다.

열심히 듣고 따라가다보면 에이플입니다. 강의력이 좋으셔서 많은 노력이 필요하지도 않아요. 과제도 있는데 일주일 동안 인터넷 참조하고 풀어도 돼서 부담 전혀 없습니다. 시험에서 과제랑 비슷한 유형의 문제 많이 내셔서 시험도 부담 적어요.

정말 훌륭한 교양입니다
사랑해요 화학박사님♡	이과로 화학 배우고 오신 분이라면 무조건 추천! 학점 잘 받아갑니다! 수업도 엄청 좋아요	수업 되게 재밌음 이게 수업인지 방송보는건지 그냥 뭔가 썰듣는느낌
줌수업해서 채팅으로 소통했기에 더 그런 느낌을 받은걸지도..

화학 잘 몰라도 약간 암기만하면 시험 잘 볼수있음. 고딩때 배우던 화학처럼 막 계산시키고 이런건 없어서..
여튼 교수님 수업 잘 들었습니다~	교수님 정말 따뜻하시고 좋은 분이세요 수업 들을 때마다 행복했습니다 어려운 내용 알기 쉽게 설명해주시고 문제도 공부 열심히 하면 어렵지 않게 풀 수 있는 정도였습니다 짱짱	최고의교수 김민경교수님!! 수업도 정말 재밌었고 에이플 받아갑니다~	킹갓제너럴갓수님 꼭 들으세요. 특히 자연계 출신 문과분들 ㅋㅋ	화학을 배워본적 있다면 수업 내용을 무난하게 이해할 수 있을것이다. 적당히 공부한다면 좋은 점수가 나온다. 다만 출결 체크에 있어서는 많은 아쉬움이 있었다. 중간에 대면수업을 할 때가 있었는데 몇몇학생들이 자질구레한 변명으로 대면 대신 줌으로 참여를 하였는데도 출결점수에서 감점을 하지 않았다. 이 점에 있어서는 억울했지만 배워가는 것도 많은 강의였고 공부만 한다면 성적도 잘 받을 수 있는 강의이다	저는 과학 좋아하는 문과 학생입니다. 중딩 과학시간에 들었던 내용이 새록새록 떠오르며 재밌게 공부했습니다. 교수님께서 친근하게 대하는게 부담스럽다기 보다는 뭔가 색다른 느낌을 받았습니다. 어릴때 과학에 관심이 많으셨다면 한 번 지적호기심을 발휘해보세요!!	솔직히 그냥 그랬던 강의라고 해야할듯
교수님이 수업태도점수 산정하는 방식도 너무 상대적이었음. 쁠은 안 채워주시고 솔직히 말해서 발표 잘하고 암기 잘하는 학생이라면 조금 추천	HY명품강의를 내가 3개를 들었음. 생만생, 생화학, 기인윤. 셋 다 후회없이 수강했다. 왜 명품강의인지 강의를 들으면서 알 수 있었다. 교수님은 엄마라는 말이 쉽게 나올만큼 착하시고 학생들 사정도 잘 고려해주신다. 다만 본인이 성실하지 않다면 이것만큼 귀찮고 힘든 강의도 없다고 생각한다. 매주 복습 1시간씩만 해주면 정말 듣기 좋고 내용도 유익한 강의. 과제는 간단한 에세이 1번, 문제풀기 2번 있는데 문제는 프린트보고 풀면 다 풀 수 있는 수준이라 어렵지 않음. 쁠은 안 채워주시더라 그래도 만족 ㅇㅇ	교수님 좋으시고 강의력도 좋지만  문과인 저에겐 너무 어려웠다...	수업내용 유익하다!! 교수님도 좋고 답변 잘하면 커피쿠폰도 겟.. 난 늦게 말해서 못받음ㅋㅋㅋㅋㅋㅋ 학점은 에쁠 겟ㅋㅋㅋㅋ 수업도 재밌다!!	교수님은 너무 친근하고 좋으시다. 물론 수업도 유익하고 재미있고 부담없이 들을 수 있는 내용이다. 하지만 2학기는 중간부터 대면수업을 했는데 너무 터무니없는 갖가지 이유들로 단톡방에 줌으로 참여하겠다 통보하고 결석하는 학생들이 있었는데(ex. 지하철 잘못탔다, 역류성 식도염 걸렸다, 뇌 뒤쪽 신경이 아프다, 몇몇은 아예 이유도 안말하고 줌으로 참여하겠다고 한 학생도 많았음) 대면으로 출석한 학생들과 모두 같은 출결점수가 반영된게 형평성에 어긋나는 것 같아서 좀 이해가 가지 않았기 때문에 별 하나 뺐다. 그리고 교수님이 중간 중간에 퀴즈를 내시기도 하고 질문 하시기도 하는데 대부분 앞 사람이 쓰는 답 보고 따라 쓰는건데 선착순으로 끊어서 점수를 주시는 것도 좀 이해 안갔고 무엇보다 대답했을 때 '저걸 점수를 준다고?' 싶은 대답들이 몇개 있었어서(ex. 교수님 : 들리시나요? 학생 : 네 이런것들) 점수 주시는 기준이 너무 교수님 기분대로인것 같아서 별 하나 뺐다. 이 두가지 빼고는 정말 명품강의다운 수업. 교양다운 교양	강의도 알기쉽게 해주시고 소통도 정말 잘해주시는 천사교수님... 문과라도 진짜 이해하기 쉬워요	교수님이 수업에 열정적이시고, 매주 있는 토론이랑 수업 잘 들으면 됨. 수업은 실강이었는데 질문에 대답하는 선착순 10~15명 가산점 주심. 시험도 교수님께서 찝어주시는 피피티 외워가면 쉽게 잘 풀 수 있음. 자기가 성실하고 학점 잘 받고 싶으면 이 강의 추천.	매주 토론 써야되는게 은근 귀찮음 물론 짧게써도 상관없음 시험이나 내용은 쉽다고 생각하는데 이건 사람마다 좀 다른듯	매주마다 토론쓰고 영상보고하는게 귀찮은감은있다
중간고사를 대체하는 과제로 간단한시험같은거 3개정도를 내주시는데 그냥 ppt파일에 고대로나와있음 
기말만 시험보는데 범위도 매우작을뿐더러 아 이건 이과문제다싶은거? 1개도없음 그냥 암기쫌만하면됨

1점깎은이유는 소수학생들과의 친목이 쪼끔 심함	수업시간에 참여하는거 적극적으로 대답하시고
토론 빼먹지말고 하면 됩니다	시험범위가 많지 않아서 교수님 수업만 잘듣는다면 학점취득 쉽게 하실 수 있습니다. 학생들과의 소통을 중시하기 때문에 수업 중간중간에 상식적인 부분에 대한 설명을 해주시며 흥미를 돋우기도 하시고 퀴즈도 내기도 하십니다. 매주 토론에 참여하는게 좀 귀찮긴하지만 그래도 잘 해놓는다면 점수를 따기에 매우 좋습니다.	1.출석: 녹강으로 했다가 실강으로 하면서 전자출결으로 출석했습니다. 
2.수업: 교수님 잘설명해주십니다. 모르는 문제가 생기면 단톡에다가 물어보시면 친절하게 상세히 알려주십니다.
3.과제: 저희는 중간을 안보고 중간대체과제 두개 내주셨습니다. 과제 난이도는 어렵지 않으며 수업교안보고 풀면 바로 나옵니다. 그리고 나중에 기말볼때 과제문제 그대로 나오니까 과제 문제 많이 보셔요.(변형 거의 없다고 보면 됩니다.)
4.시험: 기말시험하나만 봤는데 양이 꽤 있습니다. 교수님이 학생들을 위해 과제1,2에서 30%, 나머지 3강의에서 70% 출제하셔서 그래도 부담은 좀 덜어졌지만 양이 조금 방대한 편이므로 일주일전부터 공부하시면 어렵지 않을것입니다. 시험은 ppt빈칸위주로 나오고 내용 계속 익히고 외우시면 어렵지않고 잘푸실거에요. 
+)교수님의 적극적인 피드백이 좋았습니다. 저는 기말을 좀 못봐서 비쁠받았지만 제 주변 친구들은 성적 잘받은거같더라고요. 쁠 채워서 주시는 거 같습니다~	좋아요. 일단 저는 화학에 흥미가 있었어서 더 좋았던 수업이었던 것 같습니다. 물론 교수님의 설명이 다소 빠른 감이 없지는 않아서 (교수님이 자기 말 원래 빠르니 너무 빠르면 알려달라고 하셨어요) 중간중간 필기 놓친 부분은.. 다시 녹음 파일을 봤어요. 시험은 진짜 ppt 내용 백지에 옮겨쓸 수 있는 정도로 공부 하시면 돼요. 응용은 거의 안나오고 ppt에서 빈칸 뚫어서 내거나 객관식으로 내니까 ppt만 무조건 다 외우세요.	일단 수업 내용이 어렵지 않고, 수업이 재미있다. 학점은 시험범위 전부 달달 외우고 토론, 수업 중간 퀴즈 잘 참여하면 잘 나올 듯. 화학 지식을 쌓는다는 것보다는 정말 과목 명 그대로 생활 속의 정보 정도를 얻는 정도인 수업이다.	교수님 좋으시고 수업 방식도 귀찮긴 하지만 할 만하다 하지만 수업 중 발표 체크하시는 건 고학번 선배들이나 ㄹㅇ 화학잘알들이 쓸어가고 나머지 타자 빠른 사람들이 쓸어가는 듯  고딩 때 화1 괜찮았어서 들었는데 지금 들으니 너무 낯설었고 진도 따라가기 좀 버거웠다 만만하진 않으니까 고려해봐야할듯 시험은 중간은 과제 대체. 기말은 ppt 빈칸 위주로 외우면 될듯	이래서 교수님을 학생들이 화학만물박사라고 하는 군요.. 최고이십니다 그냥 다요. 정성가득한 교수님의 수업과 일상 이야기들과 함께 여러 실생활 속에서 화학의 예시도 많이 들을 수 있습니다. 다만 단순한 화학 정도를 생각하고 오신 거라면 그냥 뒤로가기 누르세요.. 교수님은 너무 좋으시고 그런데 워낙  수업 내용이 너무 이과스러워요!!!!ㅠㅠㅠ 한번 놓치면 따라가기가 쉽지 않아요.. 유의하세요ㅠ!	교수님 진짜 너무 좋으시고 수업이 재밌었음 고등학교때 화학 열심히 안했어도 충분히 따라갈 수 있을듯	최고엿어요 공부항 건 많지만 수업은 재미씀 ㅋㅋㅋㅋ	화학이라는 내용이 어렵긴하지만 교수님이 잘 설명해주셔서 이해하기 쉬웠어요	소통을 가장한 친목. 손가락과 인터넷이 빨라야만 참여할 수 있는 선착순 퀴즈. 이것이 진정 공정한 수업참여도 평가기준인지 다시 한번 생각해주셨으면 좋겠습니다.	교수님이 정말 재미있게 가르쳐 주셔서 좋긴 한데 시험 보려면 외울게 많고 기말에 몰아서 보는거라 공부량이 엄청 많아요 ㅜㅜ 수업 자체는 유익해서 추천합니다!	교수님 최고🥰 정말 인생에 도움되는 강의
꼭 들어보세요~	갓민경 최고의 교수
생문과여도 노력만 하면 쉽게 이해를 할 수 있는 꿀수업	교수님이 학생들과 소통하려는 모습이 좋았고, 시험도 배운 것 착실히 공부하면 충분히 쉽게 풀어낼 수 있었습니다.
수업형태 특성상 다소 산만할 수 있습니다.
교수님이 하라는 것은 까먹지 말고 꼭 하시는게 좋을 것 같아요(토론 마감일 알람 설정 필수)	토론점수가 회차당 1점으로 들어가는 건 맞지만 저같은 경우 토론을 3번이나 빠졌는데도 에쁠을 주셨기 때문에 그렇게 통수라고 느껴지진 않았어요 교양치고 꿀빠는 수업은 아니지만 얻어가는 것이 많고 교수님 강의력도 매우 좋으십니다!	교수님 참여점수에 대한 채점기준이 모호하셔서 힘들었음. 그 외에는 문과 노베로 들었는데 내용이 막 어렵진 않고 강의 영상 2번정도 보고 피피티 외워서 시험은 잘봄. 토론에서 뒤통수 맞음	절대평가, 실험적인 HY-LIVE 강의
아주 좋습니다. 문과지만 강의 내용이 크게 어렵지도 않아요. 교수님이 워낙 잘 알려주셔서 내용적인 건 걱정 붙들어매셔도 됩니다.  수업 중간중간에 화면으로 실험도 보여주고,  핸드폰 어플로 퀴즈도 보고 여러모로 신선한 수업이였어요. 
꿀팁은 수업 전날까지 블랙보드에 올린 토론에 꼭! 참여하는겁니다.  하루참여가 1점으로 그대로 성적에 올라가더라구요 ㅎㅎ	토론 매우 중요함 한번이 1점으로 다 들어감.. 수업시간 퀴즈? 오히려 안중요함 그리고 중간 기말 전에 원하는 사람에 한해서 발표시키심 근데 인원이 안정해져있음 중간발표는 3명이었는데 기말발표는 5명이었음 그리고 학점은 등수 기준으로 나누셨다했고 그냥 상대평가라고 생각하면 될듯 근데 에이쁠 에제 비쁠 비제 인원이나 비율은 안알려주심 그래서 학점이 더 감이 안 잡히는 수업..	시험도 어느정도 잘봤다고 생각했는데.. A0 받았습니다
총 점수는 70명정도 듣는 수업에 11등 정도 됩니다..
절대평가라고 성적 엄청 잘주시는건 아닌거같아요.
저는  화학 거의 배워본적이 없어서 수업때는 따라가기 조금 벅찼습니다. 그래도 수업 끝나고 수업영상 올려주시는데 시험전에 천천히 강의 싹 보면 어느정도 이해할 수 있었어요. 하루이틀 정도 투자해서 열심히 외우시면 시험은 무난하게 보실 것같습니다. 
토론은 1번 참여할때마다 1점씩이니 꼭 참여하세요. 교수님께서 토론 1번 할때마다 참여도 1점이라고 말씀을 안해주셨어서 토론이 이렇게 중요한지 몰랐어요ㅠ	뭐랄까  과학싫어서 문과온 나에겐 이해하기 개어려웠음. 교수님 나름대로 학생에게 주의를 기울이긴 하시는데 수업구조가  질의응답이 자유롭지 못한 구조임. 그리고 나는 처음들어봤지만 교수님이 학생들이 당연히 알거라고 생각하는 몇몇 용어들을 휙휙 넘어가시는 경우가 많음. 결국 언제부턴가 수업을 못따라가고  시험직전에 저장된 강의영상 돌려보면서 벼락치기하는 나를 발견함 . 물론 그렇게한다고 이해하는것은 아님. 걍 외우면됨.문과도 들을 수있다고?? 그런가?나는 아니던데	정말 절대평가라고 생각하시면 됩니다. 상대적 절대평가가 아니라 절대평가에요. 기준이 매우 명확히 정해져 있어요. 수업참여도에 대한 점수를 제대로 말 안해주셔서 저는 카톡 답변이나 토론 선정되거나 퀴즈 잘보는게 더 크게 들어가는 줄 알았는데 그냥 온라인토론참여횟수가 1점으로 아주 크게 들어가네요. 시험 아무리 잘봐도 토론 참여 안하시면 절대 에이쁠 못 받아요. 중간 30 기말 40 출석 15 수업참여도 15 이고 이 중 하나라도 놓친다면 에이쁠 맞기 쉽지 않으실거에요. 저는 시험 100점 받았는데도 참여도 점수가 낮아서 에이쁠 못받았어요. 시험은 수업 열심히 들으시고 암기 꼼꼼히 잘하시면 잘 보실 수 있어요. 교수님이 강조하신거랑 빈칸위주로 암기하시면 됩니다.  온라인 토론 길게 안 쓰시더라도 꼭 짧게라도 적으세요. 하나당 1점이라 점수 꽤 크게 반영됩니다.	의견반영을 가장한 교수님과의 친목시간 . 수업시간에 질문을 던지시면 그걸 톡으로 답장하는데 단순한 답변을 폰 빠르고 좋은 사람이 가져가고 그걸 점수에 반영하십니다.  실험이 나오면 거기에 우와 신기해요 이런 톡 치면서 교수님이 일일이 반응해주시는데 수업을 위해 만든 톡방인데 그런 의도가 되는것 같아 불편하네요. 시험은 괜찮습니다.	시험 문제중에 매우 지엽적인거 한두문제 꼭 나오는듯 합니당 교수님 좋으시고 수업 너무 잘하시고 수업 영상을 올려주셔서 시험기간에 매우 도움됩니다 ㅎㅎ 무조건 한번은 들으면 좋을 교양! 하지만 공부 잘 하는사람이 많아서 학점 따기 쉬운건 아니에요ㅎ	화학 베이스 없으면 힘들 수 있음.
시험때 어디까지 암기해야 하는지 확실치 않음
수업 참여태도를 평가한다고 하는데 그 기준이 매우 애매함. 교수님 본인도 딱히 기준이 없는듯 함	교수님께서 학생들과 호흡하려고 하시는게 눈에 보이고 
정말 생활속에 여러가지 화학이야기들을 알 수 있는 시간이라서 재미있습니다. 
그러나 그 이야기들을 암기해야한다고 했을때는 화학을 중학교 이후 처음 접하는 사람으로서 부담이 됩니다.	교수님이 학생들 편의를 많이 봐주심. 갓민경교수님..	화학에 대해 관심있거나, 기초가 있다면 들을만한 수업. 과학에 어려움 느끼시느 분들은 좀 힘들겁니다	한명한명 이름 외워주시려고 노력하고 학생들의견을 항상 적극 반영하려고 노력해주세요 빈칸 만들어서 수업자료 매주 올려주시는데 시험도 빈칸위주로나와요 무엇보다 절대평가!! 학점느님 갓민경 사랑합니다	저는 중학생 이후로는 화학을 배운 적이 없습니다.
고등학생 때는 문과였고 내신에선 물리랑 생물은 있었지만 화학은 없었고 생활 속의 화학 수업을 듣기 전에 그나마 아는 화학 관련 지식이라고 해봤자 중학생 때 외웠던 주기율표 1번부터 20번까지밖에 없었습니다.

지인의 추천과 새로운 강의 방식으로 인한 절대평가라는 점에서 수업을 듣게 되었습니다.

중간 강의평가 전까지는 많이 힘들었습니다.
학교에서 처음으로 도전하는 강의 방식이고 많은 관심이 본 수업에 쏠려인지 저번 학기와는 다르게 수업에 더 많은 내용을 첨가하셨고 예전에 수업을 들었던 지인의 말과는 다르게 수업 내용이 꽤나 바뀌었습니다.
초반엔 교수님이 마음만 너무 앞서간 듯 싶습니다.
생활 속의 화학이라는 강의명과는 다르게 너무 어려운 내용들로 구성되어 있었고 어려운 내용까지는 괜찮지만 생활 속의 내용과 조화를 이루어야 된다고 생각했는데 그냥 화학 같은 느낌이었습니다.
그래도 교수님께서 중간 강의평가 때 이러한 내용의 강의평을 많이 보신 후 수업 내용을 많이 줄이고 더 생활 속과 관련하여 수업을 진행하셔서 그때부턴 괜찮았습니다.

제일 아쉬웠던 점은 다음 학기부턴 없을 수도 있지만 이번 학기에는 학교에서 처음 추진하는 강의 방식이어서 그런지 수업과 전혀 관련 없는 사람들이 계속 수업을 방해했던 것입니다.
학교 이사장님, 총장님, kcc 전무 등 수업 시간에 좋은 말을 전해준답시고 시간만 잡아먹어서 안 그래도 원래 2시간짜리 수업을 교수님께서 1시간 정도로 줄여서 ppt에 있는 내용을 다 나가기도 벅찬 시간을 더 줄였습니다.

해야 될 것들은 수업 시작 전까지 블랙보드에 있는 그 주 수업 관련 영상 보기, 수업이 있는 주 일요일까지 블랙보드에 올라와 있는 토론에 댓글 달기, 수업 시간에 교수님이 질문하신 거 카톡으로 답하기 정도가 있습니다.

중간, 기말고사는 교수님께서 올려주신 ppt에 있는 빈칸 위주로 공부하면 되지만 그렇다고 빈칸만 보면 안 됩니다. 듣기로는 절대평가여서 그런지 교수님께서 성적도 꽤나 후하게 주신 것으로 압니다.

수업 시간에 방해도 있었고 처음 도입된 방식이라 잘 안 맞는 점도 있었지만 강의 내용도 좋았고 특히 교수님이 학생들과 소통을 너무 잘해주셔서 저희 의견을 바로 반영해주신다는 점이 좋았습니다.
질문이 있다면 언제든 교수님 개인톡이나 오픈채팅방에다가 여쭤보시면 친절하게 답해주십니다.

시험 때 저는 수업 전에 어차피 꼭 봐야 되는 교수님이 올려주신 수업 관련 영상을 자세히 한 번 보고, 수업 때 필기하면서 열심히 듣고, 시험 전에 ppt를 빈칸 위주이지만 전체 내용도 다 보는 것을 3~4바퀴 돌렸더니 중간 96 기말 100으로 수강생 중에서 전체 1등을 했습니다.

자랑처럼 보일 수는 있지만 제가 하고 싶은 말은 저처럼 화학에 대해서 아무것도 모르는 천생 문과생들도 그냥 꿀 빨기 위해서 수업 듣는 게 아닌 이상 저 정도는 아니더라도 어느 정도 시간투자만 하신다면 충분히 A+도 얻으실 수 있다는 것입니다.

어차피 과학기술영역을 채워야 한다면 이번 기회에 화학도 배울 수 있고 좋은 강의도 듣고 좋은 교수님도 뵙고 좋은 성적도 거둘 수 있는 생활 속의 화학 추천드립니다.	개인적으로 화학에 관심있어서 들었는데 정말 잘 가르쳐주심 갓민경교수님 bb!!	교수님이 학생들 편의봐주시려고 엄청 노력하시고 강의 내용이 어려워서 그렇지 교수님 강의력은 좋은 편임. 범위가 많긴한데 벅찰 정도로 많은건 아님.	나는 문과 인간이고 전공도 인문인데 고딩 때 화학 배웠어서+내가 화학 좋아해서 그 베이스로 수강함.
솔직히 강의 내용 많았던 것 맞고 고등학교 때 배운 화학1보다 내용이 깊긴 했는데,
그 깊은 내용들을 완전히 이해할 필욘 없고, 맥락적으로 알거나 것도 안 되면 외우면 문제 없음.
생활 속,이라기 보단 그냥 화학에 가깝긴 했지만 뒷 내용에 생활과 관련된 부분도 있고, 교수님이 중간중간 얘기해주시는 화학 관련한 사건들에 대한 약간의 이야기들이 있음.
교수님 학생들 입장 많이 생각해주시고, 유쾌하시고 무엇보다 강의력이 너무 좋으시다. 이번 학기에 들은 어느 교수님들 보다도 최고였음.
수업 빠진 적 없이 열심히 듣고, 빈 칸 위주로 외우되  모든 내용 읽어는 보고 해서 A+받았음	양 많고 고학번들 많아서 열심히 함 새내기는 에이쁠 힘듦 교수님은 굉장히 좋으시나 이 수업 자체가 별로임	화학에 관심있는 문과생인데 생활속의 화학이라고 하기에는 많이 그냥_화학스러운 수업이였습니다 내용은 좀 많~이 어려웠고 ppt분량도 정말 많았습니다  그러나 점수주시는것은 최고,,,첫 홀로그램 수업이라서 조금 불편하기도 했지만 교수님이 학생들과 계속 소통하려고 노력하시는 것 같아서 좋았습니다
과제는 매주 내주시는 생활속의 문제에 대해서 자신의 의견을 토론방에 올리면 되고, 시험은 많은 ppt양에도 불구하고 외우라고 하시는 부분만. 외우면 됩니다(빈칸과 붉은 글씨 위주) 저도 솔직히 수업 내용 많이 이해 못해서 어떤 부분은 그냥 이해 못하고 쌩으로 외웠습니다 홀로그램 수업이여서 그 주에 강의하신 영상을 블랙보드에 올려주셔서 인강처럼??복습할 수 있어서 너무 좋았습니다 다만 대충 공부하시면 헷갈리는 문제가 너무 많은 시험이니까 빈칸위주로 여러번 보시면 공부하신 만큼 풀 수 있습니다 (딱히 계산문제가  나오는 것도 아니고 <개념어> 위주이기 때문에) 항상 강의에 대해서 학생들의 얘기랑 피드백을 잘 들어주셨던 것 같습니다 
성적은 정말 혜자스러워요....정말 잘 주십니다(교수님 감사합니다ㅠㅠ) 열심히만 공부하면 절대평가라 무난히 에이쁠 주시는 것 같아요	재수강생인데 말만 생활속의 화학이지 그냥 화ㅡ학이다
성적은 진짜 어떻게 해서든지 잘 주시려는 노력이 눈이 보임
근데 학교에서 교수님께 이상한 걸 시키시는 바람에 수업이 좀 중구난방됨
교수님이 애들을 생각하시는 마음은 정말 감사하게 생각하나
그냥 화ㅡ학 이라는 점, 일주일 간에 해야될 양이 꽤 있다는 점, 수업이 중구난방이었다는 점 때문에 힘들었다
근데 앞으로 개선될 걸로 보임. 학생들 말을 잘 들어주시는 편이라
화ㅡ학 공부 하고싶음 들어라	매주 토론과제가 있긴한데 부담되는 수준은 아니고 전 한두번 빠졌지만 에쁠나오는덴 지장없었어요. 또한 절평이고 다같이 노베이스에서 듣는거라 학점은 노력한 만큼 나오는 것 같아요.	매주 토론참여과제를 신경써야되고 범위가 많은게 조금 힘들었지만 교수님 강의력이 정말 좋으셔서 끝까지 재밌게 공부했습니다.	2년전에 듣고 이번에 재수강해서 삼수강은 면했습니다.  예전 오프라인수업시절엔 과제2번 기말1번이었지만 이제는 과제대신 매주 토론의견적는게 있고 시험2번입니다.  아마 앞으로는 계속 이대로 갈거같네요. 화학을 좋아하신다면 강추이지만 별로 좋아하시지않는다면 듣지않으시는걸 추천합니다. 교수님은 물론 천사이시고 강의력도 좋으시지만 화학이 안맞는사람에겐 힘들고 내용이 어렵습니다ㅠㅠ 예전엔 수업시간이 2시간이라 교수님이 인생사 얘기해주시고 그러는게 참 좋았는데 이제는 수업시간이 1시간으로 줄어들어 촉박해져서 수업외 이야기는 하시지 않게된게 조금 아쉬웠습니다. 대신 수업이 빨리끝난다는 장점이 있네요	일단 꿀강의는 아닙니다  다루는 내용은 고등학교 화학1,2에서 계산하는 부분빼고는 다 다룬다고 보시면 됩니다. 그런데 방대한 화학이론으로 지쳐갈 때 쯤 생활 속에 적용되는 화학 내용을 다루시는데 그저 시험범위가 늘어난다는 생각밖에 안듭니다ㅋㅋㅋ 하지만 이번 학기부터 바뀌어서 30분 싸강 1시간 현강으로 바뀌어서 수업시간 부담은 없지만 시험부담과 컬러프린트 비용이 상당히.... 화학 생초보라면 듣지 않길 바랍니다.	일단 수업 자체가 양이 매우 방대함! 사실상 생활속에 화학에서 생활속에를 떼도 될 것 같은 느낌.. 하지만 다 똑같이 못하는 사람들이 듣는거라 괜찮을 수도 있음. 이번학기부턴 홀로그램으로 강의하시기 때문에 매주 인강을 듣고 와야하고 매주 일요일까지 토론글도 까먹지 말고 올려야함. 그래서 할게 좀 많은 느낌. 교수님은 참 좋으신분!	문과끼리 듣는 수업인데, 내용은 화학 전공하지 않는 문과인 이상 따라가기 어려웠어요. 그런데 교수님이 대단한분이라 재미있게 했어요. 선물도 많이 주시고 1-3시 강의라고 되어있지만 1:30에 출석해서 2:30 까지 1시간동안만 수업하고 끝. 나머지는 온라인으로 채우는 숨은꿀강의. 절평이라 노력만 하면 에이쁠입니다!	열심히 외우면 에이쁠입니다. 저는 재수강이라서 에이제로지만요. ㅠㅜㅠ 다른 학생들이 열심히 안 해서 열심히만 하시면 에이쁠 받아가기 무난합니다.	그저 갓만경 교수님. 제가 진짜 재밌게 들은 수업이 몇 안되는데 그중에 하나였습니다. 성적도 문과 나부랭이도 열심히만 하면 에이플 충분합니다. 화학에 관심있다면 망설이지 마세요!	30분 암기 벼락치기로 비쁠맞은 수업
노력대비 성적 잘 나온다고 생각함..	일단 저는 에이쁠받았습니다  한마디로 정리하자면 명강의지만 꿀강의는 아닙니다  생활속이라고 해서 쉽게 생각하시면 안됩니다 문과학우들은 수업하루 빠지거나 내용 이해못하면 나중에는 수업을 따라가기가 정말 어려워요 ㅠㅠ 그리구 4강까지는 할만한데 마지막 5강 유기화학이 어렵고 양이많습니다  전체적으로  암기량이 많아요 그치만 꿀인부분도 있습니다 중간고사는 두번의 과제로 대체되고 1강부터 4강까지는 과제에서만 시험에 나옵니다 과제랑 5강만 달달외우시면 되요 팀플도 중간고사도 없으니 수업시간에 집중해서 듣고 기말때 달달외우시면 좋은학점 받으실수 있습니다!	교수님께서 매우 좋으심. 공부할 내용도 딱 정해주심. 다만 양이 많고 암기할 것이 많기때문에 공부를 열심히할 의지만 있다면 학점받기도 나쁘지 않은 과목	과제2개에서 많이 내서 그거 달달 외우고 유기화학 열심히하면 에이쁠임 다만 중간고사가 없어서 양이 전공급 ㅋㅋ 이겨내면 좋은성적임 모두에게 어려우므로	오프라인 마지막 수업이라니 ㅠ
갓 민경 교수님 ㅠㅠ.....	일단 에이쁠을 받긴 했다는 점을 알려드리고 강의평 마저 쓰겠습니다
저는 “꿀”강의는 절대 아니라고 생각합니다 ㅠ 엄청 노력하고 나서야 받을 수 있었던 점수 였습니다. 과제2번쉽고 강의도 잘해주시긴하지만, 암기량도 많았고 중간중간 이해안가는 부분들 때문에 힘든 적도 있었습니다 또한 시험은 고등학교내신처럼 꼼꼼히 내시는 편이라, 열심히 중요한 부분들을 외워야합니다 
변별력은 아주 어려운 문제 하나로 내시는 것같습니다 그래도 그것 외에 다 잘하면 에이쁠 받으실수 있을 겁니다	과제2번(사실상매우쉬움) 기말1번으로 진행하고 일단 강의력이좋으셔서 집중이잘돼요. 근데 기본적인건 외워야하다보니까 중간고사쯤에 한번씩 복습하시고 시험보기 3일전쯤부터 두시간정도씩 PPT랑 과제반복해서보면 무난하게 A0이상받습니다 PPT에서 시험이다나온다고보면돼요. 재수강했지만 매우 만족했던강의입니다	과제 2번에 기말 1번으로 진행되는데 과제는 지금까지 수업에서 나온것과 인터넷에서 검색하면서 1시간안에 할수있는 가벼운 것들입니다. 기말시험도 외우는건 꽤 많지만 수업을 열심히 들었다면 충분히 다 감당 가능한 정도의 분량입니다. 강의 자체도 교수님이 워낙 강의력이 좋으신 분이고 화학을 배우면서 일상생활에서는 어떻게 쓰이는지 설명해주시고 수업 외적인 얘기도 많이 해주셔서 얻어가는게 많은 강의였습니다. 화학에 아는게 없는데도 수업 알차게 듣고 a+받아가네요 명강의 추천합니다.	교수님 레알 천사십니다... 외우기만 열심히 외우시길	기말에 한번에 몰아봐야해서 양이 꽤된다.  하지만 과제도 부담없고 팀플도 없고 교수님은 정말 갓민경♥	갓갓..과학 수업이 아니라 이야기를 듣는 느낌의 수업.
시험 공부는 하기만 하면 점수는 잘 나옴	교수님 강의력이 좋으시고 그냥 수업이 재밌음
공부를 정말 안 했는데도 비쁠
역시 명강의 추천추천	좋았어요! 유기화학 부분이 좀 어려웠긴 한데, 설명 쉽게 잘 해주셔서 재미있었습니더!	화학을 한 번도 배워보지 않아서 처음에 수강신청하고 걱정했는데
솔직히 수업 잘듣고 열심히 공부하면 전혀 문제 없었어요
오히려 사람들이 어렵다고 생각해서 거의 다 포기해서,,,	화학에대해 아예 모르면 안하시는게 나아요.. 어려운 부분이 이해가 안되거든요 무난하게 비플 정도원하시면은 괜찮고요	학점 잘 받으려면 공부 미리미리 해 놓으세요.. 외워놓으란 게 아니라 미리미리 이해를 해 두는 게 좋습니다.. 안 그러면 한 번 보는 기말시험 준비할 때 막막할 것입니다..	교수님 자체가 좋아서 학점상관 없이 1학년 때 들으면 좋은 강의!
학점은 잘 안 나왔지만 교수님 자체가 너무 좋은 분!!!	일반 교양보다 공부량이  꽤나 많은편. 다만 수강생이 많다보니 열심히민 하면 학점받기는 용이한 편입니다.  과제는 ppt에 거의 다 있는 내용이라 부담없고 수업 충실합니다	수업중에 배우는건 많지만 시험한번에 모든게 결정되는지라 개빡공을 해도 a가 안나올수도..... 그렇게 꿀까지는 아닙니다....	도전하는 마음으로 임했던 수업! 
교수님이 너무 재미있게 잘 가르쳐주셨습니다ㅎㅎ
하지만 시험은 정말 어려웠어요ㅠㅠㅠㅠㅠㅠㅠㅠ 통수 맞은 기분...	내 머리가 너무나 나빠서...
이해를 할수가없는 수업.
교수님은 정말 좋으심.
‘은’이라는 조사를 무시하지 말 것	아니 이거 왜 좋다는거지?????????????????????????????????????? 문관데 이거 공부하느라 머리터지는줄알았음 개열심히했는ㄷㅔ 에이안나옴 ㅎㅎ개꿀	수업 내용은 우리 일상생활에 쓰이지만 암기할게 많아서 부담스러워요.	교수님감사합니다. 화학뿐만 아니라 인생을 배운것 같아요	과제 2번에 기말 1번. 문과용이라 교수님께서 수준 맞춰 재밌게 화학을 알려주심	과제2번에 기말한번인데 
교수님이 워낙 잘 가르쳐 주셔서 괜찮게 들을 수 있습니다~~!	과학영역 채우려고 어쩔 수 없이 신청했는데 ㄹㅇ 갓민경..수업도 지루하지 않고 배우는 것도 많으며 알찬 강의였다 다만, 교수님이 시험문제 1,2,3,4강은 과제에서만 나온댔는데 두어문제가 프린트에서 나옴ㅠㅜ에이쁠 감사합니다	진짜 꿀강, 명강, 얻어가는 것 많은 강의 ㅎㅎ 하지만 어렵긴하다는 것 ㅜㅠ 그러나 나만 어려운게 아니여서 공부하면 에쁠은 확보!!	존경합니다, 교수님
교수님의 인생이야기와 명품 강의력에 한학기 알차게 보낸 것 같습니다	역시 갓민경.. 인간적으로도 존경할 만한 분입니다.. 당신 인생 이야기 해주실때 배울 점이 많으신 분이라 느꼈어요 진솔한 이야기 해주시는데 정말 눈물 나요ㅠㅠ
또 강의력도 교수님 다른 수업 듣고 싶을 정도로 장난 아니에요 진짜ㅠㅠ  과제 2번, 기말 1번 있는데 과제는 수업 프린트 바탕으로 하는거라 쉽구요! 기말도 열심히 공부하시면 에이쁠 보장입니다!	명강의는 명강의였으며 갓민경은 갓민경이었다.  수업 난이도도 어렵지 않았고 시험 전날 과제랑 피피티만 열심히 보면 무난하게 점수 가져간다.  다만 다음 학기 때부터는 교수님의 사정으로 인해 필터링된 수업을 진행해서 이전 수업들보다 재미는 덜할 수 있다. 그래도 과학영역을 듣고자 한다면 생화학을 추천한다.	수업 쉬움 교수님 강의력이 진짜 좋음
 과제는 프린트에서 찾아 쓰는거임
시험 쉬웠음 30분도 안걸려서 다풀은듯
3시간 안되게 공부하고 에이쁠 개꿀	1.  수업의 퀄리티는 진짜 짱짱임 교수님이 잘 가르치시고 재밌는 이야기나 인간적인 이야기도 많이 하심. 중간고사 안치고 간단한 과제 2번하는데 엄청 쉬움 대신 변별력이 기말에서 생김
2.  배우는 내용은 솔직히 어려움 교수님도 직접 말하셨는데 앞에 1,2강은 일반화학 내용이 포함돼있고  5강은 아예 유기화학. 생활속의 화학이라고 비누나 향초 뭐 이런게 아니라 유도쌍극자, 알케인,  폴리스타일렌 이런거 배움
3.  시험은 생각보다 어려웠음 범위를 과제1+과제2+5강으로 많이 줄여주시긴했는데 범위 아니었던 문제들도 내셨고 5강범위에서도 구석에 있어서 놓친 부분들도 시험에 나왔음 대신 학점은 잘 주심!  벼락치기 공부스타일이라면 꽤 괜찮은 수업

꿀팁: 수업시작하기전에 조교님이 간단한 실험을 하시는데 그거 때문에 출석을 10분정도 늦게 부름 어차피 실험은 시험에 안나오니까 그냥 즐겁게 구경만하면 됨!	명불허전 더 퀸 제네럴 갓민경. 너무 좋아서 재수강했다.	확실히 좋은 강의임
막판에  집중하고 초반에는 딴 짓 했는데 후회했음
그만큼 강의가 알차고 좋은 듯
시험도 생각보다 크게 부담되진 않음	교수님은 인간적으로도 완벽하신분. 삶의 지혜도 배울 수 있음.
강의력은 말할것도 없고.	갓민경...ㅠㅠㅠㅠㅠ 교수님 너무 좋아요ㅠㅠ 수업 관련해서 정말 생활속에서 연관된 화학적 요소나 화학이 필요한 순간들 그런 얘기 많이 해주시는데 정말 집중 잘되고 재미있어요!
내용 자체는 안어렵다고 하면 거짓말이긴한데 그래도 설명을 워낙 잘 해주셔서 조금만 더 공부하고 시험기간에 열심히 외우면 점수도 잘 나와요. 과제도 그냥 피피티에서 찾아쓰면 되는거라서 시험비중이 큰데, 하는만큼 나오는 과목인거 같아요.	저는 정말 자타공인 교수님 팬이었습니다 이번 한 학기동안.제가 고등학교에서 상상하던 그런 교양수업과 가장 가까웠던 강의!! 교양다운 교양!!
교수님께서 정말 인성도 좋으시고 과목말고도 교수님
인생에서,인품에서 배울점이 많았던 것 같아요. 학생들을 위하는 게 느껴졌고 부담가지지 말라고 중간고사도 대체과제로 대체해주십니다.대체과제랑 그냥과제 하나 더 있는데,둘다 피피티 컨트롤에프해서 30분도 안 걸려요.시험은 기말고사 딱 한번!
저는 정말 수업을 즐겁게 들었는데 생활속의 현상을 화학전공자의 눈으로 바라보며 이야기해주시던 게 흥미로웠습니다.매주 실험보는것도 재미있구요,시험은 '생활속의'에 초점이 맞춰진 게 아니라 화학에 맞춰있긴합니다.피피티 잘 보시고 뒷부분 유기화학 열심히 공부하시길!앞부분은 과제만 확실히 외워두셔요~
저는 원래 화학을 좋아해서 열심히 해 에이쁠 받았지만,제로 베이스에서도 충분히 따라올 수 있다고 생각합니다.저도 중학교수준의 지식으로 받았으니까요!
시험 공부하시면 많이 어렵지 않을거에요!화학식 쓰세요 이런거 아니고 문과분들 잘하시는 거의 암기식으로 많이나오니까 걱정하시지마시고 들어보세요💕추천드려요!!	장점
1.교수님의 강의력이 정말 좋습니다. 얻어가는 게 많았습니다.
2.이과  대부분이 이수제한 걸려있습니다. 문과생들끼리 싸움입니다.
3.시험 준비가 그래도 수월합니다.양은 많지만 총 5주제중 4주제는 과제 변형이고 나머지 1주제(유기화학)만 교안 달달 외우면 됩니다.
4.노력하면 학점 나오는 수업

단점
1.고등학교 때 화학을 안했다면 진입장벽이 꽤나 높습니다. 저 같은 경우엔 주기율표 조차 몰라 고생했습니다. 그만큼 노력했고 에이쁠 받았습니다.	개꿀임 중간 없지만 대체과제2개잇음 그러나 교수님이 올려주시는 강의노트와 구글링으로 충분히 커버 가능함 기말은 범위가 상당히 많지만 한양대 올정도의 머리라면 충분히 커버 가능함 그렇지만 화학 생각보다 어려울수도 잇음 수업 다 듣고 강의노트 빈칸 다 채우고 그거 가지고 전날에 밤새면 충분히 에제이상 가능	교수님 강의 정말 잘해주시고 과제제출 꼬박꼬박 하구 시험때 겅부 좀 하면 에이쁠 받을수 있어요 ㅎㅎ 저두 기말때 이틀공부하고 에이쁠 맞음	재수강인데도 안되겠다.... 수업은 굉장히 좋고 배울 것도 많고 재밌으나 화학에 대해 잘 모르는 사람이라면 그냥 외우는 것조차 힘듦; 잘 모르는 상태에선 중간에 수업 하나 정도만 놓쳐도 딴 세상... 나만 화학이 유난히 어려운건지 모르겠지만 프린트 봐도 모르겠음.. 그래도 후회는 없음. 재밌게 잘 들었고 분명 도움될만한 부분이 있었음.	교수님이 참 인간적이십니다. 열심히 하면 배워갈개 많을 것이고 열심히 하지 않으면 학점 테러당함	진짜 꿀강의... 개인적으로 화학을 좋아해서 들었습니다! 수업이 조금 빡세고 내용이 어려울수도 있는데 잘만 듣고 따라가면 에쁠 받을수 있어요 무엇보다 교수님 최고심 ㅠㅠㅠ꼭 들으세요 명강의!	과학영역을 채우기위해 들었습니다  교수님이 참 좋으십니다  수업이 진짜 기다려지고 즐거웠습니다 그러나 외울게 좀 많은편이고 시험이 생각보단 세세하게 출제됩니다 그래서 전 조금힘들었습니다 그래도 중간고사가 없어서(대체과제도 간단) 중간고사만 있는 전공수업이랑 교대로 공부할수있어 좋았습니다	진짜 추천하고 싶은 강의
화학을 좋아하는 문과생이어서 들었는데 교수님 너무 천사같으시고 너무 좋으심 수업도 내 기준 굉장히 재미있게 가르쳐주심 한 번도 안 졸았음!!
내용도 사실 화학 원래 좋아했어서 재밌었는데 유기화학 파트가 좀 외울게 많긴 함 앞부분이랑 중간부분은 고등학교 때 배우는 화학수준이라 쉽게 들음 유기화학 어렵다고 해도 이해만 하고 외우기만 하면 시험 잘 칠 수 있음 필자가 화학을 굉장히 좋아해서 별다른 어려움 느끼지 않았을지도 모르겠지만 정말 재미있게 공부했음 시험기간에 화학만 공부하고 싶었음 그리고 무엇보다 교수님이 정말 천사 학생 한명한명을 자식처럼 생각하시는게 진심으로 느껴짐	공부할게 많기도 하고 범위도 많고 시험을 한 번밖에 안봐서 전범위라 기말이 부담되긴 하는데
강의력도 좋으시고, 흥미롭게 설명해주시고, 인생이야기도 도움많이되고 좋아요
공부 많이 못하고 시험봤는데도 잘 나와서 다행이네요	김민경 교수님 인간적으로 좋으십니다. 다만 고등학교때 화학을 아예 안배운 저로써는 어려웟네요....과제는 두번인데 30분이면 하는 빈칸체우기고요. 
시험은 과제+실험프린트만 다외우면 비쁠은 받는다 보시면 됩니다	화학 이과생 수준으로 하니까 처음 화학배우는 사람은 안 하는 게 좋을듯...
평소에 열심히 해두세요
교수님 자체는 좋은 분입니다	출석은 항상 부르시고 시험은 기말 한번인데 진짜 배운 내용이 다 나오네요.. 이과생 수준.. 흥미로 시작하기에는 빡센 듯. 화학 진지하게 공부하고 매주 복습할 사람만이 살아남으리..