크게 어렵거나 힘들진 않았던 수업인 것 같습니다. 다만 교수님께서 수업과 관련 없는 말을 좀 하십니다...	13주차 동안 한거라고는 중간 대체 보고서 밖에 없지만 이미 평가가 끝나버린 정신나간 과목

채점 기준은 강의 절반을 딴소리 하는 교수의 강의를 정성스레 필기하며 들어주고

명확한 기준도 없는 보고서, 제출물을 교수 마음에 들게 써오는지

자유라는 명목으로 방임한 뒤 알아서 교수 속마음을 읽고 찾아줄, 한학기에 한두명 있을 그 학생을 찾기 위해 개설된 수업

굳이 듣지마셈	수업이 재미가 없었음. 내용상으론 듣기 좋은 과목 같은데 막상 수업을 들어보면 알다시피 내용이 많이 부실함. 다들 언급한대로 무엇을 기준으로 과제 체점을 하는지도 잘 모르겠음. 교양과목중 ㅎㅌㅊ.	얻어가는게 없는 교양
교수님과의 코드가 잘 안 맞으면 힘듭니다
굳이 듣지 마세요
교수님이 음대와 친분을 표출하는게 있어서 자신이 음대 다니면 성적 잘 받을수도(?)있어요	역시 갓호연. 학기 내내 학생들 배려해주시고 수업도 진짜 재밌었어요. A+폭격기 답게 성적도 정말 잘 주시고 학생들에게 항상 친근하게 다가가는 좋은 어른이십니다. 중간기말 다 부담 없었고 보고서는 열심히 했다는 게 느껴지면 좋은 점수 받는 것 같아요. 한 학기동안 부담 가장 적었던 과목이자 가장 재밌었던 과목이에요.	일단 교수님이 재치있으심!! 학생들을 최대한 배려해주시는 모습도 있으셔서 좋았음.. 수업도 재미있게 안 지루하게 하시는 스타일인데 사람에 따라 호불호 갈릴 수 있음! 마지막에 내야 하는 레포트 있는데 논문 많이 참고하고 글 논리정연하게 쓰면 좋은 점수 받을 수 있을듯!! 중간, 기말 문제도 배운 것만 잘 정리하고 생각하고 있으면 할 수 있음!!	진짜 티엠아이 천국임..... 너무 다른 말씀이 많으셔요 아직 성적이 입력되지 않아서 정확히 뭐라 말 할 수는 없는데 절대평가 속 부담없이 한 학기 잘 마무리 한 것 같아요	아재 그 자체임. 녹강은 깔끔한 데 지킬과 하이드처럼 실강만 되면 실없는 소리를 하심.	이번학기는 코로나 때문에 시험없이 전부 과제 대체로 진행함. 과제를 작성할 때 교수님께서 말씀하신 내용을 바탕으로 개인의 생각을 덧붙여 작성하는 것이 성적에 좋은 영향을 미친다고 생각!	그냥... 그냥 그랬습니다. 좋지도 나쁘지도 않았던 강의. 교수님이 학생들을 생각하시는 건 알겠는데 그게 학생이 원하는 것과 방향이 조금 달라서 많이 엇갈리는 듯. 사실 저도 막판에는 성적 때문에 골머리 앓고 좀 짜증내긴 했는데 뭐 강의 자체는 느슨하고  재미도 있었고 생각해볼거리도 꽤 있었어요..
성적 많이 신경쓰시는 분들은 웬만하면 다른 강의 들으시는 게 좋을 것 같아요! 성적 관련해서는 엄청 스트레스 받습니다.ㅋㅋ
어차피 졸업 영역 채우려고 들은거라서 그냥 뭐 흘러가는대로...
온라인이라서 오프는 어떨지 모르겠네요~	점수 짠 건 맞음 비대면 수업 특성상 과제 점수를 매번 공개하시는데 짜다고 느껴지는 험악한 숫자들. 하지만 막상 학점을  주실 때는 그 취득점수 대로 안 주심. 다른 과목들도 그러했음. 
점수는 학생들에게 열심히 하라는 의미의 채찍인 것 같고 현실상황이나 학생들 입장 고려해서 알파벳 학점은 후하게 주시려고 노력하시는 듯. 에타보면 과제점숨보고  난리인데 결과적으로는 에이 많음. 
코로나 때문에 다음학기에도 비대면일텐데 김호연 교수님 수업 고려하시는 분들. 과제점수에 충격받거나 일희일비하지 않길 바라는 마음에서 적음. 명확한 기준이나 피드백이 없어 답답할 수 있는 것도 동의. 팁을 드리자면 논문들 찾아가면서 완성도 있는 글을 원하심. 뇌피셜 ㄴㄴ.	무책임의 극치+과제 피드백 1도 없음+성적부여는 아무런 명확한 기준없음

특히 마지막에 실시간 강의말고 녹화강의 찬성한 소수를 위해준답시고 몇주치 녹화강의 미리 올린거 좀 웃겼다ㅋㅋ 사실은 그때 출장 있어서 그랬던건데ㅋㅋㅋ 어떻게든 학생들 위하는 사람으로 보이려고 일장 연설을 늘어놓는 모습이 위선자가 따로없다

교수가 하는말=정답
~을 다양하게 생각해볼것=사고는 해보되 교수말이 정답
교수가 부여하는 점수=무조건 받아들일 것, 이의신청하기전에 스스로가 얼마나 공정함에 합당한 처신을 하고 있는가부터 생각해볼것^^

한양대에서 이런 수업을 듣다니 너무나 화가나고 교수 스스로도 부끄러운줄 알아야함. 제발 학생들이 어떤 심정인지 좀 아셨으면 좋겠다. 그리고 과제가 4개나 있으면 피드백 좀 합시다

혹시라도 다음학기에 이 수업에 관심있는 친구들은 부디 강의평들이랑 그동안 올라온 수업 관련 글들 꼼꼼히 찾아보고 신중한 결정하길.	대면수업에서 잘 드러나지 않았던 교수의 이중성이, 이번 특수한 학기를 거치면서 낯낯이 드러났다고 생각합니다. 누구보다 독재적으로 강의를 운영하시는 분입니다. 평소 성적에 얽메인 삶을 살지말라고 하시는 분이 성적이의 신청 공지에 세상의 노예로 살지 말자라고 굳이 강조하여 적으셔서 이의제기 하면 세상의 노예가 되는 기분이 들게 하신 것이 단적인 예입니다. 개인적으로 이번 학기 세걸과 강의는 '이중성' 이 단어 하나로 요약하고 싶습니다..	진짜 듣지마세요 과제 내면서 먼지 설명도 안하고 평가기준도 없음. 아니 적어도 점수 짜게 주면 피드백이라도 해야지 그런거 일절없음. 쓸데없는 얘기많이함. 학점 개깐깐함. 비플	이번학기 시험없었고 1차 2차과제와 7문제의 수업과제로 평가가 갈렸으나 그 기준은 애매한정도가 아니라 그냥 없다고 생각하면 될정도 교수님의 생각이 곧 기준. 수업에서는 좋은말씀 많이해주시고 다양한 생각의 길을 열어주는듯 하나 나는 결론이 정해진다는 느낌이 강했음 ex) 교수님과 어느정도 배치되는 질문을 제시했으나 결국은 수업내용의 반복으로 대답하심 / 이거야 듣는사람에 따라 다르게 느낄수 있다고 생각하나 수업에서 말씀하시는 다양하고 열린 깨어있는 시각들은 당신께서 원하는 인간상의 제시일뿐 실제 보여주시는 모습은 그와 전혀 달랐음. 정량적 평가를 경계하고 스스로 생각하는 학생들을 원하시는듯 하나 누구보다 평가에 관한 언급이 많으시고 생각지도 못한곳에서 정량적평가를 시행하시는 모습을 보여주심 ex) 명확한디렉션이없었고 많은 학생이 실수했으나 지뢰밭을 통과하지 못한건 어쩔수없다는 식으로 말씀하시고 감점. 충분히 훌륭하신 교수님이라고 생각할수 있음. 그러나 이번학기 내가느낀것은 과장되고 어설픈 비유일 수 있겠으나 민주화투사로 시작하여 변절한 태극기부대, 누구보다 평등을 외치는 사회주의자이지만  뒤로는 꼰대권위주의자인 많은 정치인들이 생각났음. 과장된 비유이지만 초반에 보여주셨던 열려있고 탈권위적 모습에대한 기대, 그리고 종강에 다가갈수록 그 기대가 무너지며 오는 괴리감이 내가 굳이 길게 주절주절 강의평을 쓰는 이유임	절평인데, 교수님께서 요구하시는 과제 퀄리티의 정도가 꽤나 높습니다. 자료 열심히 찾아서 써야돼요	수업에서 얻어가는 것도 많았고 저는 교수님 괜찮았습니다. 그러나 안 맞으시는 분들은 안 맞으실 수도 있을 것 같네요. IC-PBL 수업으로 바뀐 후 절대평가이지만 과제가 너무 힘들었습니다. 생각보다 완성도 있는 것을 원하시는 것 같아서 논문, 책 다 찾아보아야했습니다. 그러나 헛되지는 않았던 것 같네요!	나는 개인적으로 굉장히 만족했던 강의.  대학교양 다운 교양수업 이었고 과학기술자들의 개인 과거사를 배운다는 게 신선했음. 교수님도 재밌으시고 (가끔 오바한실땐 제발 거기까지..ㅜ 그래도 좋으신 분임) 다만 팀플로 생기면서 책, 논문., 자료 많이 찾아봐야함. 팀플다들 열심히 했더니 고생했다고 기말고사는 그냥 서술형 몇문제로 간추려줌	정말 유능하신 교수님! 하지만 좀 호불호가 갈릴 수도 있으니까 잘 생각해서 수강했음 좋겠음. 교양다운 교양을 들을 수 있고 배울 수 있던 수업. 팀플이 조금 빡세지만 충분히 해야할 부분들을 잘 하면 걱정 없어요.	이번학기부터 팀플이 빡세짐. 교양 팀플치고 시간 엄청 투자해야함... 그런데 팀플이 빡세서 그런지 교수님께서 기말고사를 아예 부담없이 치를수 있도록 해주셨음. 수업 시간 내용 토대로 자기 의견 쓰는건데 평소에 수업만 잘 들으면 아예 공부 안해도 잘 쓸수있음. 교수님 성격도 너무 좋으시고 수업도 재밌게 들었음!	이번 학기부터 IC-PBL로 바뀌어서 팀플이 빡세짐(조는 교수님이 알아서 짜주심) 시험은 팀플때문에 힘들테니 문항수 대폭 줄이신다고 하셨는데 다음 학기에도 적용될지는 모르겠음 수업시간에 배운 내용 토대로 자기 생각 쓰는게 시험문제이니 수업 열심히 듣는거 뿐만 아니라 본인이 듣고 생각도 꾸준히 해야함 교수님이 떠먹여주는 수업은 아니나 한만큼 얻어가는 수업임 교수님이 어어어어엄청 괴짜심 호불호 팍 갈릴듯 갠적으로 나는 호였음 그래서 수업 열심히 듣고 가뿐히 A+ 받아감	IC-PBL 이라 절대평가 수업인 대신 팀플이 있음. 
출석 잘하고 시키는 것만 잘하고
시험은 어차피 별로 안어려우니 정도껏하고
그럼 A+ 나옴. 팀별점수도 있어서 팀도 잘 만나야함.	수업중 필기를 따로 안해주시기 때문에 노트북으로 옮겨적으며 강의들으면 좋을듯해요	들을만한 가치가 있는 수업, 없는 수업을 학생이 따지기에는 너무 오만한거같아서 따로 말해봅니다. 본인이 철학적 사고를 가지고 있거나 스스로에게 질문을 던지는 타입이라고 생각한다면 이 수업을 꼭 들어보시길 바랍니다. 수업 자체의 내용보다는 교수님의 강의력과 강의하시는 내용의 정리가 아주 뛰어나십니다. 교재를 보면서 이론이나 역사를 외워가는 수업은 아니고, 역사와 관련되어있는 하나하나의 이야기를 풀어주시면서 현재의 삶에 연관시켜 생각하게 하는 수업입니다. 다음학기부터는 절대평가로 바뀐다고 하니 성적 받기는 더 쉬울 것 같습니다. 이번학기에 들는 교양수업중에서 강의에 감사하다는 느낌이 드는 수업이었습니다.	들을만한 가치가 충분한 강의.
대학 입시용 과학 강의를 생각하고 왔다면 추천하지 않음.
과학기술자의 생애를 다루며 그 사람이  어떤 시대에, 어떤 삶을 살았고, 왜 그런 생각을 하게 되었는지 고찰해보는 강의.
단순히 이론을 배우고싶다면 절대 추천하지 않음.
이 강의는 이론에 대한 설명의 비율이 절대적으로 적음.
한 사람의 생애를 돌아보는 과정에서 개인적으로는 많은 것을 생각할 수 있었어서 좋았음.
좋게 말하면 유쾌하고 나쁘게 표현하면 괴랄하다 싶은 성격을 가지셔서 호불호가 갈릴 수도 있음.
가능하면 학생들이랑 가볍고 친근하게 소통하려고 노력하심. 다만 불편하거나 이상하다 느낄 수도 있으니 주의.
어쨌든 나름 괜찮은 강의였음.	대학에 입학해서 처음 들은 교양 강의인데, 너무 만족하고 갑니다. 생각하는 거 좋아하시는 분이 들으면 좋을 거 같아요. 이 교수님만큼 학생들 챙겨주시는 교수님도  없습니다. 한 학기 동안 즐거웠어요 :)	학교 거의 2년다니면서 처음으로 강의평을 써야겠다 마음 먹게한 수업 학기중에 과제나 수업 부담 없으면서 얻은게 많은 수업 학점도 교수님께서 최대한 잘나올수있게 배려해주심(시말서까지 쓰시면서C안나오게 퍼센트 비율 인위적으로 조정하심)하라는거 다하면 에이쁠그냥 나오는듯. 진짜 꿀+명강의임 담학기부터 이 수업 절대평가여서 더 꿀일듯	빡세지 않고 생각해볼게 많은 수업임. 내용 30퍼 생각해볼거 70퍼	내가 이번학기에 대학와서 가장 잘한 일 중 하나라 생각하는 게 이 강좌를 선택한 것이라고 자부할 수 있습니다.
 이 수업은 정말 제가 고등학교때 생각하던 대학교 수업과 정말 유사하다고 생각합니다.
 개인적으로 철학,  사회학,  세계사에 관련해 관심이 있는 분들은 좋게 들으실 수 있을 것 같습니다. 
 학점이 어떻게 나올지는 모르겠지만 낮게 나오더라도 나중에 한번 직접 찾아가 보고 싶은 교수님이십니다	괴랄하다고 느낄 수 있지만 솔직히 이만큼 학생들 생각해주시는 교수님 없단 생각이 들기도 함 
내용이 워낙 지엽적인 부분도 있지만 강의 자체에 애정이 갔던 수업 스스로 생각해볼 수 있는 주제들 이야기들을 던져주는 수업 개인적으로 추천	호불호가 갈릴 수는 있겠지만 난 너무 좋았음
아직 종강은 안했지만 이 수업을 들은건 학점이 어떻게 나오든 이번 학기에 내가 최고 잘한 일.
교수님께서 중립 지키려 노력하시고 현재 우리 사회 갈등 문제를 과학사에 기대어 말씀하심. 
평소에 생각하지 못한 것들에 대해 생각해 볼 수 있는 기회였음ㅎㅎ 수업 중 위로도 많이 받음ㅠ

꿀강을 바라고 오면 사람에 따라 지루할지도..?	진심 대학와서 들은 수업들중 역대 최고였다고 자부한다 아직 기말도 안보고 성적도 안나왔지만 학점과 관련없이 최고의 수업이었음 이 수업보고 별로라는 사람들  솔직히 이해안됨	과학자들의 비하인드 스토리를 들을수 잇어서 갠적으로 저는 재밋엇습니다	최소 비쁠은 나오는듯 하라는 것만 하면 ㅇㅇ 글 좀 맞춰서 쓰고 기말 조금 잘보면 에이까지 가능	재미있어요 들어보세요! 
여러 생각을 할 수 있게 해주는 수업입니다.	호불호가 갈리는 수업입니다. 저는 재미있게 들었습니다!! 수업만 열심히 듣고  과제 열심히 하면 에이쁠 가능합니다!!!	부끄럽지만 과학기술 자체에는 무지하기도 하고, 강의평가에 호불호가 갈릴 수 있는 수업이라는 의견이 꽤 많아서 잔뜩 겁을 먹고 오티 때 가서 보고 아니다 싶으면 나가자! 하는 마음으로 첫 수업을 들어갔어요. “지난 학기 4점 대 넘는 친구들은 웬만하면 듣지 마세요~ 저랑 안맞으면 한 학기 동안 힘드니까 나갈 친구들은 얼른 정정하세요~” 라고 말씀하시길래 정말 정말 정말 정말 심장이 쿵 내려앉으면서 취소할까를 고민했는데, 그렇게 겁 주시는 말씀과는 상반되게 저에게는 꽤 의미 있는 말씀들을 하시더군요. ‘우리’의 범주를 넓혀가는 것에 대해, 지식 판매자와 소비자로서의 강의가 아니라 스승과 제자의 만남 등-
그래서 한 학기 동안 수업을 들어본 결과는 말이죠!
결론부터 말하면 뻔하지만 얼마나 열심히 참여했는가가 제일 중요해요. 과제는 세종대왕 관련해서 견학 다녀와서 자유롭게 무언가 적어서 내는 것, 80세에 쓰는 자서전이고 시험은 기말 한 번이예요. 기말 볼 때 두 분? 정도 시험지 내고 나가시는데 과제 잘 봤다며 “네 전공이랑 엮어서 이렇게 한 게 잘한거야~” 라는 식으로 말씀하시길래... 사실 저는 그렇게 하지는 않고 수업 때 배운 내용 생각하면서 써서 불안했거든요 ㅠㅠ 그래도 최종 100점으로 A+ 받았어요 흐앙
다른 분들께서 지적하셨던 것처럼, 반복되는 말이 많기도 하고 아주 정제된 수업이 아니며 비속어가 섞여있는 점이 안맞는 분들께는 매우 힘들 수 있을 것 같아요. 저는 비속어 듣는걸 정말 싫어하는데, 교수님께서 강의평가를 보신건지 뭔지 농담 조로 새x 정도...? 만 가끔 말씀하시길래 생각보다는 괜찮았어요.
수업을 한 마디로 말하면, 과학기술자들이 처한 환경과 상황에 대해 함께 알아보고, 이를 통해 결국 인간, 우리에게 어떤 메세지를 전해주는가를 배워요. 관심 있으시면 듣는 것을 정말 추천합니다 :)	호불호가 확실히 갈릴만한 수업임 교수님의 화법이나 생각 같은 게 안 맞으면 수업 못 들음 수업은 과학에 대한 지식보다는 과학사를 통해 인문학적으로 생각하는 그런 걸 배움 수업 시간에 잘 듣고 녹음까지 하는 게 좋을 듯 수업 하시다가 다른 이야기로 많이 흘러가는데 한번쯤 우리가 고민해봐야 할 문제들이라 좋았음 다른 이야기의 비중이 좀 높은 게 문제 ㅠㅠ  과제는 좀 난해함 주위에 이 수업 들은 애들한테 물어보고 팁 얻으셈 시험은 주관식 객관식 서술형 있는데 다 수업 잘 들어야 칠 수 있음 교수님 기억력 좋아서 수업참여도도 반영 많이 되는 듯 쁠비율 채워주시진 않는 것 같음	호불호 많이 갈린대서 걱정했는데 일단은 본인이랑 맞아서 다행이라 생각했습니다. 중간은 과제로 대체하고 기말은 수업때 어느 정도 들어야 풀 수 있습니다.  본인의 생각이 어느정도 뚜렷해야되는 수업인거 같습니다.	이번 학기 수강했는데 호불호가 많이 갈릴만한 수업이니 오티 꼭 듣고 선택하셔야 합니다. 직설적인 화법을 쓰셔서 불쾌하실수도 있어요. 저는 괜찮았지만. 수업 안듣고 시험치기는 힘들지만, 평소에 잘 들으면 공부하기 쉽습니다. 학점도 밥아보니까 잘 주시는 편인 것 같아요. 저는 만족스럽게 들었습니다. 시험도 그닥 어렵진 않은데 자신의 주장을 잘 논리적으로 서술할 줄 아시는 분이 학점 따기 유리하실 듯 합니다.	교수님이 재미있으시고 수업시간 내용만 잘 들으면 성적 잘나와요	재수강 했고 아직 점수는 안나왔지만 나는 처음부터 극호였음 ㅋㅋㅋㅋㅋ스스로 생각을 많이 할 수 있게 해주는 수업이라 좋았음	수업 20% + 기타 80%
80%가 주로 사회,  윤리, 과학기술, 미래 등등이 대해  '생각'해보라고  강조하는 부분이자,  교수님이 이 수업을 하는 이유라고 생각함.
최대한 들어보려 했는데 내 입장에선 그 80%가 '개소리'에 해당함.
사실 80% 이상인듯	지금도 기억나는 ㅈ불쾌했던 수업중 하나. 명강의라고 추천하길래 들었다가 실망만 잔뜩하고 나옴 특히 왜 하라는건지 의도를 알수가 없는 과제들은 ㄹㅇ쉽대박이엇음	진심 너무 좋은 교수님입니다.
학생들을 생각해주시는 마음이 깊은 분이시고 교육에 대해 열정이 있으십니다. 강의내용은 과학철학과 연관이 되어있어서 과기철을 듣고선 이강의를 들으면 더 좋을 것 같습니다. 호불호가 갈릴 수 있지만 제겐 더없이 좋은 교수님입니다.
학점은 잘 주시는 것 같다고 생각합니다. 조금 졸아도 필기를 열심히하고, 교수님께서 하시는 말씀을 잘 듣고, 과제를 성실히하고, 매시간 잘 출석했다면 학점은 노력한만큼 받을 수 있을것입니다.(이건 당연한것이죠..?)	진심 마음에 안드는 강의였습니다. 왠만해서는 안조는데 교수님이 말씀하시는게 한 문장이 끝나기 전에 다음 문장으로 넘어가는 화법을 쓰셔서 ㅠㅠ 뭘 말하고 싶은 건지도 모르겠고 계속 졸게 되네요. 중학교때 선생님 보는 것처럼 학생들 막 대하십니다. 열심히 듣고있다가 갑자기 '너네 이렇게 나랑 눈마주치면서 이해된다는듯이 미소지어도 에이쁠 안줘^^' 발언은 충격적이었네요 ㅠㅠ 아집에 둘러싸이면서 열려있는 척 하는 강의 한 학기동안 듣는거 정말 힘들었습니다.	*지극히 개인적인 의견이므로 참고바랍니다*
1. 겉으로만 열려있는 척하는 위선적
2. 본인의 생각이 우월하고 옳다는 표현
3. 학생들에 대한 호불호가 존재 
4. 그에 따른 성적에 대한 차별은,,,글쎄?
위에 말한 건 교수에 대한 나의 개인적인 생각과 주변사람들의
생각이고 학생마다 호불호가 갈리므로 신중히 선택할 것!	저는 잘 받긴 했는데, 자기 생각 쓰는걸 중시하시는 분이세요	명강의라고 해서 들었는데 대학와서 처음으로 좋은강의 들은거같다. 얻은것도 많고 느낀점도 많다 굿굿 교수님 짱이다.. 근데 하라는 과제 다 하고 시험 잘본거같은데 학점은 뭐.... 글 잘쓰시는분들은 학점 잘 받을듯	이번 학기 가장 부담없이 재밌게 들은 강의
과학기술의 윤리적 문제에 대해 다시한번 생각하는 계기가 됨
사회, 가치관, 미래에 대한 이런저런 생각도 해볼 수 있었고
교수님의 솔직한 태도가 좋았음
-그렇게 크게 위선적이었다고 생각하진 않음,
세대가 달라서 이해하기 힘든 부분도 있었다고 생각함-	의외로 호불호가 갈리는 강읜데, 저는 갠적으로 이번학기에 정말 듣길 잘했다고 생각하는 강의입니다. 평소에 몰랐던 사실들도 많이 알아갈 수 있고, 교수님이 학생들을 위하는 마음도 잘 느낄 수 있었습니다. 정말 이상적인 대학 수업이라고 생각합니다. 과기철 수업내용을 평소에 잘 언급하시긴 하지만, 아직 과기철 배우지 않은 저도 A+ 받은거 보면 얼마나 수업을 잘 들었는지가 관건이라고 생각합니다. 저학년에게 학점 얻기가 수월하다는게 이 수업의 단점이라면 단점이라고 할 수 있겠네요. 꼭 이 수업이 아니더라도 김호연 교수님의 수업은 한 번쯤 듣기를 권장합니다.	교수님의 수업 색깔이 뚜렷해서 호불호가 극명하게 나뉠 듯. 다만, 본인은 지금까지 들었던 강의 중에 가장 대학강의 같았음. 단순 지식 전달 목적으로 강의하는 것이 아니라 여지껏 생각하지 않았던 지점들에 대해서 한 번 고민해볼 기회를 마련해줌. 이 부분이 가장 마음에 들었음. 또한 수업도 굉장히 편안한 분위기에서 진행됨 . 개인적인 생각으로는 시험도 평소 수업 잘 들었으면 크게 공부할 내용이 없는 것 같음.	강의 자료가 세세하지 않아서 수업을 안들었으면 시험치기 매우 힘듬.  다만 수업을 열심히 들었다면 따로 공부할 필요가 없는듯.  호불호가 갈린다지만 나는 매우 좋았음.	저는 좋았는데 다른 사람도 들으라고 추천은 쉽게 못하겠어요
수업 방식이 ppt를 이용하거나 판서하는 게 아니고, 교수님이 강단에서 그냥 말씀해주시는 그런 수업이라...이런 방식이 잘 안 맞는 분들은 지루할 수도 있음. 사실 저도 초반에는 몇 번 졸음...1교시 수업때문에 어쩔 수 없었다고 변명해봅니다. 그래도 나중에 가서는 재밌게 들었어요
수업 내용은 좋았어요. 저는 완전 문과라서 과학 쪽은 문외한이었는데 즐겁게 들을 수 있었음. 여러 과학기술자들의 이야기를 스토리텔링하듯이 들려주셔서 재미있었고 이해도 잘 되었어요. 밑에 분의 사고가 확장된다는 말에 공감합니다. 내용 자체가 엄청 어려운 것은 아닌듯..? 
개인적으로 제가 이번 학기 동안 들은 수업 중에 제일 재밌었네요.
시험을 준비하기 위해서는...수업 자료말고도 교수님의 말씀을 필기하는 것을 추천합니다.	진짜 비추. 절대 듣지 마세요. 안듣는걸 추천.	호불호가 극명하게 갈리는 수업입니다. 본인이 '1) 교수의 지나친 개그나 정치적 발언에 거부감을 느낀다. 2) 교수의 위선적 태도 (연예아 OO는 내 거야! > 여성인권은 중요햡니다) 에 매우 민감하다. 3) 자의적인 채점방식을 암시하는 것을 한 학기 동안 참을 수 없다. ' 이 세가지 요소를 충분히 따져보고 고민하신 뒤 선택하시길 바랍니다. 교수님께서 학기 중에 말씀하시듯이 과기철의 심화과정이고, 수업의도 역시 대부분 비슷합니다만 우리가 익히 알고있던 고정관념을 교수님께서 깨주심으로서 사고의 폭이 확장된다는 것은 자명한 사실입니다. 가치관의 대립점과 양비론이 아니라면 한 쪽의 편을 섣불리 들기 힘든 주제로 학생들로 하여금 수업시간 때 만이라도 그러한 점에 대해 고민하게 해주십니다. 수업이 잘 맞고 익숙해지기만 한다면 1주일에 2시간은 쉬어가는 시간으로 느껴질 수 있습니다. 개인적으로도 그러했고요. 공부양 역시 수업에 충실한다면 크게 많은 것은 아닙니다.	과학자들의 성장배경과 일생을 간략하게 배우는 수업. 교수님이 강의중에도 단어선택이 굉장히 자유로우신 편이고 유쾌하심. 비속어에 반감이 있다면 상당히 싫어할만한 수업. 피피티자료나 특별한 판서는 없고 간단한 수업자료만 제공되지만 이는 거의 수업내용의 목차정도라고 생각하면되고 결국 수업시간에 말한 내용이 시험에 나옴. 교수님의 사견도 많이 언급되지만 그러한 부분이 시험문제로 나오진않았음. 중간에 과제가 있는데 그냥 굉장히 자유로운 형식이어서 얼마나 변별될 일이 없어보여서 그냥 솔직하게만 쓰고 엄청 짧게 작성해서제출했는데 전혀 불이익 없었음.	최대한 순화해서 말하는데 교수님 성격 이상하십니다. 가끔 역겨울 때도 있었어요.	이분께서 늘상 말씀하시던 '한 학기 내내 싸가지없는 얼굴로 앉아 있는 애'가 나였다. 그런 소리 들을지언정 당신의 태도에 불편한 학생이 상당히 많다는 것을 좀 알아 주셨으면.
나름대로 교수라는 분이 교양 없게 학생들에 대한 정이랍시고 이 새끼 저 새끼 하시며 몰상식하게 쌍시옷 들먹이신다. 죄송하지만 그런 저열한 표현으로 쌓을 정이라면 전 사양하고 싶은데요.
이 밖에도 청자를 불편케 하는 언행들을 서슴지 않으며 (다수의 정치적 선동과 차별적 발언-특히 특정 연예인을 입에 담으며 자신의 소유물인 양 말씀하실 때는 정말 양아치 같다. 또 이견을 틀린 것이라 치부하는 상당히 교육자답지 못한 태도), 그렇지 않다고 말하면서 자기와 다른 것은 모두 배척하는 경향이 있다. 수업에 임하는 태도에 대해서도 역시 마찬가지. 학생마다 수업에 참여하는 방식이 모두 다른 것인데 당신께서 원하시는 방식과는 다른 방식으로 참여하는 학생을 불성실 혹은 불손하다고 결론지으시는 옹졸한 속내, 또 과격한 표현을 불편하게 여기는 학우들에게는 '진실되지 못한' 친구들이라고 낙인 찍는 좁디좁은 시각에 무릎을 탁! 치고 갑니다.	주제가 어렵긴하지만 남는것도 많고 과학분야에 친해지진 못 해도
익숙해질 수 있는 수업 임 
교수님 굉장히 유머러스해서  과학수업이지만 부담을 크게 안 가져도 됨	피피티 없고 판서도 없어서 지루함.
들은걸 후회하는 수업. 나의 많은 교수님의 수지찬양이 보기 불편	과학자들의 생애를 소개하는 강의
영화 스플라이스가 참 기억에 남는다
시험은 그리 어렵지 않았는데 과제나 서술형을 생각해보면 글 잘쓰는 사람이 유리한 과목인듯	성적을 입력하신 후에 제대로 된 설명없이 자기맘대로 정정해서 성적을 바꿔버리시더라구요. 더욱이 점수를 깎는 상황이였다면 공지성 메일을 보내는 것이 아닌 제대로 된 사유를 보내주셨더라면 좋았었을 것 같습니다. 애초에 제가 들은 성적입력방식은 상위등급 비율을 과다하게 잡을시 성적 입력 자체가 안되는 체계라고 들었는데 점수를 더 주고 싶어서 10점을 임의로 더 줬던건데  비율이 안맞아서 그냥 다시 10점 깎겠다라는 식으로 성적을 정정하는 건 무리가 있다고 생각합니다. 주변에서 이에대해 다른누군가가 부정한 방법으로 치고 올라온것이다 등의 이야기도 했었지만 그런 일은 아닐거 같고 학교측에서도 성적은 교수님 재량이라고 그랬으니 그냥 이 수업을 안 들을 걸 그랬습니다. 아무리 교수님 재량이라도 이런경우는 처음이거든요.	수업 내용은 유명한 과학기술자들의 다양한 일화를 썰 풀 듯 강의하는 수업. 사이사이에 교수님의 개인적인 견해나 입장이 쉴새 없이 드립과 함께 쏟아지기 때문에 호불호가 갈릴 수 있는 수업입니다. 저는 재밌게 들었고 중간 기말 과제 두 번과 기말고사 한 번인데 두 번 다 글만 좀 잘 쓰면 큰 공부 없이 좋은 성적 받아갈 수 있습니다. 다만 본인이 글을 좀 못 쓴다 싶으면 반대로 무슨 짓을 해도 성적을 못 받아 갈 수도 있습니다..	흠 학점이 잘 나와서 미화되는 경향은 있지만 나름 재밌었음! 수업 필기 다 해야되고, 교수님 말씀 하나하나 주의깊게 들어야됨 다 시험문제임ㅎ 그리고 과제는 짜잘한데 견딜만함! 출결 중요하니 지각하지마세요	내가 과학기술자에 대한 수업을 들으러 온 건지 
정치 색깔이 무엇인지 확인하러 온건지 모르겠다.
가르치는 것도 배워가는것도 하나도 없는 재학중 최저급의 수업이다.
위한이니 여기니 평점이 좋아서 들었는데 
경악을 금치 못할 정도의 쓰레기 강의
그리고 아래 강의평에 시험지에 자신 출신지 적으라는거 팩트이다.	최악의 교수
정치에 관심 없다, 중립이다 라는 소리를 하시며
모든 상황을 정치에 비유를 한다.
시험지 위에다 고향을 쓰라고 하는 건 대체 무엇?
방학 때 전국 돌아다닌다며 그 지역에 있으면 연락하겠다는
같잖지도 않은 핑계를 대는 것에
구역질이 나는 걸 억지로 참았다.	중간고사 없고 기말고사만 침.
교재 따로 없고 수업 내용 정리해서 파일 보내주심.
분량도 얼마 안 되고 그거만 보고 시험 쳤는데 에이플 받음.
학점은 플러스 올려주심.	혁신과 잡종의 과학사랑 같이 들었는데

솔직히 수업의 질이 비교적 매우 떨어지고

교수의 사견을 많이 이야기함.

물론 한번쯤 들을만한 이야기나 호불호가 갈릴듯.

점수는 쁠 채워주지만, 나는 a+못받음 ㅂㄷㅂㄷ

개인적으론 보고서도 시험도 잘쳤는데 왜 못받았는지 이해가 안 가서 물어보니 등수만 알려주고 체점결과를 상세히 알려주지 않음

수업자료가 매우 부실하기 때문에 수업자료 그대로 답안지에 써도 A+ 안나옴

결국 수업을 엄청 집중해서 들어야하고, 수업 제대로 안 들었는데 그게 문제에 나오면 A+ 못받는 수업	과학 / 기술 영역의 꿀강의라고 들어서 이번 학기에 신청했는데 소문대로 정말 좋았습니다! 중간고사는 과학기술자와 관련된 장소 현장답사 레포트 제출로 대체하셨고 기말고사 한 번 봤습니다! 수업 때 판서를 안 하시는 편이라 재밌다고 필기 안 하고 그냥 듣고만 있으면 나중에 시험 볼 때 모르는 말들이 많이 나올 수 있습니다! 일단 수업 들을 때 교수님이 반복적으로 말씀하시는 내용 중심으로 필기하고 메일로 보내주시는 수업 자료와 함께 암기한다면 시험 잘 보실 수 있습니다. 성적은 모두 쁠 채워주시고 레포트보다는 시험을 잘 보는게 중요한 수업입니다!!	교수님 진짜 좋으심!! 강의력도 좋지만 인생에 관한 얘기를 많이 해주시는데 정말 좋음 이번 학기 제일 좋은 강의였음!! 과학자들에 대해 배울 수 있는 것도 좋았음 김호연 교수님짱!	교수님에  대해  호불호가 갈릴 수도 있긴 한데 난  좋았음
문과라  과학분야 교양 뭘 들어야할 지  고민한다면 이 과목 추천	이 교수님  강의력을 떠나  언행이 별로임.  비추..차별적 워딩쓰시는거 강의내내 불편했음.  중간중간 여성혐오적인 단어 쓰시면서 웃음분위기 만들으셨다. 인기많은 교수님인데 올해는 달라졌을까 궁금하네	김호연 교수님은 사랑입니다. 진짜 명강의라고 불리는 이유가 있는 수업이다	교수님이 학생에 따라 호불호가 갈리는  분이지만
나는 극호였으므로 대만족 강의였음. 
교수님 말씀하시는 거 들으면 학생들을 굉장히 생각하시는 분이구나를 느낄 수 있음. 인생 얘기도 잘 해주시고 강의 스타일도 굉장히 편안하심. 
판서 거의 없고 대신 강의 내용을 잘 받아적긴 해야함.
역사적인 부분과 같이 연계해서 설명해주셔서 문과 전공인 나한텐 더더욱 유익한 수업이었음. 
주의 깊게 듣다보면 교수님이 반복해서 말씀하시는 부분이 있는데
거의 그 부분에서 시험이 나옴. 
이번에는 중간고사 안보고 대체 과제 했었고 
답사, 독후감, 감상평 내는 거였고 분량만 정해주시고 양식 따로 없었음.
2개 이상 하면 추가 점수 주셨고 기말고사에도 추가 점수 주는 서술형 문제 있었음.  
수업 주의 깊게 잘 듣고 출석 잘하고 정말 하라는 거만 제대로 하면 
그대로 점수 나온다고 생각함!	성적 생각 없이 편하게 듣고 교수님과 이야기를 나누는게 굉장히 좋았습니다!
시험은 기말고사 한번만 보고, 중간고사는 대체과제로 레포트 쓰는 것이었는데 부담스럽지 않았습니다~!
대신 교수님이 호불호가 극심하게 갈려서 듣고 싶으신 분들은 꼭 오티를 들어가셔야됩니다.
오티때 들어보고 안맞다 싶으면 바로 나가는게 맞는 수업!	수업 컨텐츠도 흥미롭고 개인적으로는 교수님 해주신 말씀들 덕분에 앞으로 어떻게 살지 고민 할 수 있어서 좋았습니다. 과제에 두 번이긴 한데 큰 부담없이 쓸 수 있고 정말 하고싶은 말 논리정연하게만 잘쓰시면 돼요. 시험 기말고사 한 번인데 수업중에 하신 말씀 왠만하면 다 필기하셔서 그대로 써내시면 에이 이상 받을수있어요!!