교수님 강의력이 너무 좋으십니다. 설명도 차근차근 이해가 잘되는 수업,0
음 중간고사를 말아먹었는데 기말고사에서 만회가 가능할정도..  기말고사때 하루 공부햇습니다,0
이게 꿀강의가 아님 뭐람. 대학교에서 찐교양인 수업 수강신청이 치열한 이유가 있다 과제: 수업때 자기 생각 쓰는 거고 수업때 자기 의견 말하면 됨-> 다들 안들어서 대충 말해도 됨 내용: 논어가 어렵다 생각하지만 교수님이 풀어서 설명해주시고 내용 자체도 착한말이어서 어렵지 않음 시험: 중간 기말 둘 다 보지만 족보랑 비슷해서 서술형 준비만 잘 해가면 됨 하루 공부해도 충분함 학점: 중간 모범답안 보여주시면서 정말 좌절했지만 성적 잘 주심,0
교양다운 교양 과목이었습니다. 논어를 제대로 공부할 수 있는 좋은 수업입니다. 강의력도 교양 과목 중에서는 좋으신 편입니다. 그리고 교수님께서 논어를 읽으며 생각할 거리들을 많이 던져주십니다. 이에 발표나 1~3문장 정도로 글쓰기를 통해서 자기 생각을 말하게끔 시키십니다. 난이도가 절대 높지 않고 평이한 정도라 부담없이 수업에 참여할 수 있습니다.,0
첫 교양 수업이라서 다른 교양이 어떤지는 모르겠지만 좋았습니다! 수업이 흥미롭고 다양한 생각을 해볼수 있는 내용들이 많아서 부담없이 수업에 임할 수 있었습니다. 시험공부는 해야지 점수가 나오는 것 같아요,0
교수님은 매우 친절하시고 편의를 봐주시지만 논어 자체가 재미가 없네요.,0
교수님이 친절하시고 학생들을 잘 배려해주십니다. 수업시간 중 1시간 정도 이론 수업 하고 나머지는 간단한 토론을 진행합니다,0
꿀교양이라고는 못하겠지만 논어를 읽고 깊이있게 생각해볼 수 있도록 방향을 제시해주시는 점이 좋았습니다. 논어 책을 읽고 선행학습을 해야하지만 결코 부담스러운 양이 아닙니다. 고전읽기 영역 수업 들어야한다면 논어읽기 추천드립니다.,0
철학 좋아하시고 독서 좋아하시면 추천합니다! 생각해볼 거리도 많고 교수님도 좋으시고 강의도 유익하다고 느꼈습니다 :) 다만 시험이 논술인데… 정말 글 잘 쓰는 사람에게 유리한 것 같다고 느꼈습니다. 근거 문장 찾는 건 어렵지 않는데 그걸 어떻게 풀이하냐로 점수가 갈리는 것 같습니다.,0
이상적인 사회에 대해 고민하는 사람이라면 흥미롭게 들을 수 있음 옛날 과거제 공부한다는 느낌 내고싶으면 추천,0
1학년 최고의 명교양 꼭꼭 들으세요 제발 🙏  논어를 읽고 싶으시다면? 들으시면 됩니다. 다만 재미는 강의평들에서 말하는 것처럼 그렇게 재미있지 않아요,0
덕분에 논어 한번 쭉 훑을 수 있어 좋았습니다. 중간 기말 각각 이틀씩만 투자해도 에이쁠 충분히 나옵니다. 시험 전 에타족보 보고 답안 한번씩 ㅇ완성해보시먄 좋을 것 같아요,0
수업시간에 발표해야 한다는 게 걱정이었지만 과제 없이 매주 선행 강의 듣고 중간 기말만 보면 된다길래 수강했는데 최고의 교양이었습니다 발표 주제 자체가 어렵지 않고 교수님께서도 발표에 부담 주시려고 하시는 편은 아니라 그냥 기회가 주어졌을 때 본인 생각만 잘 말하면 돼요 수업시간에 교수님이 말씀해주신 거 잘 필기하고 주제별로 논어 구절 정리해놓으면 시험도 잘 볼 수 있습니다 지엽적이지 않고 핵심적인 주제에 대해서 설명하면 되는 식이에요,0
교수님이 굉장히 친절하신 편이지만 글솜씨가 좋지 않거나 발표를 매우 꺼리는 분들에게는 힘든 수업이 될 것 같습니다. 거의 매수업 어렵지 않은 주제로 토의를 하거나 간단하게 발표를 하게 됩니다.,0
글을 잘 써야 하기는 하나 논어 한 권을 읽을 수 있고 여러가지 생각을 해볼수 있는 면에서 매우 좋은 강의입니다,0
꿀과목은 아닙니다. 시험도 2번 보고 공부도 좀 해야합니다. 하지만 글짓기 잘하시면 추천합니다.,0
장점: 시험 없고 발표 또는 레포트 대체 성적 잘 주심 단점: 영어 잘 해야 따라갈 수 있음 과제 양은 많지 않은데 꾸준히 있는 편,1
수업 개인적으로 나쁘지 않았어요. 물론 영어를 잘해야해요. 그런데 그거 말고는 매주 한 챕터 읽는 과제가 있는데 본인이 발표 맡은 주 말고는 딱히 안 읽어도 괜찮았어요. 어차피 학생들이 발표하고 교수님이 추가 설명도 해서 책을 직접 읽지 않아도 대강 알아들어요. 그리고 매주 LMS에 토론 참여해야되는데 이것도 발표할 때 발표자들이 낸 문제들 중 하나 골라서 답하는거라서 쉬워요. 수업시간에 토론할 때 주변 사람들 의견 듣고 하면 금방 끝낼 수 있어요. 발표 총 2번 있고 마지막에 에세이 제출해야돼요. 그런데 중간고사 대체 발표도 그렇고 기말고사 대체 에세이도 다 시간 오래 안 걸려요. 할 것들이 많지만 어려운 것들은 아니라서 시간을 엄청 많이 잡아먹진 않았어요. 그런데 영어 못하면 안 들으시는걸 추천드려요.,1
Take this class! Like take it! The best class i ever took ever since I came to Hanyang. You just share your thoughts freely and actually learn a lot of new things that will help you in persuading other people. The class has a nice and friendly environment so yepp you will feel safe to share your thought (for my introvert babies)  HOWEVERRRRR if you are shy shy or youre 아싸 don’t take it cause you’ll be exhausted by their energy!,1
시험은 없으나 지속적으로 수업 참여를 요구하는 수업입니다 나름 소수로 진행되고 수업 내용은 전혀 어렵지 않아서 외국 고등학교 느낌입니다 외국인이랑 소통하는데에 부담 안 느끼고 본인 의견을 공유하는 걸 좋아하면 강추:),1
외국인들과 각자 나라 문화 생각들을 자유롭게 토의할 수 있는 수업이에요. 반이 외국인 반이 한국인인데 외국 안살다온 사람들은 거의 없어요. 매주 있는 discussion 이 조금 귀찮고 그룹발표 한 번 중간발표 한 번 기말 에세이 이렇게 있습니다. 소수라 다같이 친해질 수 있고 재밌습니다. 덕분에 고전영역 잘 채웠습니다,1
한 책으로 한 학기를 배우는 수업. 토론을 항상 함. 장점은 한 토픽에 대해 자유롭게 의견을 표할 수도 있고 다른 사람들의 생각과 경험을 들을 수 있음 단! 매주 토론과제 내야 하고 APA 양식을 못 하면 점수 많이 깎임. 영어수업이라 영어로 자유롭게 대화가 가능한 사람은 들어도 나쁘진 않음 근데 과제양 각오 해야 함.,1
과제 심하게 많아요. 매주 1단원씩 읽어서 토론 글 올려야 합니다. 수업 때 그룹 디스커션 있는데 이후에 발표해야 하고요. 메인 과제도 2~3개 추가로 있어요. 배우는 내용이 뭔가 있다면 보람이라도 있을 텐데 그냥 책 읽는 수업이라 얻는 게 없었어요. 영어를 엄청 잘 하시는 게 아닌 이상 비춥니다. 잘하셔도 과제량이 너무 많아서 웬만하면 말리고 싶네요. 그냥 outliers 책 구매해서 읽는 거 추천드려요.,1
너무 과제가 많아요.. 수업은 쉽고 시험도 없는데 과제가 부담스러워요.,1
시험은 없습니다. 다만 과제가 정말 정말 정~~~말 많아요  매주 금요일 마감인 팀플이 주어지며 팀 조원도 매주 바뀝니다. 매번 팀플용 방을 새로 파야해요. 그리고 딱히 의미있는 과제도 아닙니다. 그냥 시간만 잡아먹는 그런 디스커션 과제에요. 물론 이말고도 매주 댓글 남기기 과제가 있고 1학기 동안 최소 15분 발표영상 제작 최소 10분 발표영상 제작 독후감 에세이가 있고 기준도 깐깐해서 열심히 하면 성적 잘 주신다길래 들었는데 솔직히 이 정도 시키면 잘 줘야합니다. 그래도 난 감당하고 성적 잘받을래? 저도 그렇게 생각했는데 에이 받았어요,1
워크로드 때문이 웬만하면 다른 교양 듣는 것을 추천드립니다 중간 기말 과제로 다른 교양 3학점보다 시간 많이 뺏깁니다. 그래도 에이쁠 주신대서 꼼꼼히 했는데 감점 많이 받았는지 저는 점수 잘 안나왔습니다,1
과제가 많습니다.  여기 오실 정도면 영어엔 크게 무리가 없겠습니다만 저는 영어쓰기는 원활하지 않아 파파고를 좀 사용했습니다. 학점은 잘 주시는 것 같으나 왠만하면 막학기에 한 자리수 학점 들으실 때 고전영역 + 영어강의 동시에 채우는 용도로 들으시면 적합할 것 같습니다. 좋은 원서 책을 알아가고 영어 실력이 티끌만큼 향상된 점은 큰 장점이라 볼 수 있겠습니다.,1
할 게 너무너무 많습니다..ㅠㅠ 그리고 영어 웬만치 잘하시지 않는 한 안들으시는 걸 추천드립니다.. 외국인 친구도 사귀고 성공에 관해 생각해볼 수 있어 수업 자체는 재밌었습니다! 그런데 시간이 없으시다면 절대 듣지 마세요.. 5전공과 함께한 아웃라이어는 고통 그 자체였습니다...,1
교수님 저체는 열정적이어서 좋은 팀플이랑 과제가 너무 많다 ㅠㅠ 해야되는게 넘 많아서 힘들었다 ㅠㅠ 원래 비대면 전에 교수님 수업 들었을때는 천사였는데 왜 이렇게 됐는지 ㅠㅠ,1
성적은 잘 주신다는데 아직 안받아서 모르겠고 매주 과제 + 발표 2번 + 에세이 1번.. 전공보다 빡센 교양은 너무한거아닙니까?,1
과제 너무 많음.. 시간없는 사람ㅇㅔ게 비추!!!,1
수업 내용이 신선해서 좋았어요. 그리고 다른 과분들이랑 친해질 수 있는 기회도 있어서 좋았고 일단 시키는대로만 하면 학점을 정말 잘 주세요,1
수업에서 얻어갈게 많습니다. 교수님께서 굉장히 친절하시고 분위기 메이커셔서 수업 동안 유쾌하고 즐겁습니다.,2
과제가 매우 많습니다.. 시키는거 다했더니 a0 받긴 했어요. 영어 정말 잘하셔야지 들을 만할 것입니다… 국제학부 아니면 따라가는게 힘들 수 있어요,2
교수= 갓 브랜든은 외국인 교수들 중에서도 진짜 착하고 재밌음 교수가 좋기때문에 수업때도 부담이 일절없음. 분위기 화목함. 문제는 과제로 매주 뭐 읽어야되고 뭐 써야되고 팀플도 짜증나는 순간에 몇개씩 붙음. 풀학점학기때 들을 만한 강의는 아님. 과제 난이도는 사랑의실천 수준. 어렵진 않은데 자꾸 치임,2
교양 주제에 할거 개많음. 관심도 없는 내용 매시간 토론에 챕터별 한페이지 요약에 팀플에 에세이에 시간 잡아먹는도둑임,2
과제가 진짜로 많지만 배울껀 많다고 생각함.  나름 재미있는 수업인데 영어를 못하면 비추.,2
과제가 정~~~~말 많지만 교수님이 그만큼 열심히 준비하시고 수업에 대한 애정이 보입니다. 학생들이랑 많이 소통 하려고 노력하시고! 다만 과제 매주 감상문 있고 팀플도 있고 마지막에 에세이도 있어요. 그래도 꾸준히 열심히 하는 모습 보여드리면 점수는 정말 잘 줍니다.,2
수업 블랙보드가 정신없음. 영전교양도 많이 들어봤고 전공도 영전으로 듣는데 이처럼 어디에 어떻게 점수가 들어가고 뭐가 과제이고 이런 부분이 명확하고 깔끔하게 정리되지 않은 수업은 처음임. 공지도 가독성이 떨어짐. 고전읽기 채우려고 들었는데 후회스러움. 좀 꼼꼼하게 교양 잘 챙길수 있고 영어가 어느정도 되는 사람이 듣길 추천함. 자잘하게 해야하는 과제들이 많음.,2
교수님이 착하십니다. 가끔씩 화목한 가족 사진도 보여주네요 ㅎㅎ. 자유롭게 인터넷 포럼에 의견을 올릴지 실시간 토론에 참여할지 선택할 수 있는 것이 좋습니다. 중간발표도 난이도가 그리 높진 않네요. 단 영어 실력이 꽤 있어야 원활히 수업에 참여할 수 있을거 같습니다.,2
과제는 많은 편이지만 교수님 준 rubric 따라서 작성하면 점수 잘 나와요. 발표 는 시간분량 진짜 중요해 영어 발음 그런 것 전혀 걱정할 필요 없습니다,3
교수님 수업 재미있게 하시려고 노력하시는게 보여서 너무 좋았음. 시험도 없어서 좋았는데 짧은 책 읽고 독후감을 몇개 써야했어서 과제량은 좀 많은 편인것 같음. 발표 있고 토론도 있어서 영어 자신 있는 사람이 들어야 할거 같음. 성적은 나쁘지 않지만 조금 아쉬운 정도ㅎㅎ,3
교수님 엄청 찾해요 영어 수준 어느정도 필요해요 그런대 다른 외국인교수 처람 점수 깐깐하게 주지는 않아요 절대 평가 강의여서 편하게 들어도 되요 첫 presentation 는 좀 깐깐하게 조요 가면 갈수록 전수 잘줘요 마지막 ，presentation 엄청 대충 했는데 Q&A 잘했어 발표 98점 줬음. 시험없고 책일고 reflection 쓰는게 쫌 귀찮쓰,3
영어학원 필요없음. 여기가 지상 최고 영어학원임. 과제 많음. 리스닝 라이팅 스피킹 다함. 개꿀잼 교수님. 이~~츠 퓌니쉬! \(@0@)/,3
과제나 다른건 둘째치고 수업 중이든 팀플을 하던 머릿속으로 생각한 것들을 막힘없이 바로 영어로 말할 수 있는 능력이 매우 필요해요. 영어 회화 능력이 아주 중요합니다. 강의 수준도 높고 학생들 영어 수준도 아주 높았어요. 자기가 진짜로 영어를 잘하는 것 같다. 이런 사람들만 들으세요.,3
특징들 위주로 정리해드릴게요. 보시고 단순히 고전 읽기 교양 채울려고 이 수업 알아보시는 분께 도움됐으면 합니다.  1. 커리큘럼 이전 교수님 강의평과는 분위기가 완전 다름. 총 7권을 다뤘고 짧으면 1페이지 길면 40페이지가 넘는 분량이 책을 약2~3주마다 1권씩 읽어오고 관련 내용(소설 속 과학철학적 의미 등)을 수업함.  2. 과제 기본적으로 1권당 Reflection(감상문) + 개인단어 10개 정도 + 개인단어를 활용한 창작 소설/시 이렇게 3개씩 나가고 1페이지짜리 책 제외해도 학기 중 최소 18개의 개인과제가 있음. 감상문 최소단어도 300words에서 마지막 책에는 750words까지 기말이 다가올수록 양이 늘어나서 사람마다 다르겠지만 시간단축을 위해선 글솜씨에도 약간의 소질이 필요함. 점수는 제출여부로만 평가.  3. 퀴즈 수업 시간에 내용+공통단어&개인단어를 바탕으로 9~10주차 쯤 25분짜리 30문제 퀴즈를 수업시간에 침. 이번에 올 비대면이라 오픈북이였지만 수업시간에 집중 안하다 ppt만 보고 퀴즈 준비하려면 결과 보장은 못함. 그냥 수업시간 집중하고 전날 복습+단어 정리만 하면 점수는 무난하게 받는 듯. 마지막 문제는 개인단어를 활용해 창작글 300words를 작성하라는 문제가 나올만큼 교수님이 창작 쪽을 좋아하시는 것 같음.  4. 조별과제 - 발표 이것이 이 수업의 핵심이자 이걸로 호불호가 가장 많이 갈릴 것 같음. 6권의 책으로 2~3주마다 과제랑 별개로 팀 발표를 준비해야 하는데 6번 다 조원들도 4~5명씩 랜덤으로 바뀌고 모든 아이디어 구상 대본 ppt 작성을 수업시간에도 팀별 시간은 약간 주지만 따로 카톡방 개설해서 중으로 최소 1번은 만나야 함. 쉽게 말하면 전학영의 심화버전임. 교수님께서도 하루는 전학영 교재로 발표 구상 수업을 할만큼 창의성 발표 일관성 등을 많이 강조하심. 대본은 읽을 수는 있어 다행이나 뒤에 QnA도 받아야 하고 팀합 꼬이면 서로 껄끄러운 발표가 되어 조원도 운이 따라야 함. 발표가 점수 비중이 크나 단독캐리가 안되는 방식이라 개인 점수는 첫 발표 이후 +-3점에서 크게 안 벗어난다고 보면 됨.  5. 총평 기본적인 영어 문장구사 -> 스피킹 리스닝 라이딩 능력이 없으면 수업이 많이 힘들 것임. 본인도 전학영 및 창작영어교양은 A+ 쉽게 받았지만 이 수업 과제량은 정말 혀를 내두를 정도였고 조별과제의 부담이 커서 전학영의 핵매운맛을 수업듣는 느낌이였음.(외국인도 절래절래하더라..) 물론 이 수업에 관심 있다는 건 영어에 자신 있어서 더 알아보려고 하는 사람들이니 더 얘기는 안하나 영어 스피킹에 스트레스 받는 사람은 첫 수업에 영어로 자기소개도 시켜보니 한번 ot 듣고 판단하길. 교수님 자체는 수업 때 활기차게 하실려고 열정적인 모습이라 좋으신 분임. 단순히 고전읽기 채울려고만 듣는다면 절대 비추.,3
매우 많은 조별과제와 끝이 없는 ppt 발표. 그래도 배울 것은 많고 테드 창 소설 등이 나와 재밌음. 교수님도 매우 유쾌하심.,3
교수님 엄청 착하세용 장편 소설 읽고 과제하는 게 귀찮을 수 있지만 시간 조금만 내고 집중하면 에이쁠 받을 수 있습니다!!,4
정말 개인적이지만 졸업하기 전 들어보면 좋을 교양이라고 생각함. 사람에 따라 시간을 많이 써야 해서(책을 읽고 발표 준비 등등) 팀플 느낌이 좀 있어서 불호라고 생각할 수도 있긴 하다. 그러나 얻어가는 것이 더 많다고 생각하고 테크노 경영 등등의 교양처럼 완전 요구하는 것이 많은 것은 아니라고 생각한다.,4
격주로 수업중에 짧은 토론이 있긴 하지만 학생들에게 최대한 부담을 안주시려고 노력하는게 느껴졌습니다. 말과글 재수강한 공대생도 참여할 수 있는 가벼운 주제로 던져주시니 솔직하고 편하게 참여하시면 좋습니다.  개인적으로 소설도 너무 재밌게 읽었고 토론에서도 많은 걸 얻어갔습니다. 기말 발표는 교수님이 강조하는 포인트를 잘 고려해서 신경써서 하면 좋습니다. 졸업 전 마지막으로 듣는 수업인데 너무 재밌고 좋은 수업이라 교수님께 감사하네요.,4
성적은 잘 못받았는데 좋아요 부담스럽지 않음 성적은 제가 챙기지 못한 부분이 있어서 잘 못받은거지 교수님은 좋으세요,4
진짜 교양느낌 토론 생각보다 재밌었음 ㅋㅋㅋ 아쉽게 에이플은 아니지만 전공듣고 이거들으면 편안함,4
과제나 발표 할때 의견을 꼭 잘 정리해야 된다,4
팀원들이 참여를 제대로 안해서 혼자 의견 정리하고 발표하고 다했지만 그래도 매주 심도있는 책을 교수님의 해석과 함께 읽어나가는 과정에서 얻은게 많은 것 같습니다. 과제 글쓰기 있는데 그냥 열심히만 쓰시면 A+ 호로록,4
정말 좋았던 수업이에요 매시간 열심히 참여해서 에이쁠 받았어요,4
대체 1년사이에 무슨 변화가 있으셨던건지.. 수업에 대한 부담이 늘었다는게 확연히 느껴진 수업이었다. 재수강이라 A0를 기대했는데 무슨일인지 B+이신 분들이 많은걸 보니 이제 학점느님은 아니신듯. 그렇다고 수업 형식 자체가 재미없는건 아님. 비대면이여서 아쉬운 수업이다. 와세다 대학과 함께 한 합동 수업은 색다른 경험이어서 매우 좋았기 때문에 4점 박고 갑니당,4
책은 안읽고 나무위키 찾아보고 수업들었습니다. 공부는 하지 않지만 기억에 남는게 많은 좋은 수업. 과제는 무난하게 대충해서 비쁠 받음. 솔직히 개꿀강의!!!!!,4
과제는 매주 책 한권에 대한 주제중에 선택해서 글 쓰는 거고 매주 줌수업 하면서 소모임으로도 얘기나누고 다음주엔 발표하는 형식으로 진행 되었어요! 배워가는 것이 분명 있는 수업입니다 줌 수업에서 최대한으로 참여 이끌어내주시려고 하신 것 같아요 교수님도 좋으십니다! 수업참여도 점수도 꽤 비중이 있으니 수업에 열심히 참여하시면 좋은 성적 받으실 거에요 추천합니다 😊,4
빡셉니다... 시험은 없지만 수업 전에 소설 몇 백 페이지 되는걸 읽어야하고 매 수업 조모임 팀프만 합니다. 열심히 했는데 비쁠 떴어요... 발표능력이 엄청 좋아야 에쁠 받을 수 있는 것 같아요.,4
하라는거 다 하고 팀플 개많름 그냥 맨낳맨날 팀플임 개화남 비쁠뜸,4
장점:시험없음. 교수님 좋으심. 얻어가는것 있음 단점:  SF관련 지정도서 2주에 1권씩 읽고 비평문 써야하는게 조금 힘들수도 있음 하지만 다른 고전읽기 영역 강의들에 비하면 아주 괜찮은 수업이라고 생각합니다.,4
교수님 참 좋으시고 학생에게 관심이 많으심 중간중간 좋은글 쓴 학생에게 책을 선물로 주셔서 놀람 다만 2주마다 책 한권씩 읽고 글 한편씩 써야돼서 과제가 좀 힘듬 그렇지만 절평이고 시험없고 SF고전이라 그것만으로 충분히 좋은 교양인듯,4
기왕 고전읽기과목을 하실거면 이 강의를 하시는 것을 추천드립니다. 장점은 다른 과목과는 다르게 sf를 읽는다는 점 (고전 두꺼운 책 하나 읽으면서 고군분투하는 것보다 sf 6권 읽는게 진심 훨씬 나아요)  교수님이 착하시다는 점 시험이 없다는 점 (이번 학기에는 기말 레포트 없었어요) 단점은 책을 6권이나 읽고 논평(1-1.5페이지)을 써야 한다는 점 수업이 지루하다는 점 인터넷강의가 있다는 점 인강보고 짧은 메모?써야한다는 점이 있습니다. 그래도 학기마치면 책을 읽어냈구나 하는 생각도 들고 괜찮습니다.  한 책 당 2주씩 들여서 하는데요 첫 주는 책을 읽고 와야하고 책에 대한 수업 + 책에 대한 조별 토론과 발표까지 합니다. 성적미포함이라 부담x 두 번째 주도 책에 대한 수업 + 최종 토론과 발표합니다. 이 또한 성적미포함이라 부담x 발표도 거창한거아니구요 그냥 그 자리에서 토론한거를 10초~1분정도 짧게 발표하시면 됩니다. 근데 수업이 정말루다가 지루합니다 (교수님 사랑합니다) 논평은 1-1.5페이지짜리 4편이랑 아주 짧은 2편을 쓰시면 되고 2편은 그냥 제출에만 의의를 갖고 내용으로는 평가를 안합니다. 논평이 써질까? 걱정하실텐데 의외로 읽으시면 쓸 것도 꽤 있고 써집니다. 책도 하루면 후루룩 다 읽는데 읽으면서 메모하시는걸 추천드려요. 그러면 논평이 더 잘 써집니다. 인터넷강의도 들어야 하는데 한 책 당 하나씩 있구요. 좀 긴데 제대로 안봐도 체크를 안하시는..... 하지만 들으면 논평쓰는 데에도 도움이 됩니다. 인터넷강의를 듣고 아주 짧게 평?을 써야하는데요 그 평 자체가 논평이랑 겹치는 내용이기 때문에 그냥 논평 요약문 쓰신다고 생각하시면 됩니다. 지금 제 강의평을 보시고 왤캐 할 게 많아 싶으시겠지만 고전읽기 중에선 꿀인 편에 속한다는 것 그리고 학기 마지막에 남는 게 있다는 것(수업을 제대로 따라가셨다면) 과제는 학기 전체적으로 꾸준히 진행되고 기말/중간 기간에는 짧은 논평 내면 되기 때문에 시험기간에 딱히 부담없다는 것! 암튼 추천드립니다!,4
매번 책을 읽어야 하는게 많이 귀찮습니다ㅠ 독서일기는 수업시간에 쓰는 시간을 주셔서 부담은 덜하지만 시간이 부족해서 어떻게 쓸지 미리 준비해가야 해서 과제가 매주 있는 수준입니다.. 교수님께서 좋은 말씀 많이 해주시고 생각할 거리를 많이 던져주십니다. 다만 수업 내용과 벗어난 말씀을 마아않이 하셔서 다른 말씀하시다가 수업 내용이 밀린 적이 많습니다.. 그래도 매주 새로운 분들과 토론하고 생각을 들어보는 경험은 정말 좋은 경험인 것 같습니다! 교수님께서 하고 싶은 대로 하라고 말씀하실 정도로 수업 분위기는 자유롭습니다!!,5
<인간에 대한 오해>라는 책으로 수업을 하는데 책이 굉장히 어렵습니다… 매주 책을 읽고 서평을 써가야하고 수업시간에는 조별토론과 교수님의 수업이 함께 진행됩니다 딱딱한 내용이라 재미는 없지만 생각할 거리는 많은것 같습니다 3시간 수업을 안들어보신 분이라면 3시간이 꽤나 긴 시간이라는 걸 느끼실수 있습니다… 그래도 교수님이 최대한 책 읽을 시간을 주려하시고 열심히 하면 성적도 나름 잘 주시는 것 같아요,5
토론와 글쓰기에 자신이 없어서 걱정했는데 말그대로 성실하게만 하면 알아봐주시고 점수 잘 주십니다. 물론 교수님의 모든 말씀과 생각에 동의했던 것은 아닙니다. 근데 수업을 들으며 교수님의 말씀도 그대로 존중하면서 동시에 제 의견도 스스로 존중하는 마음을 갖게 되었습니다. 이런 점에서 의의가 있었다고 생각합니다. 기본적으로 성실하다면 이 강의 추천드립니다. 함께 수업 들으며 만났던 사람들도 너무 좋았고 덕분에 과제가 많더라도 수업 시간엔 힐링한 적도 좀 있었던 것 같습니다. 파이팅!,5
매주 책읽고 토론하고 서평써야함 이번학기만 그랬는지는 모르겠지만 자꾸 서평 쓸 시간 없어서 30분 준다고 해놓고 더 짧게 줘서 나중에부터는 집에서 써감.. 성적 잘 준다고 매주 말씀하셨지만 올출석에 나름 부족하지만 열심히 했다고 생각했는데......... 암튼 에이쁠 잘 준다는 건 아님.. 내가 산증인이다....,5
주마다 토론하고 서평 써야함. 그리고 이것들 성적에 다 반영되고 ㅇㅇ. 책도 내용 자체가 어려워서 쉽지 않음. 근데 배워갈 것도 많음. 솔직히 책 내용 아직도 다 이해 못했지만 교수님 강의 듣고 어느정도는 깨닫는 것도 있어서 의미 있는 수업이였다고 생각함.,5
매주 강의노트와 조별 토의를 해야함 이건 많이 빡세진 않은데 매주 딱딱한 내용을 많은 분량으로 읽어야 한다는 게 쉽지 않았음. 무엇보다 교수님의 가치관이 굉장히 뚜렷하신데 편하게 느낀 점을 쓰라고 하셔놓고 논술형 시험을 보는데 채점 기준이 .. 자신의 의견과 비슷해야 에이쁠 주시는 듯함. 에이쁠 폭격기 절대 아님. 그래도 교수님은 좋은 분이신 듯함,5
GOAT 이 한 마디로 정의할 수 있다 성적에 관해서는 한없이 자애로우시다  근데 할 건 좀 많으니 마냥 꿀 빨려 하지는 마셈,5
책을 읽고 매주 토론하는 수업 형식인데 IC-PBL 수업이라 일단 절대평가고 매주 있는 독후감 과제만 성실히 하면 수월했어요. 중간고사는 없고 기말고사는 매주 제출했던 독후감을 하나의 pdf로 병합한 다음 책에 대한 전체적인 에세이를 써서 추가하면 됐어요. 책 내용 자체가 어렵긴 한데 본질적으로 한가지 주제에 대해 말하고 있어서 이것만 이해하면 될 것 같아요. 매 주마다 한 챕터씩 읽어오고 매주 랜덤 조로 토의를 했는데 본인의 독후감을 나누는 정도였어요. 다만 외국인 유학생 비율이 꽤 높았는데 비대면 수업이라 그런지 조별 토의에 참여안해서 꽤 애를 먹기도 했습니다,5
조별 토론 매주 있고 생각할 거리가 많아 교양수업 다운 교양입니다.  매주 독서노트 제출 중간기말 에세이 잘 쓰면 발표 안해도 A+ 받을 수 있습니다. 책이 많이 어렵고 두꺼워서 시간 투자 좀 많이 해야합니다.,5
중간 에세이 기말도 에세이인데 문제를 공개해주세요! 책읽고 독서노트 열심히 쓰시면 될 거 같아요 근데 책이 너무 어렵기느합니당,5
평소에 토론 좋아하면 들을만합니다 책읽는게 귀찮을뿐,5
이것이 교양이다. 첫 대학 교양 수업이었는데 새로운 관점에서 바라볼 수 있게 도와주었대,5
할건 굉장히 많지만 교수님이 좋으시고 열심히만 하면 학점도 잘주십니다 !,5
절대평가라고 만만히 보시면 안됩니다. 매주 제출해야하는 독서노트 + 팀토의 + 중간기말대체과제 등 할일이 매우 많습니다. 그럼에도 인간에 대한 오해라는 접하기 힘든 도서를 같이 읽으며 여러 사람과 생각을 나누는 과정이 재미있었습니다. 전 독서노트 총합 26장(챕터가 60p 정도면 3장 100p 이상이면 5~6장 정도) 중간과제 1.5p 기말서평 2.5p 정도 적었고 개인발표 1번 해서 에이쁠 취득했습니다.(팀발표는 안했습니다) 열심히 할 자신 있는사람만 신청하시길 바랍니다.,5
입으론 a+ 폭격기 현실은 b+폭격기 발표해도 b+ 걍 레포트 무식하게 많이 쓰는게 답인듯,5
교수님에 대한 악평이 많길래 걱정했지만 좋은 책을 한 학기 동안 강제로 읽을 수 있다는 것에 의의가 있다고 생각하고 수강했습니다. 근데 교수님도 좋으시고요 학점도 잘 준다고 생각합니다. 제가 왜 그렇게 생각하냐면 수업 마지막에 독서노트를 병합해 제출하기로 되어 있는데 이것을 다른 학우분들이 다 볼 수 있도록 교수님이 설정해놔서 실례지만 다른 학우분들의 독서노트를 봤는데 솔직히 제 기준에서는 에이쁠은 커녕 비쁠도 받기 힘들어 보이는 것이 수두룩 했습니다. (제가 과한 게 아니고 제 기준에서 그렇게 노력의 흔적이 보이지 않았어요) 그런데 에이쁠 제가 기억으로는 46%인가 주신 걸로 압니다. 밑에 분은 박하다고 하는데 정말 자신이 책을 열심히 읽고 독서노트를 작성하셨는지 여쭤보고 싶네요. 교수님도 악평과 다르게 좋은 교수님이셨습니다. 학생 편에서 최대한 배려해주시려고 하고요. 학점따기 어렵지 않습니다. 그냥 성실히 매주 책 읽고 독서노트 작성하고 조별 토론하면 됩니다. 이걸 제대로 안하는데 학점 잘받길 원하고 쁠 안채워 줬다고 하는건.. 어폐가 있다고 생각합니다. 여튼 저한테는 최소한 "인간에 대한 오해"라는 명저를 강제로 읽고 정리할 수 있었다는 거에 의미가 있었던 수업이었습니다. 저는 매우 추천드립니다.,5
토론이나 조모임에서 말을 많이 못해도 열심히 참여하는 모습만 보이면 점수에 영향이 가지 않습니다. 좋은 교양인것 같아요.   시험범위도 적고 힌트도 많이 주십니다. 교수님 짱!,6
교수님이 반일 성향이 강하심 토론하는거 좋아하면 강추,6
교수가 좌파 정치색이 강함 굳이 티를 냄 그것 빼고는 날먹 과목,6
학생들 배려도많이해주시고 말하는거에 대한 부담이없다면 추천 생각깊게하기싫고 혼자 조용히 수업듣고싶으면 ㄴㄴ,6
할 게 너무 많습니다 매주 준비해야 할 것들이 있어서 학기 내내 힘들었습니다,6
강의평 보고 수강신청하는사람들은 잘 생각하고 하셔야될듯. 토론 좋아하고 에세이 작성 좋아하며 철학에 관심이 조금이라도 있으신 분들에게만 권합니다. 인문대 경영경금 사과대 분들이거나 이 분들과 견주어도 밀리지 않을 자신 있다! 싶으신 분들은 들으시면 됩니다. 과학 주제 철학으로 토론도 하고 발표도 하고 에세이도 쓰는데 시험도 있어요!,6
모두가 극찬을 하는 교양이기에 호기심에 신청했으나 만족한 수업. 토론을 개인적으로 즐기는 편이라 의견 나누고 서로 이야기하는 것이 재밌었음. 출석을 엄청 중요시하세요. 저번에 10분 늦었는데 흠흠 지각이라 흠흠 뭐 제가 늦은 거니.. 교수님께서 배려를 많이 해주신다는 부분도 느낄 수 있었음. 시험은 교수님께서 범위도 되게 줄여주시고 힌트도 많이 주셔서 해당 범위 열심히만 준비하고 꼼꼼하게 쓰세요. 난 꼼꼼하게 안 써서 다른 거 점수 다 잘 받고 기말에서 많이 깎여 최종 에이제 흑흑,6
힘들긴 했지만 그만큼 보람있는 수업이었습니다 교수님께서 학생들 배려 많이 해주십니다,6
교수님이 학생들 배려를 많이 해줌 토론할 때 열정적으로 참여하고 남들이랑 의견 나누는 걸 좋아하지 않는다면 수업이 안맞을 수도 있을 것 같음 하지만 생각해볼 것도 많이 던져주시고 정말 교양 같은 교양이라는 느낌이 드는 수업이었음,6
자료 엄청 조사해서 하는 토론이 아니라서 서로 이야기 나누면서 재밌게 토론했습니다! 생각 나누는 거 좋아하는 사람들한테는 정말 잘 맞을 것 같아요! 큰 과제(발표 혹은 에세이)가 하나 있고 매주 꼼꼼히 챙길거 있고 기말 있는데 모두 그렇게 어렵진 않지만 꿀인건 아니니 총평 높다구 들으면 후회하실 수도 있어요! 교수님이 학생들을 배려하시는게 느껴지는 수업입니다! 수업내용부터 과제나 학점부분까지 배려 정말 많이 해주십니다. 학교 다니면서 가장 재밌었던 수업입니다! 다른 교양들은 어쩔수없이 학점 채우는 느낌이었다면 이 수업은 진짜로 교양지식이 쌓이고 논리력 등 능력이 키워지는 느낌이었습니다:),6
꿀강의가 절대아닙니다. 할거 진짜 많고 에세이 양 엄청납니다. 토론도 매주 있으며 과제도 너무 많아요.,6
교수님께서 학생들을 배려한다는 점을 계속 느낄 수 있음. 시험이나 과제나 그리 괴롭지 않음. 할 일이 많은 것은 팩트지만 어렵지 않은 일들임. 내용도 너무 알차고 즐거운 내용들로 수업해서 좋음.,6
여태 들은 강의 중 최고. 다른 수업들 듣다가도 생각난다 책읽고 발표듣고 (발표안해도 에이쁠나옴) 토론하고 과제한번에 시험한번 이었는데 모든게 다 부담이 없었음 그만큼 교수님이 학생들을 위하시는게 느껴진다 그리고 토론한다고해서 겁먹을게 없는게 지금도 똑같은지는 모르겠지만 토론시간에 남의 말 잘 듣고 반응하기만 잘해도 충분히 문제없을 거라고 생각함 !!특히 새내기들에게 추천함!!,6
기술시대의 인간과 윤리 듣고 자연스레 듣게 됐습니다 강의력 정말 좋으시고 수업만 잘 따라가면 과제 부담도 딱히 없고 읽어야 하는 책도 재밌습니다 꼭 들으세요!,6
토론 좋아하시는 분들은 특히 좋을 것 같습니다. 책 읽고 책 관련 내용을 주제로 진행하는 것인데 찬반이 맞서 싸우는 느낌이 아니라 생각을 넓히는(의견 교환?) 정도로 부담 없이 임할 수 있습니다!,6
진짜 진정한 교수님 이시대의 참 스승이시다. 존경합니다!! 이런게 대학강의구나 싶은 수업임 학우들 모두 정말 열심히 토론하는 모습이 너무 멋있었음!!,6
교수님 정말 착하시고 잘해주셔요. 성적도 되게 너그럽게 주심.,7
중간고사 하나 보고 그다음부턴 기말대체 탐플인데 보드게임 만드는거라 재밌게 할 수 있어요. 중간고사는 과기철 느낌이고 그 전까지 책 읽고 퀴즈 푸는 과제 2번정도 있는데 할 만 해요. ICPBL이라 절평이어서 교수님께서도 성적 최대한 잘 주려고 하시고 중간도 크게 어렵지도 않아서 A+받기 쉽습니다. 무엇보다 교수님이 너무 좋으세요.,7
교수님 최고에요ㅠㅠ 1-5주차는 힘들지만 그거만 버티면 시험도 나쁘지않고 과제도 미리미리하면 할만하요!! 팀플도 재밌았어요 저는!!,7
믿습니다 A+감사합니다 의심해서 죄송합니다,7
강의평이 안좋아서 걱정했는데 교수님 너무 좋으시고 중간고사만 봐서 그 이후로는 굉장히 편한 과목이에요!,7
과제가 조금있지만 할만합니다 교수님께서 많이 배려해주셔서 좋았습니다!!중간고사 이후로는 듣기 괜찮습니다,7
나에겐 과제가 취미이자 휴식이다 > 적극 추천 고통과 고난이 곧 삶의 의미라 생각한다 > 적극 추천 나는 선량한 학생이다 > run,7
과제는 좀 있지만 중간이후 부담없이 들을 수 있습니다,7
교수님께서 학생 입장 많이 생각해주시고 팀플도 부담 없이 수업 시간에 시간 많이 주세요 조원들이랑 친해질 수 있도록 많이 도와주시고 성적도 잘 주는 부담 없는 강의예요!,7
교수님은 좋으시지만 과제가 매우 많습니다!,7
매주 과제 7~10문제씩 있었는데 전부 강의에 있는 내용이라 2배속으로 들었어도 충분히 찾아 채울 수 있고 중간고사는 진짜 쉬운 서술형으로 출제됨! 기말고사가 포스팅 과제라 주제 선정하고 감잡는 게 막막할 수 있는데 그마저도 몇 주의 시간을 주시고 피드백도 한명한명 꼼꼼하게 해주셔서... 에제에쁠이 대부분인듯하고 쫌만 열심히 하면 에쁠 쉽게 받아갈 수 있음 강평 보고 쫄았는데 생각보다 너무 좋았음. 팀플..도 말이 팀플이지 팀원들이랑 서로 피드백해주고 의견 공유하는 게 다라서 흔히들 생각하는 팀플로 인한 스트레스 이런것도 X,7
제가 비효율적으로 했는지는 모르겠습니다만 저는 너무 힘들었습니다. 다소 꼼꼼하게 하는 스타일이라 그럴 수도 있습니다.. 교수님 말씀이 좀 모호하실 때가 많고 포스팅의 경우 바라는 부분이 꽤 많으시기도 해서... 좀 힘들긴 했습니다.  하지만 학점만큼은 좋아요. 다른 고전이랑 비교했을때 열심히 한만큼 좋은 학점받는다는게 가장 잘 보장되는 느낌입니다,7
20년 후기보고 잔뜩 쫄았었는데 매우 할 만 했음 굉장히 쉬운 중간고사가 추가되었고 과제가 많이 줄은 듯. 작년의 피드백을 반영한건가 싶기도 함  조별활동이 있으나 흔히 생각하는 조별과제? 이런 건 없음. 그냥 조원과 의견 나누기 정도? 아무튼 성적에 영향이 딱히 없을 것이다.   중간고사 이후로는 블로그 포스팅 하나를 제작하는 데 몇 주를 할당받음. 시간 매우 넉넉하다고 생각했고... 포스팅 계획 발표 중간발표 최종발표를 진행하였음. 교수님이 꾸준히 피드백을 해주셔서 컨텐츠 방향 잡아가기도 어렵지 않았다.   결론) 조별활동 부담 없음.  매우 할 만 했다. 학점도 잘 주셨다.,7
과제가 많은데 하려고 하면 금방 할 수 있는 양 고전 영역 채우려고 들은 건데 배워가는 것도 있고 나름 재밌었다,7
본인의 불성실함이 강의평가의 이유가 되어선 안 된다고 생각하며 꾸준하고 성실히 수업 참여에 임했다면 최종 제출 레포트는 자동적으로 완성되었을 것이다. 실제 수업은 3시간의 반도 안  하기에 부담이 적었을 것이기에 남는 시간만큼 과제를 했다면 추가적으로 시간을 투여하지 않아도 됐을 것이다. A+도 매우 잘 주신다.,7
고전 영역 채우려고 들었는데 과제가 진짜 너무 많아서 학기 중에는 굉장히 나를 힘들게 했던 과목. 교수님께서 활동과 평가 방법 수업 등등 자세하게 설명해주시며 학생들을 이끌어가 주시지만 매주 주어지는 과제와 중간 기말 과제는 다시 생각해도 너무 힘들었다. 교수님께서 학생들을 배려해주시는 점 학점을 잘 주신다는 점 덕분에 별점은 높지만 그닥 추천하고 싶지는 않은 과목이다....ㅠ,7
성적받을때 교수님의 진가를 알 수 있는 수업입니다. 추천,8
정혜경 교수님 짱 팀플이 있긴 하지만 점수는 잘주시는 편인듯,8
학점느님은 이 교수님에게만 쓸 수 있습니다 여러분,8
교수님도 학생들한테 부담안주시려고 노력하고 실제로 3학점 교양에 비해 매우 부담 없는 편. 조별과제 한번 있는데 교수님이 발표내용부터 목차까지 거의 다 짜주셔서 조원들이랑 역할 분담하면 준비시간도 오래 걸리지 않음. 발표 수준도 거의 비슷해서 발표는 변별력도 없고 부담도 없음. 오히려 시험이 쁠제로 가르는 것 같음. 시험은 기말에 한번인데 범위 추려주시고 뭐나올지 거의 뻔해서 알려주신것만 외워서 아는대로 다 쓰고 나오면 무난하게 에이쁠 받을 수 있을 듯. 참고로 절평수업.,8
교수님은 매우 좋은 분이심..  공부랑을 줄여주실려고 많이 신경써주심 그래서 3학점이지만 실은 팀플1번만 준비잘하면돼서 1~2학점정도의 로드량느낌이라 부담은없음 하지만 문제는 너무 줄여주셔서 성적을 어디서 변별하는지 잘 모르겟음 본인은 에제받음.. 시키는거 다 하고 출석만점 시험도 나름 잘썻다고 생각함 아 평가는 절평임.. 추측이지만 적극적으로 수업에 참여하지를 않아서 그런 것 같음ㅜㅜ,8
교수님이 절평이라 그냥 점수 퍼줌.  그러나 조별 점수로 학점이 나가기 때문에 팀플 버스 탄 사람이 에이쁠 맞고 팀플 버스 운전한 사람이 에제 맞는 아이러니한 상황이 발생함. 시험 없이 팀플과 레포트로 평가 대체하는 수업이라 개인적으로 개꿀이라고 생각함 3학점 강의지만 실질적으로 하는 것은 1학점도 안 되는 듯함. 매우 추천함,8
그저 빛빛빛 교수님 항상 건강하시고 행복한 일만 가득하셨으면 좋겠습니다!,8
교수님 정말 좋으십니다. 절대평가라서 학점도 잘 주시고요. 숨어있는  꿀강의.,8
진짜 최고의 강의. 팀플 발표 개인 발표 1번씩 있는데 좋은 경험. 부담되지도 않고 교수님도 많이 친절하셔서 한 학기 좋은 경험 했습니다 !,9
강의 무난하게 들을만 합ㄴ디ㅏ. 발표에 두려움 없으시면 추천,9
발표에 두려움만 없으면 완전 추천 팀발표1번+개인발표1번+소감문이 한 학기 내에 하는 전부이고 무엇보다 교수님이 너무 좋으세요 성적도 엄청 잘 주셔요! 화학 1도 몰라도 상관없어요,9
발표를 좋아하고 잘하고 또는 잘해지고 싶은 학생이라면 반드시 들어야하는 강의. 화학클래식이지만 테마만 화학일 뿐 수업과 발표는 절대 화학에 국한되지 않고 자신의 전공분야 또는 관심사에 맞춰서 발표하는 경우가 대부분임. 발표에 대한 피드백을 꼼꼼하게 정말 잘 해주심. 글을 쓰는 나는 발표를 잘한다고 생각하는 사람인데 내가 무의식적으로 했던 것들을 끄집어 내서 설명해주시니까 다음 발표부터는 조금 의식적으로 내 장점들을 체계적으로 수행할 수 있었음. 무엇보다 교수님이 정말 말도 안되게 좋으세요.. 우리 전공 교수님이셨으면,9
스스로 노력한 만큼 얻어갈 수 있는 강의. 조별발표 + 개인발표 + 에세이로 성적이 결정되는데 발표에 부담이 있는 사람이라면 힘들 것 같음. 발표를 잘 하지는 못하지만 한번 도전해볼까? 라고 생각한다면 상상 이상의 배움을 얻어갈 수 있다. 이 수업은 고학번이 많은 편이었데 고학번 선배님들과 팀플을 하면서 배운 점이 많았고 팀플에서 배운 점을 통해 개인 발표에서 더욱 스스로 발전할 수 있다고 생각합니다. 이런 게 진정한 대학 교양이구나라고 느낄 수 있는 강의. + 다양한 전공의 사람들과 토론할 수 있다는 점도 세상을 바라보는 시야가 넓어진 느낌이라 정말 좋았습니다.,9
정말 교수님 착하시고 배울 게 많은 수업입니다.학생들도 열심히 해서 수업시간 동안 재밌었어요.,9
성적도 잘 주시고 많은 생각을 하게 해주는 강의입니다. 정말 명강의에요. 다만 고학번과 발표로 경쟁해야 하기에 발표에 자신있는 분들이 들으시면 더욱 좋을 것 같습니다.,9
발표 두 번(조별 발표1 개인 발표1) 에세이 한 번하면 끝나는 수업이다. 사람들과 토론하는 것과 발표에 거리낌이 없다면 최고의 수업이 될 것이다. 교수님께서 다양한 얘기를 해주시는 것도 기억에 많이 남는다.,9
생각없이 신청하고 들었다가 많은생각이 생겨버린 강의,9
시험기간때 발표 걸려서 매우 힘들었지만 끝나고 돌아보니 가장 기억에 남는 강의였습니다. 토론 재밌고 즐거웠어요,9
교수님이 상당히 좋으십니다. 친절하고 좋은 말씀만 해주셔서 힐링이 되는 수업입니다. 조별발표 1회 개인발표 1회 기말 레포트 1회로 학점이 결정됩니다. 절대평가강의라서 A는 그냥 가져가신다고 보시면 됩니다. 본인이 발표를 좋아한다면 편하게 3학점 고전읽기 A학점 챙겨가는 더없이 좋은 수업입니다. 화학만물박사는 일단 믿고 들어야 됩니다.,9
문과에서 들었지만 듣기에 하나도 어렵지 않습니다. 화학적인 부분보다는 발표할때의 형식적인 부분을 더 배울 수 있다고 생각되요. 중간중간 화학적인 재밌는 내용과 신기한 내용도 알게되어 신기했습니다. 발표는 팀발표 하나 개인발표 하나 있어용,9
이 강의는 정말 유익하다고 말할 수 있습니다. 한 번쯤 회사나 다른 곳에서 발표를 할 경우를 상정하여 들으시면 더 큰 도움이 될 것입니다. 일단 이 수업은 조별 발표 1번 개인 발표 1번 마지막 기말 에세이를 씁니다. 이렇게 점수가 들어가고 각 발표에 대해서 교수님과 학생들이 평가를 합니다. 교수님도 그저 평가자 중 한 명으로 들어가서 평가를 하시기 때문에 학생들의 평가가 상당히 중요합니다.  이번 학기의 가장 큰 문제는 누군가 어떤 마음인지는 모르겠으나 점수를 거의 0점으로 테러를 하고 자기만 100점을 부여한 것입니다. 그 분 누군지 알겁니다. 수업 때 질문도 자주 하시고 소회의실에서도 나름 활발하게 말씀하셨던 거 같은데 뒤에서 이런 일을 하면서 재밌었어요? 아무튼 그것을 제외하면 정말 얻을 것이 많은 수업입니다. 그동안 가지고 있던 발표의 안 좋은 습관부터 개선 방향까지 제시해 줍니다. 즉 얻어갈 것은 매우 많은 수업입니다. 참신한 아이디어와 발표 자료 구성 방식까지 다른 학생들로부터도 얻을 것이 많은 수업입니다. 꼭 들으시기 강추 하면서 글을 마칩니다 성적이 절대평가이기는 하지만 모두가 에이쁠을 받을 수는 없다는 점만 알아 주세요 최소 에이는 가지고 가는 수업이라 상정하면 마음이 편할 것입니다 ㅎㅎ,9
그동안 들었던 교양 중 가장 만족도가 높았습니다. 학생에게 배우고자 하는 교수님은 처음 뵀습니다. 다만 이번 학기 학생분들이 대부분 우수했으나 교수님이 이전보다 정교하게 평가하신 것 같습니다. 학점에 영향이 가는 학생상호평가 시간이 있어 발표자의 점수를 직접 매겨줄 수 있는데(100점 만점) 본인 빼고 모두에게 일괄 0에 가까운 점수를 주신 분이 계신 것 같습니다. 학기말에 교수님께서 엑셀시트를 올려주시니 이런 얌체같은 짓 하지마세요. 행 안 섞여있고 평균점으로 이름/학번 다 노출될 수 있습니다.,9
강의 내용이나 교수님은 좋지만 성적에 의문이 드는 강의,9
발표 2번에 기말 에세이 한번 학점을 잘 주시지는 않는거 같다  물론 굉장히 의미잇는 수업은 될 수 잇지만 평가방식이 좀 아쉽다고 느낀게 학생들이 점수를 매겨서 이를 평균해서 바로 점수를 매기는 방식인데 성적을 준 엑셀을 받아보니 한명이 자기 말고는 나머지 학생들에게 점수 테러를 했더라. 한명이라서 효과는 미미할 수 있지만 평가방식에 의문이 드는 점이었다.,9
매주 과제가 있는데 양이 장난 아님 기말고사 한 번 친다고 좋은게 아니라 범위 장난 아니고 거의 80줄 넘게쓰라고 하심 발표도 깐깐하게 하시고 아무튼 할 게 많음 그리고 교수님이 중간중간 말 끊고 반박하시는데 이런거 싫어하시고 예민하신 분들은 들으면 안 좋을듯,10
수업 전에 사상가별로 원문을 읽고 토론내용을 미리 준비해야 합니다. 그리고 수업은 '수업+토론' 형태로 진행됩니다. 시험은 기말이랑 발표가있습니다. 기말은 사상에 대한 이해를 서술하는 형태로 진행됩니다. 발표는 원하는 주제를 만들어 10분 내외로 발표합니다.,10
고전 읽기 채우셔야한다면 다른 과목 추천… 시간을 많이 투자하셔야합니다.,10
교양 수업인데 생각보다 할 게 좀 많습니다..! 인원이 많지 않아서 거의 매 시간 발표 해야하고 시험은 한 번 보는데 공부해야 할 양이 좀 많습니다.. 철학자 사상 다 외워야 해요. 그리고 최종 개인발표도 있어서 교양 치고는 시간 투자를 좀 많이 해야 합니다.,10
문학작품 읽고 발표 잘하면 대부분 성적 잘주심 내용도 크게 어렵지는 않은편,11
듣다보면 재밌고 교수님이 되게 좋으신 분인데 딱히 얻어가는 건 없는 느낌,11
글 쓰는 거 좋아하지만 조금 형식이 정해진 글을 잘 쓴 것 같다. 학과도 딱 떨어지는 학과(정답이 명확하게 존재하는 그런 학과)를 다니고 있는 사람이라면 절대 수업과 맞을 수 없다고 생각한다. 개인적인 생각이지만 뜬 구름 잡는 소리라는 표현이 맞을 것 같다.,11
한 학기동안 즐겁게 문학작품 읽으면서 에쁠 받아갈 수 있었습니다,11
마음이 풍요로워지는 수업...  큰 부담없이 과제 그리고 수업따라가면 됩니다.  교수님이 정말 좋으세요..,11
교수님 너무 좋으시고 유익한 수업입니다 고전영역 이 강의 추천합니다,11
교수님도 너무 좋고 강의도 좋습니다. 너무 좋은 시간이었어요,11
무조건 잡으세요. 후회 절대 안합니다. 갓치성 화이팅,11
역사에 관심이 많아서 나름 재미있게 들었습니다 중긴중간 영상도 틀어주셔서 지루하지도 않았어요,11
교수님이 너무 좋으십니다.. 수업은 문학 중심으로 처음 몇 번만 이론 수업 비슷한 걸 하고 영화를 보거나 단편소설을 읽고 발표 조금 설명 조금 하는 식으로 진행됩니다. 손 들어서 발표하거나 문학 작품 읽으면 가산점 주십니다! 중간은 대체 과제로 첫 수업부터 예고하셨던 글쓰기 기말은 서술형 시험을 보는데 작품을 제대로 본 적이 있고 교수님 설명 잘 들으면 무난히 다 답변할 수 있는 문제입니다. 기말은 부분 점수 후하게 주신다고 최대한 써보라고 하셨습니다. 다만 2주에 한 번 꼴로 lms에 두 문단 정도 글 써야 하는 과제를 내주시는데 조금.. 귀찮기는 합니다. 뭔가 내용보다는 문장을 더 중요시하시는 것 같은데 그래도 성의 있게 매번 제출하면 감점은 없는 것 같습니다. 수업 시간엔 조금 졸기도..ㅎㅎ 했지만 과제 꾸준히 내고 시험 때 거의 마지막까지 남아 열심히 썼더니 에이플 받았습니다 ㅎㅎ 교수님 감사합니다! 너무 친절하셔요,11
교수님이 진짜 좋으신 분 인 것 같이요. 수업만 열심히 들으시면 에이쁠 무조건 가능합니당,11
수업시간에 다양한 작품들을 접할 수 있어서 좋았어요 교수님도 너무 좋으신분!!! 다만 열심히 하시는 분들이 너무 많아서 아쉬웠던 나으 성적,11
김치성 교수님 저엉말 좋으세요!  두단락정도 글쓰기과제 3번 핵심 과제 A4 3-5p 분량 기말고사 이렇게 있어요 문학에 관심있으시면 꼭 들으세요 국어 엄청 못하는 공대생인데 A+ 받아가요! + 아 발표 중요하니까 한번이라도 꼭 하세요!,11
갓치성 그 자체입니다.. 부담 하나도 없이 에쁠 야미하게 받았습니다,11
강의 초반엔 영화도 보고 문학을 좋아하는 사람이라면 부담없이 수업을 들을 수 있습니다. 매주 간단한 소감문 작성이 있고 중간 대체 글쓰기 시험은 기말 한번만 있습니다. 교수님 인품이 훌륭하십니다.,11
글 쓰기에 자신 없으면 힘드실거에요 글을 잘 쓰면 시험의 부담이 적어집니다 하지만 글을 잘 못쓴다 하시는 분들은 시험을 잘보고 발표도 해야하죠.. 교수심은 좋고 친절하십니다 다만 계절이라 훅훅 지나가서 제대로 많이 배우지 못한 느낌이었어요,11
교수님께서 성품이 좋으시지만 나긋나긋하셔서 집중하기는 좀 어려워요.. 그래도 너무 좋은 강의임!,12
과제는 간단하고 시험은 분량이 꽤 되기 때문에 미리 공부 추천 그래도 다른 고전읽기보다는ㅊ재밌는듯,12
지루하지만 들을만 합니다 체감상 10% 정도만 수업듣는듯요~,12
강의는 전반적으로 재미있습니다. 중간 시험한번 기말시험 한번 봅니다. 그냥 외우시면 됩니다…,12
그냥 교수님이 나누어주신 피피티 자료 꼼꼼히 읽고 외우면 좋은 성적 받아요,12
교안을 잘 공부라면 됩니다. 성적도 꽉꽉 채워서 주시는 듯,12
그냥 교안들 다 외우면 풀수있음 문제은행식으로 나오는기는 함,12
수업 내용도 많이 어렵지 않고 교양으로 듣기 좋네요. 교수님도 인간적이셔서 학생들 존중해주는게 느껴져 좋아요,12
실생활에서 접할만한 내용이 수업에 많이 나옵니다,12
교수님 친절하세요!! 수업 내용이 유익해서 수업 듣는 내내 재미있게 들었어요. 짱짱!!,12
교수님이 친절하시고 수업도 열심히 하십니다. 미디어 법에 관련한 내용들은 실생활에서 알아두면 좋을만한 것들을 다뤄서 유익합니다,12
미디어나 관련 법에 관심이 많으시면 굉장히 유익할 것 같습니다. 설명이 자세하고 교양치고는 양이 꽤 됩니다. 그래도 교수님 너무 좋으신 분입니다.,12
교수님은 친절하시고 내용 전달력도 좋으세요. 보기만 해도 기분이 좋아지는 교수님이에요. 물론 내가 멍청해서 중간고사를 좀 망쳤지만 객관적으로 골고루 시험문제 내시고 열심히하면 좋은 성과를 얻을 수 있습니다. 교수님 최고!,12
유익한 강의에요. 저는 개인적으로 미디어에 관심이 많아 재밌게 들었네요,12
저작권법이 일상생활에 유용할것같아서 좋았어용 과제는 그냥 제출하기만하면 후하게 점수 주시는듯 교수님도 착하시고 좋아요 졸리긴함 …,12
나쁘지는 않은데 굳이 들을 필요 있나 싶은 수업.,12
교수님 강의력은 좋으신 것 같아요! 그리고 수업 끝나고 수업에 관한 질문이나 공지사항에 관해 여쭤보면 교수님께서 친절하게 답해주십니당 :) 하지만 상황에 따라 졸릴 때도 있어요.. 중간고사 이후 요약독서 검사 끝나니까 더 긴장 풀어지는 것 같기두...ㅜ,13
솔직히 명강 ㅇㅈ 수업도 굉장히 흥미로웠음 뭔가 평소에 생각하지 않았던 사고를 하다보니 재밌긴 하지만 가끔은 졸림 과제 많음. 근데 평소에 하면 괜찮,13
수능 초기 출제위원이자 리트설계맴버 중 한 분이자 여러 경험 많으신 논리학 교수님. 다양한 얘기를 많이 해주시는데 유익하다.,13
명강의라 불리는데는 이유가 있다 성적도 굉장히 잘 주시는 편,13
들어보면 좋을 것 같아요 열심히 하면 도움이 될 듯 핮니다,13
여름 계절학기로 수강했는데 많이 배웠습니다. 다만 과제양이 꽤 많은데 미리미리 해두시고 복습 꾸준히 하시면 좋은점수 받기 쉽습니다,13
수업 너무 재밌게 해주셔서 다른 생각하다가 듣고 멍 때리다가 듣고 반복했고 과제는 사실.. 급하게 훑고 조교 님이 질문 하시는 내용은 버벅거리지만 않고 짧게 답했습니다! 아마 제대로 안 읽은 거 티 났을 텐데 점수를 후하게 주신 듯합니다. 시험은 중요하다고 수업 때 말씀하신 거 다 까먹고 그냥 수업 20% 들은 상태로 쳤는데 그럭저럭 풀 만하다고 느꼈고 에쁠 받아갔어요!,13
여름 계절로 수강했기 때문에 요약독서 과제는 없었습니다. 그렇지만 풀어야할 연습문제가 적지는 않습니다. 연습문제의 대부분을 수업시간에 함께 생각해볼 수 있도록 강의가 진행되기 때문에 수업을 모두 열심히 들었다면 어렵지 않게 풀 수 있을겁니다. 수업을 두번 빠졌었는데 그때 진도를 나갔던 문제들은 푸는데 시간이 오래걸리고 힘들었었습니다. 시험문제도 연습문제와 수업 중 강조하신 부분에서 대부분 나옵니다. 강의력도 좋고 내용도 흥미로우니까 수업 열심히 들으시면 후회하지 않으실겁니다.,13
확실히 강의력은 있으시나 사람에 따라 별로 안맞을수도 있음. 왜 명강의라는지는 알겠는데 그렇다고 꼭 들을 필요도 없음,13
요약독서 과제는 없지만 문풀 과제가 상당히 많았습니다..! 근데 꾸역꾸역하다보니 시험 대비사 자동으로 되어서 좋았습니다. 그리고 귀찮으시다고 보충강의 안듣지 마시고 꼭 들으세요 거기서 시험 출제 많이 되었던 것 같네요.. 어찌되었든 한양대 최고 명강의라고 생각하고 민교수님 사랑합니다! 결석한번 했는데 에이쁠 받고 갑니다 ㅎㅎ,13
강의를 듣다보면 교수님의 지식의 깊이를 알 수 있습니다 여름 계절로 수강했는데 독서 요약 과제가 없는 대신 문제풀이 과제 양이 좀 더 늘어난 느낌?  시험은 무슨무슨 유형에서 나오는지 공지하셔서 그 부분 열심히 보시면 되고 무엇보다 썰도 많이 푸시고 다른 영역 배경지식도 쌓을 수 있어서 수업이 개꿀잼입니다 졸업 전에는 꼭 들어야할 한양대 최고 명강이라 생각합니다,13
성적 너그럽고 출석 점수 적고 계절이라 독서과제없고 과제도 매일매일하면 적은편이라고 느낌. 꿀강은 아닌데 유익한 강의 꿀빨려면 비추,13
정말 너무 재미있게 들은 강의. 게절이어서 과제가 줄긴했지만 그래도 많은 편. 제때제때 안했으면 도저히 못했을 것 같다. 성적은 후하게 잘 주시는 것 같다.,13
과제 많아서 엄청 힘들었지만 남는건 많은강의 근데 계절에 몰아듣기에는 한주치 이해하기 벅차다.. 그래도 알찬강의입니다,13
공대생이라면 추천하고 싶진 않습니다. 새로 본 지문 나와서 요약하라 하면 감각 없으면 잘 해내기 어렵습니다 ㅠㅠ  그래도 B+는 주시는 것 같아요 ㅎㅎ,13
살면서 한 번 정도 들으면 좋음. 논리적으로 생각하고 읽고 판단하는 방법을 배울 수 있음. 근데 과목 특성상 진짜 죽었다 깨어나도 안되는 경우가 없지는 않겠으나 노력으로 이 수업은 충분히 극복 가능한 경우라고 생각함. 열심히 하는 만큼 성적도 나오고 무엇보다 본인 인생이 발전한다.,13
수업도 재밌게 해주시고 시험도 교안만 공부하면 잘 볼 수 있어요!,14
일단 수업 전반적으로 강의력이 너무 좋으시고 유쾌하게 수업해주셔서 집중이 잘 됐습니다. 그리고 시험에 대한 기출도 첫 주에 제공해주시니 이거에 대한 답변을 머리속으로 구상해가는 것이 좋을 것 같습니다.,14
원래 팀플이 있었는데 제가 수강한 23년도 여름 학기에는 팀플이 없었습니다. 교수님께서 기본 지식이 아예 없는 사람도 이해하기 쉬울정도로 설명을 잘해주십니다. 중간시험은 족보에서 많이 나왔는데 기말에는 지엽적인 문제가 많이 나왔습니다.   교수님의 수업을 잘 듣고 필기를 잘 해두시는게 중요합니다. 특히 비슷한 연도에 어느 일들이 있었는지 크게봐서는 어느 시대에 일어났던 일인지를 구분할 줄 알아야 합니다.,14
무난하게 듣기 좋은 교양입니다! 기회되시면 듣는거 추천드려요,14
과제없고 팀플 없습니다 수업시간에만 열심히 들으시면 좋은 성적 받을 수 있어요! 내용을 통으로 외우기보단 전체적인 흐름을 파악하는게 시험에 더 도움이 될 것 같습니다,14
너무 흥미로운 수업이었고 학생과 자주 소통하면서 내용을 같이 알아갈려고 하는 교수님의 열정을 많이 느꼈습니다!,14
여름 계절 들었습니다. 교수님이랑 수업 이외 질문이나 대화를 꽤나 했었는데요. 전 얻어가는 게 많았습니다. 에이플 받았고요.  홀로 공부하는 공대 내용 특성상 수업 형식이 달라서 더욱 얻는 게 많았던 것 같습니다. 아침 10시에 들었던 강의들 중 한번도 졸지 않을 많큼 교수님이 이야기를 재미있게 해주십니다. 또한 역사를 암기로 보지 않고 흐름적으로 공부하시는 분들께 매우 유리한 과목입니다.   시험은 교수님이 말씀하시는 내용 + 열전에 있는 내용 + 피피티 내용이 주를 이룹니다. 전 열전 안보고 시험 들어가기 전에 나무위키 2번 정독하고 들어갔습니다. 대부분 나무위키에 있는 중요한 내용에서 객관식 + 단답형 나오니까 열전 읽기 싫으시다면 나무위키 추천드립니다. 물론 교수님께선 나무위키 싫어하십니다.  객관식은 인물의 행적/살았던 시대/사건관계 등 지엽적이지만 강의의 흐름이 시대순이라서 언제 겹치는 지 등 시간관계만 잘 알고 내용 파악만 하시면 괜찮습니다. 물론 열전에 나오는 내용은 문제 유형에 나올만한 부분을 스스로 파악하면서 생각하며 읽는 것이 중요해 보입니다.  단답형은 인물 이름 / 사자성어 / 사건의 이름 등이 주로 나왔던 것 같습니다. 어짜피 기출 올려주시는 갓인건 덕분에 유형 파악은 어렵지 않고 오히려 단답형이 더 쉽다고 저는 느꼈습니다.   서술형은 전 따로 공부하지 않았습니다. 수업시간에 교수님이 ‘나’ 라면 이런 상황에 대해서 어떻게 생각할 지에 대해서 고민해보라고 언질을 주시는데 그런 부분만 따로 수업 끝나고 스스로 생각해보는 정도로 충분합니다. 그러나 자신 생각을 조리있고 설득력있게 적으셔야 합니다. 참고하시려면 기출에 있는 서술형도 한번 스스로 생각해서 말해보시길 추천합니다.  밑에 시험이 너무 지엽적이다. 양이 많다는 건 사람마다 다르겠지만 저는 솔직히 동의하지 못하겠습니다. 시험에 나왔던 내용들은 열전을 가볍게 10~20분 투자하면 충분히 맞출 수 있는 내용이라고 생각합니다. 정 안되면 나무위키 읽으시면 되고 굳이 책 안 빌려도 인터넷에 열전 내용 널렸습니다. 그리고 그냥 피피티를 외우겠다 식으로 공부하고 수업 빠지면서 나 홀로 공부하겠다는 생각을 가지고 수업 들으시면 절대 좋은 점수 못 받습니다. 그냥 자신이 수업에 얼마나 집중하고 이 수업의 내용에 대해서 한 번 더 생각하느냐에 따라서 학점이 결정되는 것 같습니다.  황인건은 무형문화재입니다.,14
배울 것도 많고 교수님의 강의력이 좋아서 아주 재미있게 들었던 수업입니다.,14
성적 잘 받긴 했다만 추천 안해요. 옛날에 말과글 황인건 교수님 수업을 들은 적이 있는데 그때 엄청 좋았어서 일부러 사마천도 수강신청한건데 생각보다 별로였어요. 평소 글쓰기와 철학 좋아함에도 불구하고 딱히 수업이 재밌거나 유익하게 느껴지지 않았어요. 이건 그냥 제 개인적인 선호일 수 있긴해요. 아무튼 시험이 너무 지엽적이고 피피티에 없는 내용이 많이 나와서 수업 한번 빠지면 큰일나구요... 꿀강은 절대 아닙니다...,14
객관식이 쉽거나 어렵거나 둘 중 하나인거 같은데 서술형에서 생각보다 학점이 많이 갈릴거 같다는 생각이 들었습니다.  기출은 객관식은 한두어번 풀면 문제될건 없고 서술형도 천천히 자기 생각 정리해보고 본인이 생각하는 키워드정도 준비해가면 될거같습니다. 공대생이라서 걱정많이 했는데 성적도 A+받고 수업도 유익하고 재밌어요 ! 졸업전에 꼭 들어볼만한 강의입니다.,14
에이쁠 받긴 했습니다만 ㅠㅠ 시험이 워낙 지엽적이라 공부할 양이 너무너무 많아요. 피피티에 나오지 않는 수업시간 내용이 주로 나오기 때문에 수업도 놓치면 안되구요.   저는 넉넉하게 4-5일 정도 잡고 수업 내용+피피티 3회독 기출2-3회독 (서술형은 한번정도 쓸 내용 흐름 생각해보기) 이렇게 공부했습니다~  별개로 교슈님 수업은 너무너무 재미있습니다 !,14
앞으로 이 강의 들으시는 분들은 공부 할 양이 많아지실듯 합니다.. 중간고사 1개틀리고 기말 망해서 B+ 맞았네요 기말고사에서 지금까지 기출문제에는 거의 없었던 수업 외에 열전을 읽어봐야 풀 수 있는 문제들이 대거 출제 됬습니다. 과연 이걸로 성적 분별이 됬을까 의문이네요. 천하제일 찍기대회가 아닌지.. 솔직히 교수님 수업 너무 좋았고 배워가는 것도 많다고 생각했는데 성적 분별을 이런식으로 하는건 좀 아닌거 같습니다 ㅠㅠ,14
비록 비쁠맞았지만 얻어가는게 정말 많았던 수업입니다 강추 !!,14
중국 고대 역사 교양 쌓기에는 정말 좋은 강의이고 교수님도 학생 이름 다 외워 오실 정도로 대단히 성실하시고 친절하시나 시험이 너무 지엽적이라 꿀교양은 아닌 거 같아요,14
적당히 B+ 맞을 사람만 수강 추천드려요ㅠㅠ 이론이랑 기출 5번인가 돌렸는데 b+ 나왔습니다ㅠㅠ. 사마천A+ 받기>>>수능 탐구 만점 받기,14
다른 고전영역을 안들어서 모르겠지만 꿀강일정도인지는 모르겠다 일단 교수님 강의력은 정말 좋으심 유튜브 보는 것처럼 재밌고 학생들 이름도 다 외워주심 그러나 시험 문제 난이도는 꽤 있음 또한 피피티에 모든 내용이 있는 게 아니라서 수업을 빠졌을 경우 타격이 꽤 큼 다들 공부도 열심히 하셔서 배경지식이 없다면 꽤 힘들 것,14
할 게 좀 많다는 느낌은 들지만 교수님 좋으시고 교양다운 교양이라는 느낌이 드는 수업입니다. 다만 팀플은 어떤 조에 걸리느냐에 따라 운빨을 좀 탈 것입니다.,15
일단 교수님이 너무너무 인자하시고 성품이 엄청 온화하세요 수업 때 집중해서 들으면 재미도 있고 주제 자체가 고전 내에서 쉬워서 이해하는 데 어려움이 하나도 없었어요…! 처음에는 수업 서너번 하고 그다음은 풀팀플인데 조원 잘 만나면 그냥 크게 부담감 없이 할 수 있었어요 팀플 몇주차 걸쳐서 하고 발표 시작인데 인당 4-5분 정도라 부담도 별로 없어요..!! 자기가 맡은 파트 숙지 잘해가시고 질의응답 시간에 말씀만 잘하시면 발표도 무리 없을 거예요! 지정질문팀 아니면 다른 팀 발표 때 편하게 부담없이 들으셔도 돼요..(자도 된다는 말) 시험은 굉장히 지엽적이기 때문에 준비 잘하셔야 해요 중간고사가 없어서 너무 편해요  뭣보다 중요한 건   발표 내용 잘 구성하고 출석 꼬박꼬박 잘 하고 과제 제출 잘하시고 기말 때 세부적으로 공부하시면 돼요.!  크게 부담없이 하라는 대로만 열심히 하니까 에쁠 받았습니다!!,15
팀플과 발표 참여도가 정말 중요한 수업 같습니다! 팀플은 정말 열정적인 팀원들을 만나서 순조롭게 잘 된 것 같고 해당 시대에 대한 조사를 좀 넓게 해두어서 질문에 대한 답변을 제가 할 기회가 많았습니다. 두 번 빼고는 토론에 모두 참여했고 한 토론에 여러 번 참여한 적도 많습니다. 질이 좋았다곤 못하겠고.. 양이 중요한 것 같기도 해요. 시험 반타작일 거라고 생각했는데도 A+ 나왔습니다!  시험이 상당히 지엽적이라 암기력 좋으신 분 아니면 나머지 부분 열심히 하셔서 커버칠 수 있게 해두세요..!! 교수님 정말 좋으세요! 여러 번 질문해도 친절하게 답해주십니다. 발표 팀 정할 때 팁을 드리자면 시대별로 나올 수 있는 내용들은 비슷하니 본인 흥미 있는 곳으로 하시고 중간기말 일주일 전에는 발표가 끝나는 시기로 잡아두시는 게 나을 거에요... 발표가 시험 주 한가운데에 있어서 시험 공부와 발표 준비 병행하기 좀 힘들었습니다😂,15
팀플과 발표와 질문 열심히 하면 당신도 에이쁠의 주인공!! 특목고나 수시로 오신 분들은 익숙하고 재밌게 할 수 있을 것 같아요 물론 팀운이 중요하긴 한데••• 그레도 캐리할라면 할 수는 있어요 기말고사는 프린트 3장정도 분량에 글 읽고 암기하는 건데 문제가 지엽적이었던걸로 기억합니다 팀플이랑 발표점수가 진짜커요!!(사실 기말 문제 많이 못풀었는데도 성적 잘받음) 교수님 진짜 인자하시고 짱짱,15
아침수업이 아니었다면 별5개 수업... 성적 상관 없다면 ㄹㅇㄹㅇ 부담없이 즐길 수 있는과목이에여.,15
팀플은 존재만으로 스트레스 하지만 내가 팍 하고싶은 대로 주장하면 따라오긴 하는 듯 토론 주장 펼치는 거 좋아하면 들으세욧 시험은 진짜 의미없는 지엽적 이론,15
과제가 어렵진 않은데 양적으로 많아 헷갈리지만 내용 자체가 흥미롭다보니 재밌기 했어요. 기말고사는 많이 지엽적으로 나옵니다. 수업 시간에 적극적으로 토론 참여하려 했는데 제가 들은 교양 중에서 재일 좋았어요,15
팀원 잘 만나서 잘 진행할 수 있었습니다 조 편성 되긴 하지만 발표나 에세이는 개인이라 본인만 잘하면 상관 없을듯요 매 시간 조별모임이 있긴 해요 매 시간 토론에 참여해야 점수를 많이 주시는데 이건 좀 부담스럽긴 했지만 참여할수록 재미있었어용 저는 과제는 발표할 그 즈음에만 많고 없어서 이 정도면 만족,15
한 학기에 한 번 발표 있고 나머진 널널합니다. 조원만 잘 만나면 무난하게 점수 얻어갈 듯해요.,15
에세이에 시험에 발표에 토론까지 하는 극악 난이도의 교양. 조별 발표 비중이 개 크기 때문에 조원 잘 만나야 함. 하지만 사랑이라는 주제라서 그런지 수업 내용 자체는 쉽고 재밌있었다.,15
팀원 잘 만나면 팀플은 무난한데 할게 생각보다 많다.,15
중간고사 기간과 팀 발표 기간 에세이 작성 기간이 겹치면 매우 힘들 것 같다. 팀 발표는 시대에 따른 사랑을 하나 정해서 발표하고 에세이는 발표 내용에서 더 나아간 내용으로 5장 기말고사는 외울범위 그렇게 많지 않음,15
팀원을 잘 만나서 할만 했지만 팀플 말고도 할것이 정말 많은 수업입니다. 고전영역 어느걸 선택하든 어려울테니 이 과목 추천드립니다!,15
팀플 위주 수업이라 조원 잘못 만나면.. 하 교수님은 좋으십니다 쁠은 안 채워주시는 것 같고 에제와 에쁠의 차이는 어떤 기준인지 잘 모르겠네요,15
팀플은 시대별로 사랑의 역사에 대해 조사하고 발표하는 건데 솔직히 좀 귀찮기는 한데 저는 팀운이 좋아서 좋게 마무리했습니다! 그리고 다른팀 평가랑 토론하는거 몇 번 있는데 말 잘 못해도 메모장에 쓰고 그대로 읽으시면 돼요! 내용의 퀄리티는 중요하지 않고 발표하시기만 하면 됩니다! 참여점수에 반영이 돼요!  기말시험은 범위가 적은만큼 지엽적이예요! 토론 몇 번 참여하고 팀플 1인분하고 에세이 쓰는 것도 하나 있는데 적당히 쓰니까 A0나오더라고요! 수업내용은 사랑에 관한 거라 재밌는 편이었어요,15
교수님이 일단 너무 좋으세요! 사랑의 역사에 대해서 잘 배울 수 있었습니다! 매주 신선한 주제로 토론 하는 것도 재밌었어요! 첫 팀플이었는데 많은 것을 배운 것 같습니다!,15
조원들과 매주 토론하는 시간 잠깐 있어요. 시험 없고 과제 부담 적어서 좋은 것 같아요!,16
교수님께서 시키시는 것만 해가면 되는 수업입니다. 좋아요 추천,16
시험이 없고 절대평가과목이라는게 너무 좋은 것 같습니다.,16
고전영역에서 시험 없는 강의 책을 읽지 않아도 되는 강의 여기 있습니다! 진짜 부담없어요 그냥 날먹해버림~ 심지어 3학점 나는 에쁠 받아간다 안녕~,16
조발표 때 터무니없는 질문하는 사람이 몇몇 있어서 힘들었지만…^^; 시험도 없고 다른 고전 수업들처럼 책을 읽어야하는 것도 아니어서 좋았어요! 기말레포트는 저는 기밀발표 준비하던 것 기반으로 작성했고 전반적인 수업의 흐름이 기말 발표를 위한 빌드업으로 생각하시면 좋을 것 같아요~!,16
시험 안보고 학기 끝에 보고서 제출해야되는데 A4용지 2장분량이라 금방 작성 가능 매주 싸강듣고 질문 2개씩 남기는 과제있음  학기끝 조금 전에 주제별 조별발표 있는데 청중하고 커뮤니케이션 하는거 얼마나 노력했는지를 중요하게 보시는거같음 절평이고 성적 너그러이 주심  교양 채워야되는 사람이면 이걸로 채우는걸 추천함 재밌고 성적도 잘 주심,16
매 수업시간 토론을 하면서 진행되고 레포트와 발표만 잘 준비해면 되는 수업입니다! 외우는 것이 싫어서 왔는데 다양한 주제들로 토론도 해보고 발표도 해보니 정말 많은 생각 해볼 수 있는 수업이었습니다.,16
교수님 넘 좋아요!! 개인 보고서랑 팀플 매주 영상에 질문달기 과제정도라서 시험 암기 극혐러들에겐 아주 귯!,16
토론을 정말 많이 해서 힘들었어요 팀플 싫어하는 분들께는 정말 추천하지 않습니다 차라리 계절로 다른 고전 수강할걸..,16
진짜 꿀강... 고전인데 이렇게 꿀강일 수가 있을까요... 팀플 발표+개인 레포트+매주 질문 과제가 평가 요소이구요. 각 수업마다 한시간 정도 토론 시간을 가지는데 사실 그냥 자유시간이에요... 그리고 남은 40분 정도 수업하시고 끝내주십니다. 팀플 발표는 그냥 조 잘 만나서 적당히만 하면 평가 잘 해주시는 것 같고 개인 레포트도 3장 그냥 적당히만 쓰면 됩니다. 한번 결석했는데도 에쁠 받았고 다른 교양에 비해 힘을 많이 빼도 되는 강의였어서 좋았습니다...!!,16
팀플이 90퍼센트 이상인 강의. 실제 강의내용과 성적이 무슨 연관이 있는지 궁금함. 성적은 잘 주시는 듯 팀플 1번 레포트 1번이 성적을 좌우함,16
온라인 + 이론 + 토론 세가지 방식을 병행하는 수업입니다. 온라인으로는 20~30분 정도의 강의를 매주 보고 질문 두 개를 작성하는 것이고 수업날 그 질문에 대한 답을 조원들과 토론하는 시간이 1시간 교수님의 이론 강의를 듣는 것 1시간으로 수업이 구성됩니다. 관음증 성매매 동성애 등의 주제로 수업을 하며 각자 발표를 희망하는 주제를 정해 조를 이룹니다. 그 조가 한 학기 내내 지속되며 매번 조원들과 1시간씩 토론 시간이 있고 중간은 조별발표이니 조원을 잘못 만난다면 크게 곤란해집니다. . 장점은 고전읽기PBL 수업이어서 절대평가이고 에이쁠 비율이 높아 성적을 받기가 상대적으로 널널하다는 점이고 단점은 수업 내용이 상당히 집중하기 어려웠습니다.. 흥미로운 내용이라고 하기는 어려울 것 같아요.,16
고전읽기 영역 뭘로 채워야할지 고민 많았는데 최고의 선택이었습니다! 시험이 없는게 최고 메리트입니다 기말 때 조별 발표랑 에세이가 있는데 에세이 분량이 에이포 3잘 정도라 부담이 없습니다 조원들 잘 만나면 매주 토론하는 시간이 너무 즐거워요 이야기 나누기 쉽지 않은 성 관련 주제들을 대놓고 이야기할 수 있는 시간이라 좋았습니다 한 학기 내내 부담 없는 수업이었어요,16
성과 관련된 주제로 조별발표를 하고 에세이를 작성하는 강좌에요. 나름대로 들을만 했고 교수님이 나쁘지 않았습니다. 다만 조원 잘못만나면 최악의 강의가 될 수 있으니 이 점만 유의하세요!,16
교수님도 되게 좋으셨고 배우는 내용들이 흥미로웠습니다! 시험은 없지만 팀플이 자주 있었고 평가도 팀플로 진행됐습니다. 그리고 토론을 부담스러워 하시는 분들은 고민하시는게 좋아요! 거의 매 수업마다 토론이 있어요!,16
토론을 시키므로 싫어하는 사람은 안듣는게 나을듯,16
토론 위주 수업인데 해야할게 많지는 않음 수업이 있는 14주 정도중에 토론 준비해 가야하는 주는 사실상 3주라 나머지 11주는 편하게 수업듣는 날임 남의 발표 좋아하는 지라 나의 토론 재밌게 봤음 에세이나 토론이나 적당히 노력한 흔적 보이면 감점하시지는 않는 듯함,17
저는 진성 이과인 1학년이라 토론 3번 하는게 꽤 힘들었습니다... 그래도 매주 책 열심히 읽고 수업 열심히 들으면 교수님이 수업 중간중간 중시하시는 부분이 어딘지 알려주십니다 마지막 과제인 기말 에세이는 각주 20개 하는게 또 어려운데 그만큼 열심했더니 A+ 받을 수 있었습니다 고전 잡기 어려우니까 이거 열심히 하시는 것도 괜찮을것 같습니다 파이팅🔥,17
할게 많음 한 학기에 토론 5번(기말토론과 학기 중간에 토론 4번) 레포트 작성 3학점 IC-PBL인 이유가 있음. 수업 자체는 나쁘지 않다고 생각함,17
토론 준비가 힘들 수는 있는데 충분히 할만하다고 생각합니다,17
첫 교양이었는데 배우게 되는 점이 많았음 대학 교양의 표본같은 느낌,17
생각보다 좋은 점수를 주셔서 감사합니다. 잘 하려고 할수록 부담감이 커지는 과목은 맞는 것 같습니다. 팀플인데 논문을 바탕으로 주장 근거 반박거리를 찾아야해서 그런 거라 어쩔 수 없는 것 같습니다.  마지막엔 성적을 포기하고 토론에 임했는데 편안하게 임한 토론이라 그런지 그 때가 가장 재미있었습니다. 성적이 달려있으면 스트레스를 꽤 많이 받을 수 있는 과목이라 친한 친구에게 추천할 수 있을진.. 모르겠습니다. 교수님께서는 학생들에게 매우 잘 해주시고 지식적 측면에서 많이 알려주십니다. 교수님 정말 감사했습니다.,17
총 세번 토론인데 3학점 교양이라 생각하면 부담있는 양은 아니고 경제에 문외한이던 사람들이라면 좀 많은걸 알아갈 수 있는 수업입니다. 토론을 정말 잘하시는 분들도 있어서 그런 분들에게 배워가는 점도 있었고 또 토론 전에 사전협의 하지말라했거늘 대본짜는거마냥 하자는 듯한 사람도 있어서 혀를 차게 만들기도 했습니다. 한학기 재미나게 배우고 가는거 같습니다. 성적도 플러스 챙겨주시는 거 같아요 A0일줄알았는데 플맞았네요,17
챕터 토론 2번 자유주제 기말토론 1번 기말에세이 1번으로 이루어져있습니다. 토론 끝나고 교수님께서 마무리로 좋은 말씀들 생각해볼만한 논제들 던져주셔서 유익했습니다. 교수님께서 호명출석하시면서 학생들 이름도 외워주시고 정말 친절하십니다. 토론이 처음이라 긴장도 많이 했지만 되돌아보면 좋은 기억들로 남을 것 같습니다.  경제 정치 관련해서 관심 많으신 분들 혹은 토론 경험을 쌓고 싶으신 분들에게 적극 추천합니다.,17
시험은 없고 총 3번의 토론과 기말에세이로 구성되어있다. 토론은 전부 팀플이라서 팀원만 잘만나면 편하게 할 수 있지만 3번 다 다른 팀원을 만나기때문에 어떻게 될지 모른다... 앞의 2번토론 다 팀원 잘 만나서 재밌게했지만 제일중요한 기말토론에서 팀원 잘못만나서 고생했다... 그래도 토론 준비하며 조사하는 과정에서 경제에 관심도 많이생기고 지식도 많이 얻어가서 만족하는 강의다. 교수님도 사람 너무좋으시고 학생수가 그리 적은것도 아님에도 얼굴 다 외우신다,17
힘든 수업이었지만 나름 재미도 있었고 상식도 많이 쌓이는 것 같음. 확실히 경제 기초지식이 있다면 수월하지만 없다고해서 어려울 정도는 아님. 그냥 최근의 세계 문제들을 알아보고 싶다면 이 수업 추천함! 근데 좀 여유로운 학기에 듣길...,17
정답과 논리만 따졌던 이과생에게 양쪽 다 맞을 수 있는 의견을 나누는 토론은 신선한 충격이었고  나의 의견을 말할때 어떤 근거를 대서 말하는게 합리적일지 알게 된 수업이었음 또한 세계 경제와 사회적 논제를 조사하면서 세상이 이렇게 돌아가고 있고 이렇게 생각할 수 있겠구나를 알게 된 시간이었음 토론을 한 학기에 3번이나 준비해야 하는게 시간을 은근 많이 쓰게 했지만 나름대로 최선을 다했더니 에이쁠 받았다,17
'나쁜 사마리아인'을 읽고 토론하며 수업이 진행되는데 확실히 경제에 대해 잘 모르던 새내기인 저로써는 많이 힘든 수업이었습니다. 하지만 그만큼 배울 게 많은 수업이고 경제에 관심이 있거나 한번쯤 교양으로 배워보고 싶으신 분들께는 추천하고 싶습니다.  솔직히 잘 모르는 분야에 대해 조사하고 토론하려니 팀원들에게 민폐끼칠까 많이 걱정했었습니다. 하지만 팀원분들이 친절하게 도와주셔서 잘 할 수 있었던 것 같습니다. 저처럼 경제에 그렇게 관심이 있지도 않았고 어려워했던 분들 중 이 강의를 들어보고는 싶어 고민하는 분들이 계시다면 학점 걱정은 하지 말고 도전해보시길 추천합니다.,17
수업 배울 거 많고 힘듭니다. 원래 힘듦과 양질의 배움은 비례하므로 어쩔 수 없다고 봅니다. 경제 잘 알고 싶어서 간 경제 문외한 중 문외한으로써 대단히 도전적인 강의였지만 그만큼 보람찼습니다. 경제 저처럼 아예 문외한이신 분들은 출발선이 다른 분보다 조금 다른 건 사실입니다만 성적에는 그닥 영향을 미치지 않는걸로 판단됩니다.  끝없는 토론과 엄청난 에세이로 이뤄진 강의입니다. 에세이는 채점 기준이 상세히 나와있고 열심히만 하시면 된다고 생각합니다.  문제는 이제 토론인데 토론이 개인당 대여섯번 진행될 예정이고 그 때마다 다른 팀원분들을 만나뵐 것입니다. 몇 분께서 유학생분들을 만나지 않고 경잘알분이 팀에 있어야 성적에 긍정적 영향이 있을거라 하시는데  반은 맞고 반은 틀린 얘기입니다. 저 혼자 한국인이고 다른 팀원분들은 전부 유학생이셨던 경우도 있는데 물론 제 할당량이 많아졌긴 하지만 모두 이해가능한 부분이었습니다. 유학생분들도 학생분들의 역량 내에서 최선을 다해주셨습니다. 한국말이 완벽하지 않은 유학생분들의 논문 하나를 요약해오는 것과 국내학생이 논문 하나를 요약해오는 것은 다른 차원일 것입니다. 유학생분들을 대상으로 성급한 선입견을 갖지 말길 바랍니다. 경잘알분을 만나게 되면 마음이 놓이는 것은 사실입니다. 더욱 깊은 자료조사가 가능하기 때문입니다. 그럼에도 불구하고 결국 본인만 열심히하면 성적은 그에 상응하게 교수님께서 채점해주십니다. 정말 많은 토론수업을 진행하셨을텐데 교수님도 척 보시면 누가 열심히 했고 안 했고 바로 아실거라고 생각됩니다. 본인의 성적은 본인의 노력과 비례합니다. (적어도 이 수업에서만큼은) 제 성적을 바탕으로 고려해봤을 때 팀 내에 유학생분들 혹은 경잘알 분들의 유무는 성적에 미미한 영향을 미쳤다고 판단됩니다. 때문에 어떤 조원분들과 만나시던 열심히만 하시면 된다고 말씀드리고 싶습니다. 파이팅~,17
1. 개요 : ‘핵심교양영역’ 中 ‘고전읽기영역’에 해당하는 수업입니다. 필수로 채워야 하는 영역을 채울 수 있습니다. 또한 고전읽기 전공과목이기도 합니다.  2. 강의 요약 : 경제도서 ‘나쁜 사마리아인들(장하준)’을 기반으로 수업이 이루어집니다. 학기 중 총 3번의 토론(2번의 발제 토론 1번의 기말 토론) 기말고사 에세이를 작성하면 되는 수업입니다. 강의식 수업이 아니기에 조금 부담이 적을 수 있습니다(? 라기엔 토론 차례가 다가왔을 때 부담감과 매시간 3시간을 꽉 채우시는 수업 시간이 조금 힘들 수는 있습니다). 토론은 ‘신자유주의 입장’ vs ‘장하준 교수님 입장’으로 선택하여 진행됩니다. * ‘나쁜 사마리아인들’ 도서 요약 : 세계 많은 선발국(선진국) 들이 자국 보호와 여러 가지 정부 기반 정책을 통해 성장해왔습니다. 그들이 어느 정도 성장한 이후 세계 경제에는 신자유주의 질서가 들어섰습니다. 그러나 그들은 이제 개발하기 시작하는 후발국(개발도상국)들에게 신자유주의적인 질서를 받아들이도록 강요합니다. 그들은 그렇게 발전하지 않았는데 말이죠. 본 도서에서는 그러한 선진국의 모순적 행태를 구체적으로 꼬집고 신자유주의에 대한 의문을 제기하고 있습니다. (매~~우 간략히 설명해 둔 것이라서 책을 모두 읽으신 분들은 조금 느낌이 다를 수 있습니다.) 3. 김진수 교수님 : 자원환경공학과 교수님이십니다. 본 강의를 들으면서 느꼈던 건 교수님께서 정말 정말 많은 것을 알고 계신다는 점이었습니다. 토론에서 나오는 모든 주제에 대한 피드백을 해주시고 세부적으로 찾아봐서 알게된 내용까지 전부 다 알고 계십니다. 그 덕분에 다른 팀의 토론을 보면서도 얻을 수 있는 정보가 안 그래도 많은데 교수님 첨언을 통해서 더 자세한 내용 생각하지 못했던 내용까지 알게 되다 보니 정말 유익했습니다. 또한 토론 주제 선정할 때나 문의사항이 있을 때 질문이나 메일을 드리면 늘 친절하게 말씀해주시고 무엇보다 늘 이름으로 불러주셔서 정말 기뻤습니다(누군가 의도적으로 이름을 불러주면 기분이 좋잖습니까 ㅎㅎ). 교수님의 전문적인 모습과 따뜻하고 친절하신 모습 모두 보면서 교수님 팬이 되어버린 수업이었습니다.(대학원 가겠다는 얘기 아닙니다...) 4. 평가 방식 : 핵심은 두가지입니다. ‘강의 = 평가’ ‘루브릭 평가’입니다.  한 학기에 적극적으로 수업에 참여하는 건 많지 않습니다(아! 물론 개인차가 있습니다. 뒤에서 이유 설명하겠습니다). 평가 없이 수업을 참여하는 건 첫 수업(OT) 두 번째 수업(주제별 팀 선정) 정도이고 그 외에 3번의 수업에 토론을 진행하게 되는데 그 모든 게 평가됩니다(처음 두 토론은 교수님만 마지막 기말토론은 동료평가도 추가). 그러면 나머지 수업은 평가가 없는가..? 그것은 아닙니다. 발제 토론이 모두 끝나면 청중이 질문을 할 수 있습니다. 루브릭에 따라서 정해진 횟수를 충족하여 질문해야 점수를 받을 수 있습니다. 아! 그리고 모든 수업이 실시간이라 강의 시작 때 출석 체크도 하셨습니다(성적 반영). * 루브릭 평가 : 정해진 기준이 존재하고 이를 충족하면 점수를 줍니다. 이 기준의 예시 중 하나가 다른 강의평에서 많이 보이는 ‘기말 에세이 참고문헌 15장 이상’이 있습니다. 5. 제 성적 : 저는 A+ 학점을 받았습니다. P 토론을 맡아서 매우 어리바리 했는데 P 주차 토론이 어려운만큼 조금 이익을 주신다는 점이 작용하지 않았나 추측해봅니다. 정말 부족했는데 정말 감사했습니다! 6. 총평 : 저는 이번에 입학한 1학년 새내기입니다. 처음 이 강의의 평가를 보고서는 너무 좋은 수업이라는 확신이 들어서 수강신청 첫 번째로 잡았는데 첫 토론을 진행하고 그만 좌절할 뻔했습니다. 이미 경제에 대한 지식을 많이 가진 선배님들이나 타 학우님에 비해서 제 지식이 너무 형편없었고 고등학교 시절엔 토론을 좋아하고 자주 해왔기에 할 수 있다고 생각했지만 한 마디도 제대로 할 수가 없었습니다. 이미 정정 기간은 지났고 그래도 기왕 한 거 학점은 몰라도 경제에 대해서 얻어가보자 하는 마음으로 강의에 임했습니다. 그런데 생각보다도 더 많은 것을 얻게 될 줄 몰랐습니다. 토론에 능숙하신 선배님들이나 학우님들을 보고 ‘토론을 저렇게 하면 되겠구나!’ 배울 수 있었고 경제에 대해서 모르는 게 너무 많았지만 책을 읽고 다른 팀의 토론을 보며 지식을 보충했습니다. 논문을 어떻게 찾아서 읽는지도 몰랐지만 이 수업을 통해서 논문 찾는 법도 제대로 배웠습니다. 살면서 관심도 없었던 피케티의 ‘21세기 자본’을 읽어보고 경제에 대해 ‘나쁜 사마리아인들’과는 조금 다른 느낌의 정보도 얻을 수 있었습니다. 어느 순간 학점은 기대하지 않았지만 그래도 이 수업을 통해 얻은 것이 정말 많구나 생각했습니다.  솔직히 엄청 힘들었습니다. 기말 토론 앞두고는 화장실도 몇 번을 다녀오고 물을 몇 컵을 들이키고 매 토론이 다가올 때마다 너무 긴장해서 ‘내가 왜 이 강의를 들었지?’하는 후회만 수도 없이 했습니다. 그럼에도 강의가 끝났을 때 개인적으로 얻은 것이 너무 많아서 정말 기쁘고 감사한 수업입니다. 최근 국민의 힘에 이준석 의원이 당대표가 된 것을 보면서 각자의 정당의 지지 여부와 상관없이 ‘토론할 줄 아는 인재’를 원하는 것이 아닌가 하는 생각이 들었습니다(특정정당을 지지하는 발언이 아닙니다. 그저 해당 의원이 온라인에서 갑자기 이슈가 되었던 상황 그 당시의 정당 지지도 변화 추세 등을 보고 이야기 한 것입니다). 토론의 승패가 아닌 토론의 질을 평가하는 수업이기에 이 강의를 통해서 타인과 의견을 교류하는 바탕을 기를 수 있다는 생각이 듭니다. 그랬기에 이 강의가 저에게 이렇게 큰 의의로 다가온 것은 함께했던 학우님들의 도움도 정말 컸다는 것을 느끼며 감사드립니다. 다른 분들에겐 어떤지 잘 모르겠지만 저에겐 정말 큰 의미가 있었던 본 강의를 적극 추천하고 싶습니다.,17
너무너무너무너무너무너무 힘든데 교수님은 좋음 이게 사람도 좋으시고 지적으로도 훌륭하신게 느껴짐 다만 팀플도 너무너무 많고 팀플이 토론이다보니까(심지어 경제임) 빌런 너무 많음 중국인은 말 자체를 할 수가 없음 한 학기 전공만큼 힘듬 그리고 에세이는 말할 것도 없음(출처 최소 15개 최소 장수 제한은 안하셨지만 처음 말씀하실 때 8장이었음) 걍 로드가 전공임 배워가는건 많음 널널할 때 들으면 도움은 많이 될 듯 그러나 모두가 같은 마음으로 열심히하지 않는다는걸 꼭 알아야할 듯 근데 평가는 모두가 같은 마음으로 열심히 하지 않은 그것을 똑같이 평가함 성적은 안나왔는데 평균을 보니까 B+ 아주많이 A0 많이 A+ 매우 안줌 루브릭 평가라서 그런 듯 평이 좋아서 들었는데 왜인지 알 것 같은게 과목은 매우 힘든데 그걸 욕할 수는 없는 구조임... A0 정도 받으면 미화되는 듯 근데 A0는 많이 주셔서... 그냥 팀 구성할 때 1. 중국인 없길 기도하시고 2. 한국인 중에 열정많고 똑똑하고 경제나 정책 등이 있길 기도하시길...,17
1. 토론실력 향상 가능 2. 경제를 바라보는 생각이 넓어짐 3. 에세이.... 빡세지만 유익했습니다.,17
고전읽기영역 꼭 이 강의로 채우시길..!! 성적도 잘 주시고 무엇보다도 유익함 배우는 것도 얻어가는 것도 많은 강의,18
이번 학기에서 가장 얻은 게 많은 수업이었어요! 평소 행복한 삶은 무엇인지 욕망이 온전히 충족되는 사회가 과연 유토피아인지 돈을 쓰지않고 모으는 행위는 과연 의미있는 행동인지 등 여러가지로 생각해볼 주제를 수업시간에 많이 언급해주섰어요.(과제는 아님) 과제로는 초반에 책읽는 거랑 책 속 논제? 내용?에 관한 자기 의견적는 것 유토피아 구상이 있었는데 과제가 적은 건 아니지만 교수님께서 중간 기말 시험이나 과제 몰리는 기간 배려해주셔서 과제를 내주셔서 할만해요!! 교수님이 학생들의 발표마다 모두 칭찬해주셔서 발표하기도 편했어요! 다만 강의 시간이 아침이어서 자주 졸았는데.. 안쓰러웠는지 매번 쉬는 시간도 주셨어요 ..ㅎㅎ,18
정말 추천합니다. 배울 것이 얻어갈 것이 정말 많은 강의입니다. 교수님께서 정말 열정적으로 가르쳐주시고 덕분에 깊고 넓은 생각을 해볼 수 있는 시간을 가질 수 있습니다. 성적도 정말 잘 주십니다!,18
너무좋았던강의 얻어가는게 많고 교수님도 너무 좋으심 책만 읽어가면 다 커버된다.,18
배울 점이 많고 강의력 최고다. 학교 다니는 동인 정말 유익한 교양은 처음인 거 같다 lms에 하는 토런 두 번 그냥 5~6줄? 정도 내 생각 쓰고 다른 사람 의견에 댓극 소통하면 된다(부담없음) 중간고사 없고 기말고사 한번 발표 한번 있는데 발표하는 모든 학생들에게 호응 잘해주셔서 발표에 대한 부담이 매우 적다 심지어 중간고사 기간에는 한번 온라인 녹강으로 대체해 주시고 공휴일도 녹강으로 대체해 주시는데 재탕 아니고 새로 찍어서 업로드 해주신다,18
책을 두권정도 읽어야하는게 힘들었지만 강의내용이 신선해서 재밌었고 해야할 과제도 많지않고 흥미로웠어서 좋았습니다.,18
생각해볼 것도 많고 교수님도 좋으시고 성적도 너그럽게 주시는 편인 것 같아요 ! 추천,18
배울 것이 많았어요!! 유토피아에 대해 아무것도 몰랐지만 이번 수업을 통해 알게 되었어요! 시험도 그렇게 어렵지 않았어요. 나올거같은 문제도 알려주셔서 부담이 크지 않았어요.,18
부담스러우면서도 부담스럽지 않았던 강의 막학기에 들어서 과제가 많다고 생각이 됐지만 막학기가 아니라면 이 정도 과제는 그리 큰 부담이라고 생각이 들지는 않습니다 교양의 목적에 가장 부합하는 교양이라고 생각이 듭니다,18
교수님 강의력이 너무 좋으셔서 수업 너무 재밌게 들었습니다!! 유토피아에 대해서 다양한 분야에 걸쳐서 배우다보니 할 일도 많고 배우는 것도 많았지만 그만큼 정말 많은 것을 얻어가는 유익한 강의였어요ㅎㅎ 평소에 수업 듣고서 틈틈이 복습하고 최종 과제물에 대해서 고민하다보면 시험도 과제도 모두 쉽게 수행할 수 있습니다! 무엇보다 학생들과 소통하려고 노력하시는 좋은 교수님이셨어요ㅎㅎ,18
교수님께서 정말 좋으신 분 같아요 많은 걸 배워갑니다!  평소에 조금씩 해야 하는 과제랑 발표 1번 시험 1번 있어요!,18
상당히 많은 사고력을 요하는 대학강의다운 강의입니다. 다만 시간투자가 꽤 필요합니다. 기말고사 1번 있는데 범위가 방대해서 갈피가 안잡힐 수 있으니 수업 집중해서 들으셔야 할 듯 싶습니다.,18
교수님 자상하시고 강의력 좋으세요!  평소에 조금씩 신경써야하는 과제가 있긴 하지만 그렇다고  과제 양이 부담스럽게  많진 않아요. 두세번정도 4명씩 모여서 주제에 대한 자신의 생각을 간단히 나눕니다. 사고의 폭을 넓히는데 도움이 많이 되었던 수업이었어요,18
발표1번 시험 1번 있구요 과제는 책 읽어오기 입니다!! 교수님 좋으시고 수업 내용 기준도 명확해서 좋습니다 다만 책 읽는 것 싫어하시는 분이나 흥미 없으신 분들은 매우 지루할 수 있어요 수업 내용은 좋아요,18
대학와서 정말 강의다운 강의라고 생각함. 학생들의 참여를 독려하시기도 하시고 또 발표가 있지만 교수님이 호응을 잘해주셔서 발표하기 편했습니다,18
일단 ic-pbl 과목이라 절대평가에요 ~ 교수님께서 발표를 할 때 리액션을 잘 해 주시는 게 발표 내내 힘이 되더라고요 ~ 기말고사 1번이 있는데 교수님께서 문제 미리 알려주시고 또 정답은 개관을 서술하는 느낌이라 무난할 거에요 ~ 과제도 적절히 분량 조절해서 깔끔하게 쓰면 점수 잘 받을 것 같아요 ~,18
진짜 최고 최고의 교양 꼭 들으세요 다른 분들 최고예요 이거,19
꿀은 아닌거 같고 팀플이 빡셉니다ㅠ할게 많다기보다는 생각해야할게 많아요,19
과제는 자서전 하나를 정하고 이에 대한 3단 분석을 하면서 조별로 ppt만들고 발표하는 과정에서 쓰는 보고서와 태도 등이 평가에 들어감. 또한 이에 대해 다같이 토론하는 시간을 가지면서 나름 재미있었고 부담은 크지 않았음. 아쉬운 것은 수요일 아침 수업이였던 것. 그리고 기말에 시험 한번 보는데 상당히 지엽적이였으나 벼락치기로 찝어주신 온라인 강의 중심으로 노트 정리하고 이해하면 크게 어려운 것은 없을 것 같음. 성적도 비율보면 잘 주시는 듯. + 호명이고 자리가 협조하여 출튀는 거의 불가능하다.,19
고전을 채우려고 들었지만 수업 자체가 좋았습니다 팀플을 중심으로 수업이 구성됐는데 팀원들을 잘 만나서 무난하고 즐겁게 했어요 교수님과 조교님이 팀플 방향성 잡아주기위해 친절하게 많이 조언해주셔서 좋고 교수님께서 학생들 많이 배려해주셔서 좋았어요  팀플 팀원 중요하고 질문하는 거(참여도) 중요합니다 고전 채우는걸로 추천,19
재밌었고 나름 인상깊은 수업이었어요. 근데 팀플 힘드신 분은 안하시는게 나을 것 같아요. 좋은 팀원을 만나 팀을 꾸리고 적극적으로 하면은 상관은없지만 내성적이고 말 수가 별로 없는 친구들은 안하는게 좋을 것 같아요. 저 같은 경우는 좋음 팀원을 만났지만 내성적이고 말 수가 별로 없는 성격이라 억지로 최대한 활발하게 하려다보니 개인적으로는 힘들었던 수업이었습니다. 과제는 서로 논의하고 결론 도출한걸 정리해서 제출하먼 되는 거고 발표 한번에 개인 에세이 하나랑 기말 그리고 잘잘한 과제 3개 정도입니다.,19
기말 망쳤다고 생각했는데 에쁠떴네요 중간없고 기말만 봤어요 참여랑 팀플이 중요한것같아요,19
고전에 pbl이라 졸업요건 채우기로는 좋아요. 근데 모집단 수준이 왜이렇게 높은지 .. 열심히 했는데 에제나왔습니다. 수업 열심히 참여하면 재밌어요. 아그리고 기말 한번 치는데 진짜 지엽적으로 나옵니다. 범위 모든내용이 시험문제라고 보면 되요,19
인문학적 소양과 함께 여러모로 한 학기 힐링되는 수업을 들을 수 있었다. 다른 꿀 고전영역보다 로드가 적은지는 모르겠지만 팀 구성을 잘하게 되면 여러모로 괜찮은 팀플이 될 것이다. 매 주 다른 조의 발표를 듣고 토론하는 것도 은근 재밌었다. 한 학기 감사했습니다 교수님,19
교수님이 너무 좋으시다! 과제의 방향성을 잡아주시고 질문 답변 잘해주신다! 기말시험 한번이랑 글제출 한번인데 할만하다. 이 강의로 고전 채우자,19
교수님이 정말 좋으세요 수업은 한학기동안 팀플 발표 한번하는게 크고 나머지는 다른 조 발표 듣거나 교수님 수업듣는건데 큰 부담없어요 과제도 자서전 관련 에세이 외엔 크게 없었네요 시험은 지엽적이긴 한데 범위가 좁아서 부담없이 칠 수 있어요 기대안했는데 성적도 정말 잘 주셔서 이번학기에 듣기 잘했다고 생각한 수업입니다 고전영역 채우기 좋아요,19
교수님 진짜 너무 스윗하세요 학생들 편의 거의 다 봐주시고 팀플만 잘 하면 학점 잘 주십니다,19
이번 학기 이수업 때문에 너무 힘들었는데 그럼에도 불구하고 얻어가는게 많은 수업이었어요 성적도 매우 잘주셔서 만족스러움 고전영역 채우실분들 이걸로 하셔도 괜찮을듯.? 근데 팀원 잘만나는게 중요함,19
고전영역 채우기에 좋은 강의 교수님이 친절하시고 조교님도 발표 방향 설정에 도움 주시려는 게 보임,19
특정인물의 자서전을 읽고 그에 대한 각 조별 발표들로 수업이 진행됨 기말시험은 쉬워서 변별력이 없었던것 같고 평소 수업에 적극적으로 참여했는데 에이쁠 받음,19
이게 교양이지 한 학기 내내 이 강의 갈 때면 오늘은 어떤 토론이 나올까 기대됐음 교수님이 자유토론 진행 스무스하게 잘 해주시고 본인이 쓰신 논문대로 전체 수업 방향 잡으시는 것 같았음 시험은 사람이름까지 외울정도로 하면 무조건 다 맞는다,19
일단 조편성은 자율이라 친구랑 같이 들으면 좋고 팀플은 퀄보다는 성의가 중요한 듯. 조별발표후 토론시 적극적으로 참여하면 플러스인건 당연한데 제일 열심히 할 필요까지는 없는 듯. 그냥 아 얘도 자주 참여했었지 하는 인식만 심을정도면 된다. 시험은 지엽적이라고볼수있긴한데 범위가 좁고 외울거 한정적이라 큰 부담은 없다. 동기들과 같이 한학기동안 즐겁게 수업들었던 것 같다.,19
교수님이 정말 착하시고 좋으신분입니다!!! 생명에 대한 과학적인 지식뿐만 아니라 철학적으로 생명에 관하여 생각해볼수 있는 기회가 되어서 좋았습니다,20
교수님이 너무 좋아서 수많은 전공수업중 한줄기의 빛이었습니다 학점은 빡시지만 재밌었어요,20
교수님 너무 친절하시고 정말 좋으신 분이에요~~ 시험은 중간기말 두 번이고 지엽적으로 내시는 편이시고 과제는 없고 팀끼리 간단하게 토론하는 활동 있었는데 부담스럽지 않았습니다.,20
교수님♥️…..벼락치기 했는데 a+주셨어요ㅠ  수업에서 얻어갈 것도 많고 중간중간 해주시는 조언이 너무 좋았습니다.  조별활동은 그냥 토론 같이하는 정도? 이걸로 점수를 낸다거나하는 건 없어요!  고민하고 계신다면 다들 꼭 들으시길 바래요~~ 꿀강.,20
교수님이 정말 좋으시고 수업도 지루하지 않게 잘해주세요! 시험은 꼼꼼하게 준비해야 하고 쁠 채워주시진 않는 듯해요 조끼리 모여앉아서 중간중간 얘기 나누는 시간이 있지만 부담스럽지 않아서 좋았어요~!,20
성적은 비쁠을 받았지만 교양과목중 가장 좋았다. 성적도 최대한 잘 주려고 하시는편임.,20
교수님 그저 빛 너무 착하시고 학생들 배려 엄청 잘해주십니다. 근데 시험은 잘 보려면 조금 어렵습니다. 교수님 말씀 다 적는게 좋아요. 저는 녹음을 해서 다 다시 들었습니당.,20
교수님이 정말 좋으십니다. 중간중간에 하는 토론도 부담스럽지않고 생각해 볼거리라 재밌었고 조별활동도 즐거웠어요! 시험대비하려면 교수님 이 말씀하시는거도 다 받아적는거 추천합니다.,20
매번 수업마다 정말 얻어가는 것이 많고 교수님께서도 이해가 잘 되도록 설명해주셨습니다.,20
그저 빛.. 사람들이 모두 열심히해서 진짜 0.n점 차이로 점수가 갈려서 학점은 만족하는 학점이 나오지는 않았지만 휘몰아치는 전공들 속에서 쉬어갈수있는 시간이었습니다.. 특히 토론활동하면 교수님이 하나하나 다 읽어보시고 수업에 애정이 많다는게 너무 잘 느껴져요!,20
교수님이 진짜로 정말 좋아요 시험도 열심히 하면 쉽고 배우는 내용도 흥미로워요 ! 그리고 토론을 조금 자주하는데 교수님께서 하나하나 다 읽어보셔요 교수님 진짜 좋으세요,20
A+ 받을거라고 기대못한 성적이었는데  플 잘 채워주시는듯   난이도 자체는 쉬운데  세세하게 꼼꼼하게 공부해야함 등수가 0.5차이로 갈림  또 채치형 교수님의 다른 생명수업에서 A+ 나오면 기말점수의 96%만 인정하니까 유의하길 0.5점차이로 등수가 나뉘어져서 생각보다 타격 있음,20
들었던 교양중 가장 교양같은 수업. 시험공부도 크게 어렵지않음.,20
지엽적인 부분이 많다라는 글이 많아서 많이 걱정했었는데 수업만 열심히 듣고 ppt만 잘 본다면 크게 걱정할 부분이 없었습니다. 수업중에도 모든말씀을 필기해야하는 것이 아니라 중요하다고 말씀하신 부분만 체크해도  크게 문제 없었습니다! 정말 수업이 기다려지는 강의였습니다!! 👍,20
전공 속에 치여살 때 한 줄기 빛과 같았습니다. 토론이 자주 있긴 했지만 교수님께서 하나하나 읽고 다음 강의 때 토론 내용 정리해서 말씀해주셨어요. 학생들의 의견 하나하나를 모두 읽으신다는 것에서 감동이었고 토론보다는 소통 같은 느낌이었습니다. 수업 중에 중요하다고 하신 거 진짜 시험에 다 나오고 안나온다는 거 정말 안나오니까 수업만 잘 들으시면 성적 잘 받을 수 있어요! 다만 시험이 지엽적으로 나오는 게 조금 힘들긴 하지만..,20
온라인 토론하면 다음 시간에 교수님이 피드백하시면서 의견 덧붙여주심. 온라인이지만 같이 수업 만들어가는 느낌?이어서 좋았음. 수업시간에 이건 시험 안나와요 이렇게 말해주셔서 공부할 때 좀 편했음,20
교수님이 재밌고 뭔가 배워가는게 많아요 중간은 조별과제 기말은 글쓰는걸로 하네요,21
일단 교수님이 너무 좋으시고 목소리도 좋고 말도 부드럽게 논리적으로 하셔서 듣기 편하고 좋습니다. 팀플도 무난했고 팀플보완과제랑 기말대체과제(기말시험)만 하면 되어서 좋았어요. 수업은 시험이 없어서 편안하게 들으시면 되고 교수님의 지식이 풍부해서 옛날이야기 듣는 것처럼 너무 재미있게 들었습니다. 추천합니다.,21
할 건 많지만 그만큼 교수님도 능력 좋으시고 수업 잘 들으면 인문학적 철학적으로 얻어갈 것이 굉장히 많아요 재밌게 들었어요,21
교수님이 굉장히 생각이 깊으시다 팀플은 팀원을 잘 만나야한다. 기말은 글쓰기 대체 과제로 진행된다 혼자쓴다,21
아직 성적이 나오지 않아서 학점을 잘 주시는지는 판단할 수 없지만 교수님이 학생들을 무척 사랑하시는 분인 건 느낄 수 있었습니다. 제가 이과라서 그런지 수업 내용이 재미있게 다가오진 않았던 것 같아요 ㅠㅠ,21
일단 수업은 정말 유익했음. 교수님 배경지식이 풍부하시고 유려하게 설명하셔서 이해하기 쉽고 너무 재밌었음... 3시간 수업인데 지루하지도 않았음.  특히 '나'와 칸트의 '자유'를 주제로 삼은 마지막 수업은 정말 명강이었음. "진짜" 대학교 교양 듣는 기분...  평가방식은 좀 힘들었는데 중간 조별과제 조를 직접 짜 주셔서 조원 운이 진짜 중요함..... 기말과제도 중간발표 보완하는 레포트 하나 주제에 관한 짧은 레포트 하나 해서 총 1만 자 정도 씀. 글을 잘 못 쓰면 힘들 순 있는데 그래도 교수님께서 점수를 잘 주시는 편임! A+ 받았음~ 꿀강은 아니지만 열심히 하면 열심히 하는대로 점수 잘 받을 수 있음.,21
꿀강은 절대 아닙니다 교수님 목소리에 반하고 수업 내용에 반했지만 잠이 너무 와서 수업은 대체로 집중 못했습니다..  시험은 수업과 전혀 관련이 없고 평소에 본인 주관이 뚜렷하고 생각이 많으신 분 글 좀 잘 쓰시고 팀플 자신 있으신 분이면 무난히 에쁠 나올듯 합니다 고전읽기 잘 채워갑니다,21
인문학이나 철학에 관심 하나도 없는 사람은 정말 들으면서 자기만 하는 수업…하지만 교수님이 너무 착하심 하라는거 열심히 하고 글은 평소에도 좀 괜찮게 쓰는 편이라 에쁠 받음 ! 성의와 노력을 많이 보시는 듯,21
너무 친절하신 교수님 :) 수업이 후반부로 들어갈 수록 교수님과 소주 한 잔 해보고 싶다는 느낌이 든다... (그 만큼 삶에 대해서 많이 대화를 나눠보고 싶은 느낌!),21
조별과제가 좀 헬. 팀원 잘 만나면 팀플은 개꿀. 팀원 못 만나면 독박 팀플. 그 자체로 헬. 나머지는 뭐 무난무난함. 꿀강의이자 명강의,21
제 인생강의 입니다. 꿀강 아니고 명강은 맞습니다. 꿈꾸던 대학강의라고 한다면 이 강의를 꼽을 수 있을거 같군요. 강의를 듣는 동안 인문학적 교양을 마음껏 쌓으면서 주견을 키울 수 있습니다. 소쉬르 아우구스티누스 칸트 공자 등 많은 철학가와 수사학자들을 마음껏 만날 수 있습니다. 또 이 때 배운 강의를 토대로 사회 여러 문제들을 회고하고 만나볼 수 있습니다.  과제가 나름 있고 조별발표도 있어서 녹록치 않은 수업입니다. 그러나 끊임없이 도전하고 끊임없이 노력하시면 좋은 결과를 만들 수 있으리라 생각합니다. 또 비율도 채워주시는 점도 무척 좋구요. 그렇지만 꿀강 절대 아니고 명강이라는거 명심 또 명심하시고 수강신청하세요!!! 강추 또 강추 그리고 다시 한번 강추입니다. 제 인생강의입니다.,21
수업은 정말 열심히 하셨는데 저에게는 관심이 없는 영역이다보니 따라가기 힘들었습니다 과제 기말 전부 열심히 했는데 어떤 기준으로 점수를 받은건지 모르겠습니다,21
플러스를 채워주는 수업입니다 시험은 과제로 대체하기 때문에  출결 잘하시고 과제를 잘 제출하시면 됩니다 플러스를 채워주는 수업이기 때문에 A+아니면 바로 B+이기 때문에 출격관리도 열심히 하시고 과제를 충실히 하셔야 합니다,21
조별발표 한 번 발표 보완 개인과제 한 번 기말대체 과제 한 번 /중간고사 없음 인문학 세계사 철학 등등 융합된 문과 지식 다양하게 얻어갈 수 있어서 좋았어요. 수업 내용을 암기해야 하는 시험이 없어서 편하게 들었던 것 같습니다. 시험은 없어도 내용이 흥미로워서 진짜 부담없게 재밌게 들었어요. 중간기말 시험기간에는 교수님께서 공부할 사람은 공부하라는 식으로 말씀해주셔서 정말 최고의 교양 교수님이라고 생각했습니다.. 수업은 2시간~2시간 반 정도 진행되고 학생들 조별발표가 시작되는 주차부터는 3시간 풀강 하는데 그것도 시간 오버하면 편하게 볼일 보러 가라고 말씀해주십니다 조별발표는 솔직히 힘들었습니다. 준비기간은 4월 고지 후 5-6월 발표라 길었는데 조원을 잘못 만나서 덤티기를 쓰게 되면 그것만큼 힘든 과제가 없습니다. 다같이 으쌰으쌰해서 교수님이 수업시간에 말씀해주신 기술들 토대로 준비해가면 좋아하시는 거 같아요. 그리고 발표 후 질의응답과 피드백은 녹음해뒀다가 개인 보완과제 쓸 때 참고하면 좋습니다. 기말고사는 교수님이 제시해주시는 15개 문항 중 2개 골라서 각각 1500자 이상 작성하는 대체과제였습니다. 수업 때 다뤘던 내용이 질문으로 나오기 때문에 수업을 성실히 들어뒀고 마침 자기 관심 분야라면 비교적 쉽게 작성할 수 있지만 배경지식이 없으면 한없이 어렵게 느껴졌을 것 같은 시험입니다 저는 보완과제나 기말과제를 시간이 없어서 당일에 작성하고 급하게 제출해서 성적에는 자신이 없었는데 그래도 제 주장과 근거 강력히 담고 논리적으로 작성하려고 노력했더니 A+ 받았습니다. 1학년도 수업 적당히 따라오고 과제 성실히 한다면 성적은 받을 수 있는 교양인 것 같습니다.,21
인문학적 사고가 많이 요구됩니다. 저는 이런 사고를 처음 해봐서 많이 힘들었는데 교수님께서 수업때 진짜 잘 알려주셔서 큰 도움이 되었습니다. 또 전공에 부담되지 않도록 과제 내주십니다!,21
수업시간에 되게 많은걸 얻어갈 수 있었던 강의였던것 같아요! 철학에 대한 내용도 다루고 좋은것 같습니다!!,21
공대생분들에게 추천드립니다. 우리는 장애인 헬스케어 박람회에 가서 첨단기술에 감탄하고 뉴스에 나오는 개발도상국을 위한 신기술이이 마치 1-2년 뒤에 세상을 바꿀 거라 기대합니다. 하지만 매해 매달 신기술이 나옴에도 장애인과 개발도상국 사람들을 위한 복지와 서비스는 제자리 걸음을 하고 있고 혁신이 그들의 삶에 큰 기여를 하지 못하는 것을 볼 수 있습니다.  이와 같이 현재 과학기술에서 문제점이 무엇인지 우리나라 세계에서 일어났던 공학과 관련된 이슈에 대해 다양한 관점에서 바라볼 수 있는 시각을 얻을 수 있습니다. 우리는 앞으로 공학기술에 대해 고민할 때 어떤 가치를 지향해야 하는지 좋은 기술이란 무엇인지 스스로 많은 생각을 할 수 있는 좋은 기회입니다.  개인적으로 다른 수업들에 비해 퀄리티가 너무 좋았고 교수님이 꼼꼼하게 학생들의 활동에 피드백을 주셔서 가장 만족했던 수업입니다.  그리고 마지막 레포트 말고는 다 영상에 답이 나오거나 강의의 핵심에 대해서만 질문해서 크게 어려운 과제는 없었습니다. 열심히 잘 참여하시면 무리없이 에이쁠 받을 수 있습니다.,22
교수님께서 학생들을 배려해주시려 하는 모습이 너무 보입니다! 수업도 편안하게 들을 수 있을 정도로 무리없고 매주 퀴즈 있는데 부담 전혀 없는 수준입니다! 팀플은 개인 발표로 대체되어서 더 부담 줄었네요,22
수업 시간에 활용되는 피피티 잘 보시고 내용을 이해하는 게 가장 중요합니다! 그럼 서술형도 문제 없으실 거에요 생각하는 힘 꼭 기를 것!,22
교수님이 너무 좋으신 분인데 개인적으로 수업이 너무 빡세다고 느껴졌습니다.. 팀플이 많아서 조금 부담 되었습니다..,22
마지막 팀플이 조금 귀찮긴 하지만 시험도 쉽고 무엇보다 성적을 잘 주십니다,22
플립러닝과 주간 퀴즈or간단한 과제가 있어서 귀찮다 느낄 정도는 아니지만 아주 깊은 노력을 요하진 않습니다. 과학에서의 윤리를 생각해볼 수 있습니다. 교수님 좋은 분이고 수업 재미있습니다.,22
기말고사는 팀플 과제이고 중간고사만 긴 수업시간과 녹화강의를 병행해서 교양과목으로 해결하기에는 다소 시간이 필요하지만 교수님도 친절하시고 팀플이나 수업 내용 자체는 부담스럽지 않다.,22
일단 교수님 자체는 굉장히 유쾌하시고 성격이 좋으심. 다만 기말 과제가 팀플이면 스트레스 많이 받을 듯. 물론 좋은 팀원걸리면 땡큐,22
과기철 좋아하면 좋아할 수업 저는 수업 재밌게 들었고 시험도 잘 봤습니다 팀플도 그리 어렵지 않아요,22
수업이나 교수님은 낫배드 성적은 아직 못받아서 아돈노,22
마지막 레포트 빼고는 딱히 부담 없음. 마지막 레포트도 비율 생각보다 크지 않아서 좋은 교양!,22
이 강의는 핵심교양+융합전공 전공심화 수업입니다. 당연리 일반 교양보다 분량 많고 과제도 많습니다.  또한 SMART-F + IC-PBL이라 온라인 오프라인 동시에 진행됩니다. 그러나 코로나 때문에 전체 온라인 녹화강의로 진행했고 인원수가 7명밖에 없어서 절대평가였습니다.  원래 토론식 수업인데 온라인으로 진행하다보니 후반부에는 매주 과제가 나왔습니다. 여기에 개별 보고서+개별 발표 영상+팀별 보고서 과제가 있습니다. 그러나 모두 수업 내용 기반으로 약간의 자료 조사만 필요한 수준이고 팀플은 개별 과제 내용을 합치는 게 전부입니다. 그 와중에도 프리 라이더는 있었지만... 시험은 없었습니다.  강의 유형이 여러 개가 중복되다 보니 복잡한 감이 있지만 친절하게 설명해주시고 개인 레포트 및 발표 영상도 일일이 피드백 해주셔서 좋았습니다. 내용이 상당히 많은 수업이지만 사례 중심이라 그렇게 어렵지도 않습니다.  과기철이 재밌으셨다면 전공자가 아니더라도 들어볼 만 합니다.   + 영상 잘 만드셔서 좋았습니다....,22
교수님 강의력도 좋으시고 학생들에 대한 애정도 넘치심. 과제 피드백을 학생 한명 한명마다 직접 영상으로 찍어서 올려주신 교수님은 처음 봤음. 과제가 좀 많긴 한데 이게 미래인문융합 전공 수업이라... 교양으로 생각하고 들을 수업은 아님. 매주 읽기자료를 읽고 조별토론을 하는데 원래는 강의실에서 수업시간에 진행하는 것이지만 코로나 사태로 인해 팀별 날짜를 알아서 정해서 온라인으로 진행했음. 조별토론에 나오는 질문의 깊이도 어느정도 있고 읽기자료를 이해하는 데에도 시간투자를 꽤 해야 함. 힘든 수업은 맞는데 그만큼 얻어가는 건 많았다고 생각. 절대평가기도 하고.. 절대 가벼운 수업은 아니지만 나는 정말 만족했음,22
과제가 많다면 많다고 볼 수도 있으나 가벼운 과제들이 여러 개 있는 느낌이라고 생각합니다. 과제 난이도 자체가 높지 않고 본인 생각을 많이 필요로 합니다.(생각의 논리보다는 생각 자체가 중요한 느낌) 시험은 기말고사 한 번 보는데 객관식 문제와 단답형이 나오고 서술형도 수업시간에 배운거 그대로 쓰면 됩니다. 생각을 요하거나 논리를 요하는 시험은 아니고 거의 암기시험에 가까워요. 범위도 많은 편은 아니라고 생각합니다.,22
절대 듣지 마세요 일단 과제가 진짜 많습니다. 그리고 과제 하나하나가 많이 난해합니다. 시험은 기말 한번 보는데 정답이 딱 떨어지는 게 아니고 매우 주관적입니다. 가장 큰 문제점은 제가 이걸 배워서 뭐가 이득이 되는지 모르겠다는 것입니다. 그냥 이런 강의는 폐강이 답입니다. 결론: 과제 많은 거 좋아하고 학점 잘 따기 싫은 사람들에게 추천합니다.,22
교양으로 수강한다면  추천않음. 애초에 미래인문학전공과목이라서  다른 교양 로드와 비교하는게 부적절. 괜히 3학점 짜리가 아님. 다른 사람평 처럼  과제가 많으나 그건 교양을 기준으로 그런거고 전공과목으라 생각하면  적당한 수준.  수업 커리따라가면  무난히 배우고 성적도 나쁘지 않게 받을 수 있을꺼임,22
재밌는 교양 수업이었습니다! 시험은 약간 지엽적이라서 까다로웠지만 수업만큼은 너무 재밌었어요,23
고전읽기 중에선 나름 부담없이 들을 수 있는 수업인 것 같네요 과제도 그냥 짜잘하게 가끔 내주시고 후반부에 조별로 발표하는게 있었으나 크게 부담은 없었습니다,23
교수님 좋으신 분이네요.근데 시험보려면 외우는 게 넘 많아서 개인적으로 진짜 힘듭니다... 과제보다 외우기 좋아하는 분에게 추천합니다.,23
강의 자체는 흥미롭고 재미있음. 교수님도 수업 재미있게 진행하심. 단 시험은 지엽적인 부분에서 많이 나오고 수업 무조건 듣고 피피티 통째로 외워야함.. 동화 좋아하고 관심있는 사람이라면 추천,23
동화라는 걸 대학교에서 배울 수 있어서 흥미로웠던 것 같습니다. 시험 같은 경우 교수님께서 수업시간에 하시는 말 같은거 다 필기하시구 열심히 들어야합니다! 그리구 ppt도 다 외우고 시험치니 A+ 받았네요! 동화 관심 있으시면 추천합니다!,23
교수님 강의력은 좋으심. 수업 내용도 꽤 흥미롭고 재밌음. 근데 중간기말 시험 둘 다 지엽적인 부분이 많이 나옴. 점수 잘 받을려면 교수님이 수업시간에 강의하시는 내용 피피티에 다 받아적고 피피티 통째로 달달 외워야 한다고 보면 됨. 매시간 한 10분?정도 남기고 마쳐주시고 후반부로 가면 2번 정도 조별 토론 및 발표 있음. 큰 과제는 없는데 자잘한 과제 2-3번?정도 있음. 고전읽기라는 걸 염두하면 할만 한데 본인이 암기에 취약하면 비추,23
외워야 할 게 넘 많지만 교수님도 좋으시구 수업도 완전 힐링이에용,23
교수님이 학생에 대한 애정이 정말 많으신 분이고 동화에 대한 애정도 넘치시는 분이라 수업이 재밌어요!! 시험은 좀 지엽적인 면이 없지 않아 있지만.. 한 번도 안 빼먹고 열심히 듣는다면 결코 어려운건 아닙니다! 고전 강의로 추천해요,23
채점 깐깐하지 않으시고 학생들 배려 너무 잘해주시는 천사교수님입니다. 강의력도 너무 좋아서 지루하지 않고 내용도 동화책 좋아하시는 분들은 재밌게 들으실수 있을거에요,23
교수님이 너무 좋으십니다! 시험도 너그럽게 채점하시고 수업 설명도 잘해주십니다. 중간중간 조금 졸리긴 했지만 동화 읽는 방법과 다양한 작가들의 동화에 대해서 알게 되어서 재밌고 유익했어요!,23
과제가 없다보니 시험에 대한 부담이 크다는 것 빼고는 좋은 수업 같아요 교수님이 강의를 엄청 열정적으로 해주셔요 왠지 모르게 좀 졸리기는 했는데 재미있게 강의하려고 하시는 것 같아요,23
교수님도 정말 좋으시고 수업도 큰 부담 없이 들을 수 있습니다! 저는 시험공부를 하루 전날 시작해서 좋은 성적을 받진 못했지만 미리미리 피피티 다 외우는 식으로 공부하면 좋은 성적 받을 수 있을 것 같아요 고전 읽기 영역 무난하게 채우기 좋습니다~,23
이번 학기 중 가장 재밌고 알찼던 수업입니다. 교수님께서 수업에 열정이 있으시고 학생들이 몰입할 수 있게 진행해주십니다. 수업을 부담없이 들을 수 있는 강의인것 같습니다. 다만 시험이 조금 어려운 편입니다. 기말은 문제 수도 굉장히 많았습니다. 시험 준비를 철저히 하셔야할 것 같습니다. 시험 제외 모두 만족 스러운 강의였습니다!,23
생각보다 시험이 어려웠던 과목.. 시험 잘보려면 일단 피피티 다 암기해야하고 피피티에는 없는데 교수님께서 수업시간에 말씀하신 부분이 나올 때도 있어서 수업시간에 좀 열심히 들어야해요! 수업내용은 재밌었어요! 저는 수업 때 열심히 듣고 전 날에 전공시험 끝나고 하루 열심히 암기해서 시험 봤는데 에이쁠 나왔습니다! 출결은 전자출결이긴 한데 교수님이 학생 수 다 세시면서 전자출결만 하고 안 온 사람들 잡아내셨어요..!,23
듣다가 눈물도 좀 울컥 나고 정말 좋았던 수업...  다들 성적산출 기준이 까다롭다고 해서 걱정했는데 전 공부한거 치고 성적 잘 받았어요. 수업 집중해서 듣고 필기 열심히 하니까 하루 전에 벼락치기해도 에플 나왔습니다. 대신 너무 많은걸 쓰려하지 말고 시간 보면서 각 문제에 잘 배분하는게 중요한거 같아요. 전 중간 때 문제 2개를 아예 안써서 평균보다 딱 1점 높게 나왔는데 기말때는 잘 본거 같아요. 참고로 작가의 생애 년도 이런건 요구하지 않으셔서 외울 필요 없을 것 같아요.,23
이번 학기에 제일 힐링되는 수업이었어요! 교수님도 너무 재밌으시고 오전 수업이었지만 매주 이 수업 들으러 가는 길에 너무 기대됩니다! 과제나 팀플이 없고 시험만으로 점수 주는거라 조금 어려웠어용.. 암기만 하면 되긴 한데 내용이 너무 많아서.. ㅎㅎ 그래도 저같은 책을 읽기 싫고 과제 글 쓰기 싫은데 고전읽기를 채워야 하실 준께 추천드립니다! 진짜 너무 재밌었어요!,23
고전읽기들을거 이거해도 재밌게 할듯. 시험없는것도 나름 장점임,24
열심히 수업 참여하고 과제도 밀린 거 없이 성실하게 했고 프로젝트 12도 최선을 다했다고 생각했는데 당최 알 수 없는 평가기준에 의한 비쁠... 교수님은 좋으신데 하시는 말씀이 되게 추상적이여서 무슨 의미인지도 제대로 못알아듣겠습니다. 과제도 매주 해야하고 ... 그렇지만 내용은 알찹니다. 그리고 프로젝트2는 팀플입니다. 중간기말시험은 따로 없구요.,24
일단 시험이 없어서 좋았고 열심히 한거 티가 나면 점수는 잘 주시는 듯 해요,24
말을 애매하게 하시고 평가 기준도 애매함. 시험은 없고 중간 기말 대체 발표랑 거의 매주 과제 있음. 굳이 추천은 안 할 듯. 혹시 듣게 된 사람들은 기말 대체 발표 대신에 합동수업때 발표 하는걸 추천 (교수님이 지원자 받음) 그게 부담이 훨씬 덜함.,24
장점: 시험x 학점 잘주심(교과목 포트폴리오상으로 매년 a+ 40%초반 나머지 거의 비플 주셨던거로 기억. 본인도 a+ ) 단점: 과제량 많음 발표울렁증 있으면 비추천 팀플 싫어도 비추천 알 수 없는 평가기준,24
해야할거 진짜 많아요 매주 읽기자료 일고 토론방에 글남겨야 하고 수업시간에 그걸 한명씩 다 발표해요 또 그 토론 바탕으로 조별 토의도 합니다 중간과제는 개인발표고 기말은 팀플인데 교양 팀플은 최대한 피하시는게… 성적은 잘 주시는 거 같아요,24
교수님 좋으심!! 발표 있고 근데 시험은 없음 근데 뭘 배웠는지 모르겠음,24
강의평이 별로 없어서 걱정했지만 생각할 거리를 많이 만들어준 수업! 매주 생각을 정리해야하고 조별 토의에 프로젝트 2개까지 있었지만 시험은 없습니다! 생각할 거리가 많고 이야기하는 거 좋아하는 사람에게 추천합니다. 공간에 대해 다양한 생각을 할 수 있어요,24
시험이 없고 발표가 두번이었음 개인발표하나 팀플하나  강의는 나쁘지않았는데 인문학적 소양이 없는 나로서는 약간 어려웠음,24
정말 좋은 수업입니다. 나긋나긋함 이정도면 나쁘지안ㅎ음,24
시험도 없고 과제도 없고 팀플도 없습니다! 한학기 내내 본인이 주제 정한 프로젝트 1개(공간 장소와 관련된 무엇이든 다 좋음)만 하면됩니다. 이걸로 학기 중에 10분짜리 발표를 1번하고 기말에 결과물을 제출합니다. 기말 결과물은 어떤 분은 발표 때 쓴 ppt를 그대로 제출하기도 하고 어떤 사람은 발표를 글로 정리해서 에세이로 제출하기도 합니다. 교수님이 발표 후에 피드백을 주시니 참고해서 본인이 정하면 됩니다. 본인이 하고 싶은 프로젝트를 이렇게 마음껏 진행할 수 있는 기회가 흔치 않아서 저는 정말 재미있었습니다. 학생들의 생각을 하나하나 존중해주사는 분이라서 더 마음껏 할 수 있었던 것 같아요. 그런데 교수님이 오히려 너무 자유롭게 해주시니까 1학년분들이나 인문사회대가 아니셔서 이런 프로젝트 많이 안해보신 분들은 좀 막막할 수 있을 것 같아요. 그럴 땐 메일로 질문하고 피드백 달라고 부탁드리면 답장 정성스럽게 보내주시면서 항상 조언해주십니다. 교수님도 본인한테 메일로 논의할 거 있으면 언제든 보내라고 말씀하시고요. 모르겠으면 질문을 하세요^^  교수님이 목소리에 높낮이가 크지 않으시고 강의 내용이 낯설어서 강의 듣기 힘들 수 있습니다. 그런데 어려운 내용을 가장 정확한 언어로 표현하시니까 그런거지 설명력이 부족하신 건 아니에요. 글이 말이된 느낌이랄까...? 어차피 강의는 이해못해도 성적이랑은 전혀 상관없으니까 큰 부담가지실 거 없습니다. 저는 강의 내용이랑 통찰에 감탄하면서 들었는데 듣기 힘들다는 건 이해가요ㅋㅋㅋ 근데 코로나 덕에 인강으로 진행되어서 언제든 돌려볼 수 았어서 전 더 좋았습니다.,24
교수님은 좋으시지만 도대체 무엇을 배웠는지 잘 모르겠습니다.... 강의력이 별로인 건 확실한 거 같아요..!,24
우선 수업 자체가 내 생각을 존중해주는 느낌이 들어 좋았습니다. 과제 발표 등 전반적인 수업 과정에서 내 생각을 표현하고 그에 대한 오류나 추가지식을 코멘트 해주시는 식이었습니다. 그리고 교수님이 너무 좋으십니다. 소통하려고 노력 많이 해주시고 학생들에게 관심도 많아 정말 좋은 분이라는게 느껴져요! 명확한 기준이나 답이 정해져있지 않아 힘들긴 했지만 노력하면 A+ 충분히 받을 수 있었습니다.,24
할게 너무 많고 교수님 강의력도 최악입니다. 평가 기준도 애매하고 교수님 말씀도 너무 애매하게 하심. 굳이 들을 필요가 없는 수업.,24
발표준비과정은 약간 힘들었지만 그래도 성적도 잘주시는것 같고 좋은 수업이었습니다!,24
성적 상관없이 너무 즐겁게 들었던 수업이었습니다 암기와 조사 위주였던 다른 과목들과 달리 자유롭게 제 생각을 쓸 수 있다는 게 너무 좋았어요..!! 그리고 교수님 진짜 천사같으신 분..♡,24
전 좋았어요.. 강민경 교수님 너무 좋으심 강의력도 좋으시고 하지만 할게 많긴합니다,25
이게 뭔가 성적 평가가 중간고사 기말 대체 발표로 진행 하셨는데  일단 시험이 꽤 빡셉니다. 피피티 지엽적인 부분이 꽤 나오고 피피티에는 없는 교수님이 수업중에 말씀하셨다는 문제가 나와서... 전 그냥 틀렸고 또 발표 평가가 어쩔 수 없긴 하지만 주관적이십니다. 발표는 최대한 정보 전달 보다는 본인의 생각을 담은 발표를 좋아하시는 것 같습니다,25
개인적으로 저랑 안 맞은 거 같은 수업…교수님 되게 친절하지만 그렇게 쉽게 진행할 수 있는 수업이 아니라 그냥 정말 예술에 대해 관심이 있는 분들 수강하세요…  팀플 게임 많음 시험 어려움 할 일도 많음,25
랜덤으로 게임해서 과제 내주는데 안 걸리면 좋음,25
아… 전 좀..  안맞은 것 같습니다 시험도 어떻게 나온건지 잘 모르겠어요… 근대 열삼히 하신 분들은 많은 것 같습니다,25
시험 보자마자 남깁니다. 강의자료에 없는 교수님이 드신 예시 중에 언급되지 않은 것은? 이런 식으로 나옵니다 수업 내용을 이해했느냐가 아니라 수업에 나온 모든 걸 알고있느냐를 평가하는 시험. 입학하고 본 시험 중에 가장 어이없는 수업,25
매우 흥미로운 강의에요 그런데 시험은 매우 지엽적이에요,25
시험은 객관식과 서술형이 모두 있는 기말고사 한번 보고 시험 문제는 좀 지엽적일 수 있으나 피피티를 여러번 보셨다면 그래도 괜찮은 정도의 난이도라고 생각합니다. 과제는 학기 초반에 게임에서 진다면 1~2번 정도 게임관련 팀플을 진행했었고 시험 본 후 일상 예술 놀이 중 한 키워드를 골라 개인 발표 1개를 구성해야 했습니다. 아침 수업 3시간이 조금 힘들고 귀찮았지만 그래도 교수님도 좋으신 분이시고 예술에 관심이 있으시다면 충분히 재미있게 들으실 수 있는 수업이라고 생각합니다 :),25
교수님이 너무 좋으세요. 처음에는 팀별로 놀이하는 것 등도 귀찮았는데 하나보니 재밌고 심지어 수업 안하고 놀이하는 시간이 더 좋아지기도 ㅎㅎ 내용도 재밌고 시험은 애초에 성적 욕심이 없어서 열심히 준비하지 않았지만 문제가 지엽적이긴해요. 근데 심각한 정도는 아니라고 생각해요. 개인 발표도 절대 부담스러운 정도 아니고 교수님도 격려 위주로 해주십니다. 3시간짜리 아침 수업이라 처음엔 후회했는데 이번 학기 중에서 제일 가볍게 즐겁게 들은 수업입니다! 아 게임에서 지면 조별과제해야 하는 건... 귀찮았어요..ㅎㅎ,25
강평에 많이 많지만 아마 시험이 지엽적이고 외우는 게 많고 과제가 많아서 일텐데  이번학기는 과제 별로없고 수업 자체가 재미있어서 나름 꿀잼강이라고 생각합니다  시험 좀 어렵다고 여기 대학생이 못하는 것도 아니잖아요,25
다들 열심히 공부하셨나.. 나름 했다고 생각했는데 암튼 ㅜ 그래도 재밌었어용,25
강의 내용은 일상과 예술에 관련된 것으로서 흥미로운 것이 많아 재밌게 들으실 수 있습니다. 시험은 상당히 꼼꼼이 공부해야 고득점하실 수 있으니 넉넉하게 공부하시길 바랍니다. 발표는 크게 부담 안 가지셔도 됩니다.,25
평소 예술쪽에 관심이 많아서 정말 재밌게 들었던 강의중 하나입니다! 시험 한번밖에 없고 과제도 개인발표하나라 큰 부담은 없었어요! ㅎㅎ 근데 아무래도 시험을 한번에 보다보니 양도 많고 대부분 서술형 주관식 문제여서 꼼꼼히 공부하지 않으면 저처럼 망할수도 있습니다..,25
약간 수지드립 ..( 교수님 본인이 수지 닮았다…) ㅎ난감한 얘기를 많이 해주시는데 약간 아부 잘 떨구 줌에서 마이크 켜고 말 잘 한다 무조건 들으세여 아 그리고 중간중간 퀴즈는 어려운데 기말은 낫뱃,25
비대면이였는데도 즐겁게 들은 강의였어요. 교수님 자체가 즐겁게 수업하시는 분이세요. 그리고 친절하세요. 녹강으로 올려주시다가 가끔 줌으로 수업하실 때 즐겁게 참여했습니다. 그리고 랜덤과제가 있어서 운이 좋은 조는 한 번도 과제를 안하더라고요.. 강의 시간 자체도 3학점임에도 길지 않고 시험도 기말만 치십니다! 수업만 잘 들으신다면 A+문제 없이 받으실 수 있어요,25
지난 학기 강평을 보니 이 수업 관련해서 이런저런 잡음이 많았지만 작성자들이 찡찡댄건지 교수님이 학생들 부담을 줄여준건진 몰라도 전혀 부담을 느낄만한 수업이 아니었음. 배우는 컨텐츠도 약간 추상적인 부분이 있었지만 전반적으로 흥미롭고 재밌었음  이 수업이 대체 뭐가 그리 부담이 크단건지... 개인차가 있으니 뭐 아무튼 다만 한번 보는 시험인 기말 범위가 학기 전체라서 분량이 많긴 함 근데 다 서술형 문제라 ppt 여러번 반복해서 읽고 평소에 수업들은거 필기 기반으로 공부하면 다 무난하게 적어낼수있음. 논술같은 서술형이 아니라 1문단 내지 짧게는 12줄로 답할 수있는 단답 서술형? 느낌으로 25문제 정도 출제됨(약간 시험시간 부족할 수 있으니 빠르게 작성하길 추천) 개인적으로 교수님이 너무 좋으셔서 힐링받는 느낌이었음,25
비추드립니다 할게 너무 많고요 풀강하시는게 힘들어요,26
과제로 조별 발표 2번 기말 에세이가 있는데 평소 자잘한 과제 없고 시험도 없어서 저는 오히려 좋았어요. 개인적으로 이 정도면 할 만하고 과제도 적은 것이라고 생각이 들어요. 처음에 짠 조로 한 학기동안 같이 토의하고 발표하는데 조원분들 잘 만나시는게 상당히 중요할 듯해요. 문학이나 철학을 잘 모르는 사람들은 수업이 약간 어렵게 느껴질 수 있으나 저는 교양 채운다는 느낌으로 가볍게 듣고 토의했어요. 열심히 참여만 하면 교수님께서 성적은 진짜 잘 주시는 것 같아요.,26
조원 잘못만나면 정말 고생할 강의 저는 잘만나서 괜찮았어요...:) 발표두번 평가서하나 레포트하나 써야하는데 발표가 하나당 한시간 반이에요. 교수님 생각하고 다르면 너무 매도하셔서 스트레스받아요 다른교양으로 들으세요,26
도망가세요 할거 개많음 발표 팀플 2번 개인 레포트도 써야함,26
시험 없고 조별 과제랑 개인 보고서로 성적 주십니다 ! 조원 잘 만나는 게 가장 중요할 것 같아요,26
교수님 좋으시고 생각할꺼리 많습니다 저는 재밌게 잘 들었습니다,26
평소 과제는 질문 만들기 정도라서 전혀 부담 없습니다. 큰 과제로는 조별과제 2번과 기말 보고서 작성이 있습니다. 조별과제는 발표라고 볼 수 있는데 조원분들이 너무 좋아서 새내기인데도 즐겁게 할 수 있었습니다. 교수님은 매우 친절하셔서 모르는거 카톡이나 줌으로 아주 잘 알려주십니다. 공지 읽고 모르는게 생겼을 때 부담없이 여쭈어 볼 수 있었어요.  기말 보고서는 과목과 연관해서 자유롭게 주제를 고를 수 있어서 평소 관심있는 내용으로 작성하는 것도 가능했습니다. 분량도 많지 않아서 금방 끝낼 수 있었어요. 수업 내용 자체는 약간 모호한 느낌..? 이었지만 나름대로 이해하고 모르는거 검색으로 찾아보니 어렵지는 않았던 것 같습니다. 전체적으로 학생 분들 모두 수업에 열정적으로 참여하는 분위기라 함께 덩달아 열심히 토의 참여하게 된 것 같습니다. 꼬박꼬박 열심히 참여하면 좋은 성적 받을 수 있던 과목이었습니다.,26
기존 악평과는 다르게 생각보다 재밌는 수업이었습니다. 중간 겸 조별 15분 발표 기말 약30분정도 발표 및 기말에세이로 구성됩니다. 수업마다 질문남기는 게 있지만 수업들었으면 10분도 안걸려요. 팀플 시 방향성을 잡는 게 가장 중요하고 주제에 관한 일상생활에서의 적용을 매우 중요시하십니다. 교수님 자체는 온화 밝으시고 학생들 편의를 많이 봐주시지만 어떤 부분에서는 무책임한 부분이 있으시긴 합니다. 예를 들어 팀원 모두가 연락이 닿아 팀플에 참여하고 있는지조차 기말발표전까지 모르시더군요.. 그럼에도 유익한 수업이었고 다만 발표나 말하기 토론에 두려움이 있는 학생이라면 어려움을 겪을 순 있겠다 생각하네요. 또 천재와 광기라는 주제가 모호하고 내용도 철학자나 예술가들의 사상을 기반으로 접근하시기에 관련 내용에 대한 사전지식이 전무한 이과학생의 경우도 어려움을 겪을 수 있습니다,26
과제가 많다고 말하는데 솔직히 매주 과제가 있긴 했지만 10분이면 할 수 있는 과제들이었고 저는 조원분들 잘 만나서 발표 잘 하고 다른 분들 발표할 때 질문이나 토의에 열심히 참여하니까 노력대비 정말 쉽고 재미있게 학점 잘 받아갔습니다.,26
그냥 후반부에 있는 피피티 발표에 참여 잘하고 조모임 무난하게 하시면 점수 잘 주십니다  공대생인데 이 과목 덕분에 숨 쉬다 갑니다ㅠㅠ 시험이 없어서 좋았고 토의때 듣고있음 시간도 금방가고 교수님도 좋으십니다,26
음...웬만하면 듣지 마세요 과제도 많고 배우는 것도 없어요,26
음 저는 처음에 천재와 광기라는 수업이 심적으로 굉장히 부담되서 스트레스를 많이 받았었습니다.. 이해도 잘안가고 매주 과제도 있구  레포트도 있구 발표도 있고 근데 지금와서 생각해보니깐 저한테 남는게 굉장히 많은 수업이더라구요. 결과적으로 성적은 잘받았지만 기준은 잘 모르겠구 ㅠㅠ 시간응 전공보다 더 많이 투자한 수업이였어요.. 그래서 에이쁠이였나ㅡㅡ-ㅋㅋㅋㅋ,26
공대생이라 그런지 이런 글쓰는 교양?은 내가 학점잘봐도 왜 잘본지 모르고 그반대도 마찬가지다..  에세이 3번 발표1번 .. 글못쓰는 나에겐 힘들었다.. 수업에서 얻어갈 내용은 없다 고전영역 학점은 다른걸로 챙기는 것을 추천드립니다,26
나무위키에서 긁어온 나의 과제내용과 교수님의 수업 ppt의 내용정확도가 소름돋게 같았다..!,26
할게 엄청 많습니다. 공부량 많은 과나 다른 업무로 시간이 부족한 분들은 듣기 힘들 것 같아요. 그리고 투자한 시간에 비해서 많이 얻어가는 수업은 확실히 아닌것 같아요.,26
할 게 전공 수준으로 많다 팀플 2번에 에세이 1번  그리고 매주 레포트까지 그러나 한양대에서 들은 과목들 중 가장 교양다운 교양이었음  정말 상식이 느는 느낌 그러나 팀플을 싫어한다면 비추,26
고전 소설을 좋아신다면 부담없이 듣기 좋은 수업이라고 생각합니자,27
교수님께서 매우 친절하시고 수업 내용도 재미있습니다. 게인적으로는 역사에 흥미가 많은 분들께서 수강하면 재미있게 들을 수 있을 것이라 생각하고 학점도 대부분 매우 잘 주십니다.,27
고전읽기 영역 채우려고 수강했는데 내용이 흥미로웠어요. 매주 읽어가야 하지만 저는 통학하는 시간에 지하철에서 다 읽을 수 있었어서 크게 부담스럽지 않았어요!  원래 책 좋아하지도 않고 역사도 고등학교 이후로 안 봤는데 교수님께서 재밌는 이야기 하듯이 말씀해주셔서 무난하게 수업시간 보냈습니다. 과제도 집중하면 금방해요! 무엇보다 절평이라서 성적에 대한 부담이 크게 없었습니다 ㅎㅎ 열심히만 하면 고전읽기 3학점 에이플 받을 수 있을거에요!,27
처음에는 선행 녹강도 들어야 하고 매주 고전작품도 읽어야 해서 할 게 많다고 생각했는데 하다보니 적응이 돼서 그런가 괜찮았어요! 과제도 거의 수업 시간에 할 시간 주시고 조별 과제는 한 번 뿐이라 IC-PBL 수업 치고 좋다고 생각해요ㅎㅎ 그리고 고전문학이나 역사에 별로 흥미가 없던 저도 재미있게 들은 수업이어서 추천드리고 싶어요! 수강신청 경쟁률도 그닥 안 셌어서 잡으실 수 있을 거예요,27
매주 읽어가는 고전소설 본수업 전에 보는 선행학습 가끔 보는 퀴즈(두번정도 봤습니다) 가끔 탐구문제 조별토론은 한번 했네요! 배워가는게 많은 수업이었습니다,27
강의내용이 그렇게 흥미롭진않았음 작품을 교수님의 시각으로 보는 느낌,27
매주 글 읽기 과제가 있지만 부담스러운 정도는 아니였음. 수업도 흥미로움.,27
매주 과제가 있는 점이 아주 조금 귀찮았지만 그래도 시야를 넓힐 수 있어 좋았습니다. 생각하는 방법에 대해 배우는 느낌이었어요. 제가 전혀 생각해보지 못한 관점에서 작품을 바라볼 수 있어서 색다르게 느껴졌습니다.,27
고전소설 안 좋아했어도 설명이 재밌고 꽤나 깊은 깨달음을 주는 강의! 과제는 많지만 오래걸리는 과제를 주시면 일찍 끝내주시기도 하고 다른 강의평처럼 뭔가 제대로 된 대학 교양을 듣는 느낌이었습니다 고전영역 채우시는 분들에게 추천 !,27
수업 내용 자체가 흥미로움. 전혀 생각해보지 않았던 관점에서 고전 소설을 읽어볼 수 있어서 좋았음. 탐구 과제도 처음엔 조금 새롭고 어려웠는데 한두번 해보니까 할 만 했음. 중간이랑 기말도 수업 열심히 듣고 시험 전에 소설이랑 피피티 한 번 읽고 보면 시험 시간 내에 충분히 구상해서 쓸 수 있었다고 생각함. 교수님도 재밌게 수업해주시고 학생들 배려해주려는 게 느껴졌음. 고전 영역이랑 IC-PBL 채우기 좋은 강의!,27
할 거 너무 자잘하게 많고 힘든 강의 기말고사는 충격 그 자체,27
과제많고 퀴즈 많고 할거 많은 교양 강의 교수가 자기 생각 강요하고 교수 생각대로 안쓰면 점수 못 받음,27
일단 저는 강의 자체는 쉽고 재미있게 들었습니다! 매주 고전 작품을 읽어가야하는데 짧은건 4페이지정도 많은건 60페이지정도 분량의 글을 읽으면 됩니다. 아무래도 pbl 수업이다보니 교수님께서 강의 도중에 탐구문제를 주시고 시간안에 제출하라는 활동이 있긴합니다. 어쩔때는 그 제출물에 대해 발표를 시킬때도 있었어요 이 부분이 약간 부담스럽긴 했는데 그렇게 자주는 아니어서 괜찮았습니다 또 그 제출물은 해당 강의가 끝나고 수정해서 다시 올리도록 하시기 때문에 강의실에서 탐구문제를 완벽하게 해결하려고 부담가질 필요는 없는 것 같아요  매주 세시간 풀강의는 아니고 꽤 일찍 마치는 경우가 더 많았어요 일찍 마치는 날에도 보통 탐구문제를 주시는데 기한이 그 수업 당일 자정 아니면 그 다음 날 까지라 그 점이 약간 힘들수 있다고 생각해요 그래도 탐구문제가 전혀 어렵지 않아서 후다닥 해결할 수 있어요 그리고 절평이라서 너무 좋았습니다,27
고전소설을 여러 작품 읽어볼 수 있었고 작품을 읽으며 이에 대해 새로운 시각을 가질 수 있었던 수업이었습니다. 3시간 수업이지만 꽉 채워서 한 수업은 별로 없고 대부분 빨리 마쳐주셨습니다. 매주 작품 읽어오는거랑 과제가 제법 있는게 약간의 부담이긴 했으나 강의 열심히 들으면 시험에 큰 부담이 없고 성적도 정말 잘주시기때문에 만족스러운 강의였습니다.,27
너무 유익했고 이것이 교양이다를 알려주심. 중간 때 틀린 문제 있었던거 같은데 에쁠 주심 굿굿,27
지금까지 들었던 강의 중 가장 난처했습니다. 교수님의  주장이 학생들의 생각의 폭을 넓혀주기 보다는 오히려 제한시키고 강제하는 느낌을 주었습니다. 아쉽지만 다시는 듣고싶지 않습니다.,27
평가 기준이 모호합니다. 성적 잘받기를 원하신다면 듣지 마세요. 또한 한 주제에 대해 깊이 논리적으로 생각하는 걸 좋아하시는 분께 추천합니다.,28
교수님이 열정적이시고 교안과 PPT가 모두 제공되어 공부하기 편했다. 학문적으로 보면 낯설 수 있지만 통찰력을 배울 수 있었던 수업!,28
인문학 강의의 그 난해함(?)이 취향에 맞다면 아주 적격인 강의입니다. 중간고사 전까지 의론 강의하고 그 이후로는 발표(최종 에세이 피드백)+에세이 제출이 기말 대체입니다. 발표는 모두 다 하셔야 해요. 중간고사 이후 다른 분들의 발표를 봤을 때 배운 이론(구조주의 프레임 이론 등)에 대해 갈피조차 잘 못 잡으시는 것 같다 느꼈습니다. 개념어 정의 달달 외우면 중간고사는 잘 치시겠지만 그걸 이해해서 문화콘텐츠 분석에 적용하는 게 핵심입니다. 인터넷에 후기구조주의 검색하셔서 자료 읽어보셨을 때 이해가 되신다면 + 흥미로우시다면 유익한 강의가 될 것이라고 생각합니다!,28
중간 이후로는 발표 듣다가 오면 되니까 편함 내용이 추상적이라 시험보기 힘들었음 발표 준비도 힘들었음...,28
중간고사+발표+에세이 입니다. 내용이 좀 어려워용 ㅜㅠ,28
수업 자체는 흥미롭긴 했는데 내용이 추상적이라 어떻게 공부해야 될지도 모르겠고 이해도 안돼서 너무 힘들었습니다…  1학년 1학기부터 이렇게 어려운 수업 잡아서 고생 좀 했습니다… 교수님은 친절하세요 성적은 아직 안 나와서 어떻게 주시는지는 잘 모르겠고 일단 전 망했습니다^_^  기호학 언어학에 관심 있는 편이라 어려워도 참고 끝까지 듣긴 했는데 추상적이고 모호한? 학문 싫어하시면 듣지 마셔요,28
교수님이 되게 열정적이시고 학생들과의 교류하기 돟아하심.(경청 잘해주심) 거의 격주로(수업시간이 남으면) 조별 활동하는 것 같음.,28
중간 시험 기말 발표랑 보고서 열심히 한 티가 나고 발표에 대한 교수님의 피드백을 보고서에 반영을 잘 한다면 A 받아갈 수 있을 것 개인적으로 1학기 때 들었던 수업 중 제일 알찼다,28
교수님 강의력 좋고 피드백도 많이 해주심. 배우는 내용은 헷갈리지만 쉽게 설명해주시려고 노력하심. 다만 중간에 놓치면 따라가기 어려워서 복습해야 함. 중간고사 때 이론 물어보는 건 안 내신다고 하셨던 것 같은데 나와서 조금 당황했음. 중간 이후에는 학우들 발표듣고 피드백하고 레포트쓰면 돼서 편했음.,28
할게 많지는 않음 중간시험이 비중이 제일 큰 것 같고 후반부에는 발표와 그것 기반으로 에세이쓰기. 후반 몇주동안은 다른 학우들 발표를 듣는 시간이 많아서 좋긴 했음. 문과 고학번들이 매우 많았던 것으로 기억함,28
인문학에 흥미가 있거나 전공한다면 한번쯤 들을 가치가 있는 수업. 교수님도 친절하게 설명하려 노력해주시고 중간고사 이후로는 발표 위주라서 좀 편한 것도 좋음. 시험은 수업 열심히 듣고 복습하면 풀 수 있는 수준.,28
강의 중 토론 질의응답 아무리 열심히 참여해도 점수 없음.  막장으로 줌 화면도 안키고 말한마디 안하고 그냥 출석 체크만 한 학생이랑 토론 참여하고 적극적으로 수업 진행에 참여한 학생이 점수가 같은건 이해 불가능하다. 교수님이 수업중인 시간 한해서라도 열심히 흐름이 끊기지 않게 하시는 거 보여서 처음에는 많은 학생들이 적극 참여했다고 생각한다. 하지만  수업 후반부에 참여 열심히하고 질의응답 해도 점수 없다고 얘기하심. 중간고사만 있고 기말은 최종 발표로 했는데 중간고사 점수가 등급 가르니까 중간 집중하길. 등급은 채워주시는 듯,28
1. 핵심교양 + 융합전공 전공핵심 과목 내용 장황한 것도 맞고 세세하게 설명하는 것도 맞음. 전공핵심 내용을 교양 수준으로 가르치니까 당연히 설명이 늘어짐. 구조주의 내용 같은 거 배우는 다른 더 쉬운 교양이나 전공기초 같은 게 있으면 좋을 텐데... 아예 얘는 어렵게 가고. 양쪽의 수준을 다 만족시키지 못하는 느낌  2. 이번 학기에 코로나 때문에 매주 과제 생김. 어렵진 않았는데 생각보다 시간을 잡아먹음. 그리고 중간고사 대신 기말고사로 바꾸고 그랬는데 난 일정 딱 정해진 걸 좋아해서 상황 따라 유동적으로 바꾸는 게 좀 스트레스였음.  3. 강의력이 좋다고는 못하겠다. 교안 퀄리티도 엄청 좋지는... 3.5점을 주고 싶은데 없으니까 3점. 4점이라기엔 1번에서 말한 단점이 크다고 생각함.,28
어렵긴 어렵고 이해하는데도 노력이 많이 드는 과목은 맞다. 근데 그건 교수님이 설명을 못한다거나 그런건 아니고.... 그냥 이론 자체가 어려운거임... 구조주의 베이스의 이론들이라 처음 접하면 어려운 것이 당연함 교수님은 그래도 꼼꼼하게 설명해주시는 편이고 예시도 적절하게 들어주신다. 별도의 교재도 없고 매주 강의록도(오타가 좀 있긴 하지만) 내용적 측면에서는 굉장히 알차게 만들어주심. 공대생이라 특별히 어렵게 느껴지고 인문대생이라 상대적으로 쉽게 느껴지고 그런게 있을리가 없다 그냥 원래 어려운 학문일 뿐임 교수님이 말이 좀 빠르시긴 한데 강의록도 꼼꼼하게 읽어보고 수업때 흐름 놓치지만 않으면 과제와 시험에 큰 무리는 없다. 미래인문융합 전공 과목이라 교양으로 듣기에는 좀 깊이가 있긴 한데 안그런 전공이 어딨겠나요... 교수님도 굉장히 열정적이시고 성적도 나름 후하게 주시려고 노력하셔서 시간 투자만 좀 하면 성적 잘 나올 수 있는 과목임 시험이랑 과제도 빡세긴 한데 그래도 이론 파고들면서 천천히 해보면 나름 재밌음,28
비인문대생으로서 알아듣기가 정말 많이 어려웠다... 너무 deep한 문과수업이라고 해야할듯  교수님 잘못은 아니지만 이게 왜 인문소프트웨어 전공과목으로 선정되었는지도 잘 모르겠다. 평소에 프로그래밍 수업듣다가 이런 강의 들으니 좀 어리둥절하다.  특히 이번 학기는 코로나때문에 통싸강으로 진행됐는데 교수님에게 간단히 물어보는 것도 굉장히 번거로워서 힘들었다. 비대면학기라 팀플은 없었다. 교수님의 설명도 체계적인 편이 아니다. 어떤 말이 핵심인지 정리하기 어려웠다. 인문학에 대한 넓은 기초지식이 없으면 듣기가 고역일것이다...  그냥 교양지식을 쌓는다고 하면 모르겠지만 이 수업은 인문소프트웨어 전공과목 중에서도 이론 3학점이라 상대평가 대상이라는 점을 감안할 필요가 있다  나는 중간에 던지고 싶었던 과목이다...,28
유익한 수업이나 조별과제가 빡씸. 학점도 열심히 한 거 치고는 그닥,28
매주 과제가 있긴 하지만 짧게 본인 생각 쓰는거라 부담은 없고 교양으로 듣기 좋은 수업임,29
음악에 대한 여러 관전과 사고의 방식에 있어서 새롭게 생각해볼 수 있는 기회였던 것 같습니다. 조금 추상적일 수도 있지만 제일 교양다운 수업이 아니었나,29
과제도 간단하고 수업도 평상시에 잘 들어놓으면 시험 공부도 준비할만 합니다,29
전공자가 아니더라도 딱 정말 교양을 위해선 좋은 과목,29
수업이 졸리긴 하지만 흥미롭고 생각할 거리를 제공해주러서 유익해요. 교수님이 진짜 좋으셔요,29
시험 문제는 서술형입니다. 수업 꼭 녹음하시기 바랍니다.,29
교수님이 너그러우시고 매주과제도 부담스럽지 않은편 음악에 대해서 기존에 했던 생각들에 한번씩 의문을 던져보게 해주시고 가끔은 직접 연주해주시면서 재밌는 수업을 위해 노력하심,29
꿀교양 찾으시면 이거 추천 수업도 재밌고 교수님도 너그러우신 편 매주과제가 있는데 자기 생각 짧게 적는 거라 부담없음,29
과제도 한번 안하고 중간을 좀 망친것같은 느낌이 있었는데 간당간당하게 에이플 떴어요 교수님 너무 좋으심 좋은 강의인 것 같아요 추천,29
조금 졸리지만 그래도 훌륭한 교양입니다. 대학 수업 다운 교양.,29
음악에 대해 새로운 시각으로 바라볼 수 있는 인문학적 수업이었으며 각 파트별로 넓게 바라보며 결국 내 삶까지 바라보게 만드는 수업이었습니다 좋은 교양이에요,29
과제는 전혀 부담없을정도. 1분만 투자하면 끝낼 수 있는 정도로 매주 주심.  시험도 평소 수업을 듣기만 했다면 직전에 키워드 복습정도만 해도 무난히 다 쓸수 있는 정도입니다  근데 시간대가 시간대고 교수님 목소리도 나긋나긋하셔서 엄청졸립니다,29
부담없이 들을 수 있다는게 엄청난 장점입니다. 수업은 적당히 1시간 반 정도 하시고 다음시간 수업에 관한 간단한 과제만 있습니다.,29
교수님도 참 좋으시고 수업도 좋습니다. 과제가 매주 있긴하지만 전혀 부담될 거 없는 수준입니다. 사고력이 길러지는 강의,29
교수님이 엄청 친절하심 과제 매주 있는데 간단하고 부담 없이 할 수 있다,29
좋아요 그냥 들으세요 이정도면 낫베드임 교수님 강의 좋아요,29
시험이 이번학이 없어요  개인 과제가 딱 두 번 있고 교수님 수업 너무 재밌었어요,30
교수님 좋으시고 강의도 재미있어요. 시험은 없고요.아쉬운 점은 91점 받았는데 b+주셨어요,30
삼국지라서 수강신청했는데 갑자기 올해는 초한지도 해보고싶다고 초한지의 특정인물에 대한 50분짜리 조별발표를 요구하셨다... 강의는 매우 소프트해서 들으러 가는데 부담은 없다. 수업에서 삼국지 관련 사이트나 책을 언급하시는데 중간기말 레포트 마감이 닥치기 전에 중도에서 빌려놓으면 좋다. 그 책들 바탕으로 중간기말레포트 작성했다. 중간레포트 요구량은 7p지만 6페이지밖에 못채웠고 그마저도 분량 절반을 책내용 그대로 인용하고 생각 3페이지 썼으나 A+받았다. 성적은 너그럽게 주시는듯. 삼국지연의 10권 정사삼국지 2권 만화책 10권을 모두 읽고 작성하긴했다. 독서를 좋아하면 선택하시길 시험이 없다는게 특장점.,30
성적을 잘 받기 위해서는 수업시간에 잘 듣는 것이 중요합니다. 최대한 교수님 말씀에 반응을 하며 내가 집중하고 있다는 사실을 어필하시면 성적 잘 주십니다. 과제도 내용보다는 길이에 집중하는 것이 성적에 도움이 될지도?? 과제 내용이 많은거 선호하시는 것 같습니다.,30
시험 없는 교양수업으로 수업 분위기는 활기가 넘치지만 휴대전화와 아이패드는 교실에서 볼 수 없습니다.,30
레포트 2회 중간은 삼국지의 인물중에 교수님이 집어준 인물 표지제외 7페이지 이상 작성 기말은 삼국지 만화책 관련한 레포트 5페이지이상 작성 팀플 발표 1회 초한지 인물 집어준 인물 조사(발표시간은 한 40~50분정도 기대하시는듯) 시험 없는건 좋아요 근데 레포트 쓰는게 삼국지 노베면 좀 힘들어요 저도 노베라 힘들었네요 9시수업에 올출석해서 그런진 몰라도 a0를 받긴 했습니다. 나름 너그러울지도?,30
교수님 친절하시고 강의력도 있습니다. 삼국시에 대해 넓게 많이 배울 수 있습니다.,30
온라인 수업 때 들었습니다. 삼국지에 대해 어느정도 기본지식이 있다는 전제로 수업이 진행되고 인물의 성격이나 주요 사건을 다루는 게 대부분입니다.  팀플 하나 있는데 중국 학생들이 많아서 소통이 힘들고 시험은 리포트 대체였습니다. 성적은 웬만큼 나오니 무난한 교양입니다.,30
교수님 엄격하고 일이 많아요. 과제도 어려워서 피해요 !,30
교수님 줄석을 중시함. 보고서는 두개. 중간하나 기말하나 팀플하나,30
팀플 한번 과제 두번  교수님 출석 중시합니다 강의내용 재미있습니다.,30
삼국지 생각보다 재미있어요.교수님이 성격도 좋고 출석을 잘하면 학점도 잘 주시더라고요.,30
삼국지 하나도 모르고 시작해서 삼국지에 대한 대화를 나눌 수 있을 정도가 됨.,30
A+  받음    열심히하는 정도가 성적에 정직하게반영된다고생각함. 중간 기말없고  레포트 몇번내고 조별과제 한번있음. 고전영역 채우려고들었는데   기말시험이 없고 레포트라 전공 공부할때 부담 안줘서 좋았음,30
진짜 최악의 수업. 과제 평가를 10초만에 끝내고 성적을 매기는 진풍경을 볼수 있음,30
듣지 않는 것을 추천합니다....중간고사 기간에 갑자기 리포트 과제를 내고 삼국지에 대해 알아간다기 보다는 이미 삼국지를 아는 사람을 위한 강의입니다. 물론 중간고사 기말고사가 없다는 점은 좋지만 다시 돌아가면 계절로 교양 채울듯,30
내용이 너무 좋았음 시험이 배운 곳에서 나와서 좋았음 팀플 하나 있었었는데 열심히만 하면 되어서 부담이 적었음 시험 범위가 교양에 비해 약간 많았지만 핵심만 다뤘다고 생각함,31
팀플이 마냥 쉽지만은 않기는 하지만 중간 기말이 부담이 많지 않아 고전읽기 치고는 힘들지 않았던 것 같고 교수님께서도 흥미롭게 전달해주시려고 노력해주셔서 좋았습니다,31
기억에 남는 교양 과목이었어요. 교양답게 부담도 크지 않고 나름 배워가는 것도 많고 내용도 흥미로웠어요. 이런 교양 과목이 많았으면 좋겠어요.,31
고전영역 꿀교양! 팀플 있지만 무겁지 않고 기간이 길어서 부담되지 않음. 수업 내용은 진짜 언어 그 자체에 대해 배우는데 어렵지 않음. 시험 두 번 치는데 진짜 쉬움 나는 피피티 두 번 보고 침. 매주 봐야 하는 영상 있음(근데 수업내용=영상내용 이라서 솔직히 둘 중 하나만 집중해서 들음 수업 못들어도 시험때 유용). 매주 영상 관련 제출과제도 있는데 한 문장만 쓰면 돼서 1분도 안 걸림. 수업도 매번 일찍 끝내주시고 교수님 진짜 착하심,31
교수님 너무 좋으심. 수업 내용도 유익함. 시험은 쉬우나 ppt를 다 외워야함. 좀만 공부하면 학점따기 쉬우니 ppt만 정확하게 외우면 됨.,31
팀플이 있지만 진짜 일상생활 속 언어 탐구하는 어렵지 않은 정도임. 시험도 퀴즈 형식으로 피피티 내에서 다 나오고 교수님 설명력도 좋으셔서 따라가기도 쉬운 꿀강👍 매주 플립러닝 들어야하긴 한데 과제는 1분도 안걸릴 정도로 부담스럽지 않음,31
큰 부담 없이 언어에 대해서 기본적 교양을 다루는 수업입니다.내용을 비교적 심도 있게 팀원들과 생각해볼 수 있는 유익한 수업이며 교수님께서 학생들을 생각해주시는게 느껴지는 알찬 수업입니다. 팀플도 크게 어렵지 않습니다!,31
개꿀강 시험도 쉽고 과제도 할만함 팀플이 좀 있긴한데 할만함,31
부담 없이 듣기 너무 좋은 수업입니다🤍 교수님 강의력도 좋으시고 개념에 맞는 사례도 잘 설명해주셔서 재밌게 수강할 수 있습니다.,31
꿀교양이 확실하다 일단 수업 자체는 루즈한 느낌이 있다 하지만 시험이 쉽다는게 장점 쉬움에도 불구하고 5개 정도 틀렸던 것 같은데 A+ 받았다 팀플의 경우 한 분 제외… 팀원들을 잘 만나서 수월하게 끝낼 수 있었다 주제만 잘 잡으면 오래 걸리지도 않을 것!,31
이것보다 더 나은 고전영역 교양이 있을까 팀플이 있긴한데 너무 성의없게만 하지않고 시험에 집중하면 학점 충분히 잘 나올 수 있다. 시험 문제도 매우 쉬운편이라 실수만 안하면 A+ 그냥 가져갈 수 있는 과목,31
너무 좋은 강의평이 많아서 매우 기대하며 들은 과목이었지만 기대만큼은 아니었음 자기 관심 분야인지 꼭 확인해보고 듣는 것 추천. 난 생각보다 이 수업 주제 자체에 흥미를 못 느낌 ㅜㅜ 그래도 교수님 너무 좋으시고 수업도 열심히 해주심. 시험도 지하철에서만 봐도 되는 그런 만만한 수준은 아니지만 쉬움. 꼼꼼하게 외울 것. 매주 있는 과제도 까먹지 않게 주의할 것.,31
수업은 온라인강의와 오프라인강의로 진행된다. 수업전에 30분정도의 온라인강의를 미리 듣고  논제를 제시하고나면 오프라인시간에 50분정도 온라인강의내용을 리뷰하고 남은시간에 논제에 대한 토론 및 팀프로젝트를 진행한다. 시험은 PPT를 그냥 외우면돼서 큰 부담은 없다. 다만 팀프로젝트가 있고 팀프로젝트 계획세우고 결과분석 및 발표자료를 만드는 과정에서 생각보다 시간이 꽤 들어간다. 그래도 고전읽기영역중에서는 이수업만한게 없다고 생각한다.,31
꿀교양 시험은 피피티를 아예 외우면 쉬운데 애매하게 외우면 헷갈릴듯,31
고전읽기에서 온라인 영상 ppt만 보면 A+이 나온다? 정말 꿀 오브 꿀. 이번 학기 힐링 강좌였음ㅎㅎ 대면 수업시간에는 그냥 편하게 언어와 관련해 수다 떨다가 가는 느낌?🤩 과제 부담 하나 없고 시험 부담 하나 없음. 지하철에서만 봐도 시험 프리패스! (시험 10분도 안 걸리고 답에 대한 확신이 full로 들게 만듦.) 내용도 쉬운데 얻어가는 내용이 많은 느낌이어서 학점은 잘 나오고 지식은 쌓이는 강의임❤️‍🔥 내용 잘 맞으시면 의미론이나 화용론 전공수업을 들어도 지식적인 측면에서 무리 없을 정도? 가벼운 듯 전공을 훑고 지나감🌠 최고ㅎㅎㅎ ++교수님 대박 좋으심❤️❤️❤️ 교수님이 하는 모든 강의를 듣고 싶다.. 최고심. 팀플이 수업시간에 끝날 수 있도록 도와주시고 진심으로 언어를 궁금해서 연구하는 게 느껴져서 마음에 불이 나도 생김. 언어가 미치도록 좋고 궁금해...🌠  3학점인데 절평인 것부터가 사기캐인데 교수님이 더더더 사기캐니까 무조건. 신청해. 나는 이번 학기도 또 듣고 싶어. 힐링 오브 힐링 수업😇,31
개인적으로 내용 자체에 관심은 없었고 시험 하루 전에만 공부하면 되는 꿀고전교양,31
진짜 개킹갓교수님 학생 배려 많이해주시고 정말 착하십니다,32
교수님 천사입니다. 많은 것을 이해해주십니다.,32
고전 영역 채우려고 들은 건데 수강한 교양 강의들 중에서 손에 꼽도록 좋았습니다! 배워가는 것도 많았고 부담도 크게 없었어요. 교수님도  정말 친절하시고 학생들 의견 반영 잘 해주십니다! 시험도 어렵지 않아요 추천!!,32
매주 있는 개인 과제에 조별 과제까지 해야해서 조금 부담이 될 수 있어서 저학년 분들께 추천 드립니다 그래도 시험도 크게 어렵지 않고 성적도 너그럽게 주시는 거 같아요,32
팀플이 기본적으로 수업 진행의 비중에서 50% 이상은 차지하다보니 팀을 잘 만나는게 중요하긴 합니다. 그렇지만 고전 독서도 많이 할 수 있고 교수님도 열정적이셔서 기본적으로 개인이 어느 정도만 열심히 한다면 얻어갈 수 있는게 많은 수업이라 생각됩니다. 그렇지만 팀플과 과제 등 해야할 것들이 많다보니 저학년 분들이 듣기 좋은 수업이지 않을까 싶네요.,32
교수님께서 항상 열정적으로 준비해오신다 매일 조별활동을 하는데 그냥 떠들다 온다고 생각하면된다,32
저는 재밌었어요 ㅋㅋ 시험 쉽고 조별과제도 그렇게까지 힘들지 않았고? 매주 나오는 과제 그렇게까지 공 안 들였는데 A+ 주시네요,32
성적 : A0는 무난하나 A+은 힘듦(비율상 약 30프로정도가 A+인듯) 정말 망해도 B+이긴 하나 진짜 노답이면 한두명정도 씨플인듯 과제 : 일주일에 주어진 문학책 한권과 독서의역사 한두쳅터와 싸강 책 또는 강의 관련 문제1문제와 소감평 일정량 적어 내면 됩니다. 저는 주로  각 주차에 둘중 꽂히는 쪽 위주로 만들어 냈습니다 학교가 가까워서 통학시간이 딱히 없는분들은 따로 시간을 파야되서 귀찮으실거같고 저처럼 한시간 이상 통학하시는 분들이면 지하철이나 버스에서 책읽고 문제 내고 메모장으로 느낀점 작성하시면 시간도 좀 아끼고 괜춘합니다. (밀리의서제같은거 해두면 괜춘합니다 못해도 반 이상은 오디오북 있어서 눈 피로도가 적고 몰입이 좀 편해요) 시험 : 서술형 : 매주 생각할 거리? 거기중에서 찝어주셔서 답 어느정도 미리 생각해 두시면 됩니다 객관식 : 학생들이 출제한 문제 중에서 교수님이 찝어서 주시면 외워서 시험 보시면 됩니다. 매주 오디오북 수준에서 듣기만 하셔도 외우기 힘든 수준은 없었습니다. (다만 중간 한두문제 정도 헛갈릴 수도 있으십니다. 주로 독서사 인물..) 한두문제 정도 틀린다고 문제는 없는데 서술형 비중이 좀 있는거로 알고 있습니다.,32
시간 많이 잡아먹어요  그래도 배우는 내용은 부담없고 책도 많이 읽어서 좋았습니다,32
교수님도 괜찮으셨지만 매주들어야하는 온라인 강의 되게 귀찮고요.. 은근 읽어야할게 많아서 전공 여유로운 분들께 추천합니다. 조별시간때 팀원들과 가벼운 의견 교환 가능합니다.,32
팀플조원만나서 독서토론하는건 재밌었음 발표도야무지게 잘준비했고 기말시험도 나쁘지않게적은것같아서  이건무조건에쁠이다 했는데 에제였움 흠 쁠을안채워주시는건지 나만그런건지,32
과제도 길게 쓰고 수업도 잘 참여한거 같은데 쁠은 안채워 준다. 어디서 감점됐는지도 모르겠고... 자신이 책을 직접 다 읽었다면 유익하지만 대충 네이버 검색해서 읽은 척 해도 티가 안나는 수준의 토론(잡담수준)을 하기에 사바사가 심할것 같다. 나는 책을 전부 읽어서 시간이 많이 들었는데 들인 시간에 비해 학점이 잘 안나왔다ㅠㅠ,32
교수님이 정말 관대하시고 책도 그렇게 어렵게 읽을 건 아니었어요. 열심히 과제만 따라가셔도 감당할 수 있을 것이라 생각합니다,32
너무 재밌고 배울 것도 많았어요! 책읽는 거 좋아하시면 정말 좋아하실 과목이에요! 연극했던게 정말 재밌었네요! ㅎㅎ,32
비대면인게 너무 아쉬웠던 수업 그럼에도 재밌었다  책읽는거 좋아하고 사람들이랑 얘기하는거 좋아하면 너무너무 좋은 수업이다 물론 가장 중요한 팀원 운이 따라줘야겠지만 이번에는 팀원들도 너무 좋았어서 개꿀~!,32
비대면이었으면 훨씬 재밌었을 것 같은 수업. 책 읽고 수업시간에 노가리까시면 됩니다. 과제가 매주 있긴 한데 별로 부담은 없고 조별과제는 좀 귀찮긴 한데 저는 팀원 운이 좋아선지 재밌게 했네요. 원래 책 읽는 거 토론하는 거글쓰는 거 좋아하시는 분은 그냥 노는 시간이에요.,32
먼저 제 성적은 A+입니다. 염두해두시고 강의평을 읽으면 좋겠습니다.  1. 효과적이고 유의미한 구성 영화her에서 시작해서 중국어 방에 대한 담론으로까지의 과정이 효과적이고 유의미합니다.  2.트렌디함과 고퀄리티 민찬홍 교수님의 저명에 맞게 현대철학자들에 대한 고퀄리티 텍스트와 강의를 제공해주십니다.  3.토론 수업과 피드백 대부분의 수업에 토론이 동반됩니다. 토론은 철학수업에서 아주 중요합니다. 토론이 딴길로 세지 않고 유의미하게 이루어질 수 있도록 잡아주십니다. 또한 훌륭한 동문들과 사상의 교류로 생각을 확장해볼 수 있습니다. 새삼 우리 학교에 똑똑한분들이 많다는 것을 깨닫습니다. 토론에 적극적으로 참여하고 교수님께 질문을 자주하는 것을 권장드립니다. 다수의 학생들이 자신의 전공과 주제를 엮어내는 것이 인상깊었습니다. 철학이나 정책 컴공등을 나오셨다면 조금은 유리할 수도 있다 생각됩니다.  4.압도적 지식 학생이 무언가 새로운 것에 대한 얘기를 하더라도 대부분은 교수님의 로드맵안에 포함됩니다. 그 이야기 어느 학자의 어떤 사상인지에 대해 설명해주고 더 나아가 생각해볼 거리를 던져주십니다.  5.과제와 성적 과제는 많습니다. 양적으로 많지는 않습니다. 다만 생각을 깊게 해야하기 때문에 소요하는 시간이 많습니다. 또한 팀플레이익 때문에 조금의 시간이 더 동반됩니다.  6.총평 이것이 현대철학임을 느껴보고 싶다면 들어보는 것을 추천합니다. 교양강의이기에 기본에 충실한 수업입니다. 기본이  기본인 이유는 쉬워서가 아닌 중요해서임을 다시금 깨달을 수 있습니다.  철학자는 조망하는 자임을 교수님을 통해 배워갑니다.,33
인지과학 인지철학에 대해 배우는 수업입니다. 팀플은 한 학기 동안 3번하고 끝날때마다 발표하여 마무리하는 형식으로 수업을 진행하십니다. 주제에 대해 교수님이 설명도 많이 해주시지만 그것보다 팀플에 중점이 맞춰진 수업이라 생각하시면 됩니다. 다소 생소한 주제일 수 있지만 수업을 들으면서 정말 많은 걸 알게 되어서 만족합니다!  좋은 점은 시험이 없고 성적은 아직 받지 않았지만 빡빡하게 주시지는 않으실 것 같습니다. 힘든 점으로는 주제가 너무 어려워 듣는 것만으로도 버겁습니다. 저도 인지과학이라는 것에 대해 어느 정도는 알고 있었지만 생각보다 더 어려운 주제인 것 같아요. 그래도 수강하면 정말 많이 배우니 기회 된다면 꼭 수강해보세요~,33
대학와서 들었던 최고의 강의. 이게 소규모 강의라 어떻게 보면 분석과 비판보다 더 민찬홍 교수님의 진수를 느낄 수 있다. 진짜 재밌게 들었음.,33
인공지능에 찐으로 관심있어야 재밌을 수업인듯 재밌지 않았음 하지만 갓찬홍 교수님 수업인데다가 학점도 잘주심,33
솔직히 내용이 너무 어려웠어서 비쁠만 떠도 감사하다 생각했는데 기말 에세이를 좀만 열심히하면 그냥 에이쁠을 던져주시는 갓찬홍 ..,33
발표 그냥 적당히 하고 에세이는 논문 한편만 잘 요약해도 에이쁠 근데 왜 인문클래식이지?,33
배우는 내용이 상당히 어렵지만 본인이 열심히 하는 만큼 얻어가는 것도 많은 수업이라고 생각합니다 가장 중요한 건 기말 에세이인데 시험기간이랑 겹칠 수도 있으니 미리 해놓는 걸 추천드립니다! 기말 에세이는 교수님이 기대치가 높으셔서 열심히 쓰셔야 합니다 열심히 쓰면 에쁠 충분히 가능한 수업입니다!,33
마음의 이해라는 강의명만 보고 수강신청 하지 마시길 교수님 강의력 좋으시고 텍스트 물론 좋지만  처음부터 끝까지 지적 탐구력이 필요하니까 마음 단단히 먹고 수강신청 하시길,33
시험없고 팀플 발표 1번 개인 발표 2번 에세이 1번으로 평가합니다. 수업이 흥미롭긴 한데 뒤지게 어렵습니다. 인지과학에 대해서 어느 정도 알아가서 좋긴한데 이게 왜 인문 클래식인지는 모르겠네요.,33
수업이 너무 어려워요.....인공지능이나 튜링 기계 등 인지과학 얘기가 많이 나와서 인문클래식이라기보단 과학클래식이 더 어울리는 듯  하지만 교수님이 학생들 편의를 정말 많이 봐주시고 학점도 의외로 괜찮습니다  코로나 학기인 걸 감안해서 출결도 체크 안하셨고 기말 에세이를 사람 수준으로 쓰면 최소 에제~에플 받을 수 있어요,33
1. 뒤지게 어렵다. 2. 근데 텍스트도 교수님이 주시는 통찰도 모두 양질이라서 공부하는 보람과 재미가 있다. 3. 가끔 너무 힘들어서 포기하고 싶다가도 교수님이 열정이 넘치고 성실하기까지 하셔서 감히 나따위가 때려칠 엄두가 나지 않는다. 4. 코로나 터지고 개판되는 수업 많던데 빛차농은 이미 블랙보드를 섭렵해 오셔서 오히려 학생들한테 가르쳐주시고 커리큘럼도 온라인으로 진행해도 전혀 문제없게 구성하셨다. 5. 2인팀플이 있긴한데 사실상 팀플이 아니다. 시험도 팀플도 없다는 말이다. 6. 기말 에세이는 꼭 피드백 받을 수 있는 한 최대한으로 받기를 추천드린다. 그리고 미리미리 쓰시길... 7. 결론은 이 수업 추천한다. 대신 제대로 공부할 여력이 될 때...가 아니라 일단 수강신청하면 빛차농을 보며 그냥 하게된다   +수업 중간중간 교수님의 귀염뽀짝모먼트가 종종 있어서 힐링된다.  다시 만날 때를 기다립니다 빛차농...♡,33
일단  민교수님이야 워낙 유명하시고 양질의 텍스트를 읽게 하시는 편이라 그저.... 발표가 두번 있었는데 한번은 학기 극초반에 영화 두편 엑스마키나랑 허  보고 인지과학적으로 살펴보는것정도 20분짜리 발푭니다.  조를 나눠서 하는거라 시간적으로 크게 부담은 안됩니다 두번째 발표는 수업시간에 다루는 텍스트를 골라 각 10분정도 자기가 이해하고 짚어가고 싶은 걸 발표하는 겁니다. 날짜만 자기 스케줄에 맞게 잘 고르면 무난하게 해나갈수 있습니다. 평가의 핵심요소는 최종 에세이 제출입니다. 다른 학기에는 여러번 교수님께서 봐주셨다고 하는데 이번학기는 그럴 여유가 없어서 개요만 블랙보드상으로 발표하고 간단한 피드백 정도 받았습니다. 모태학점 뭐 이런 말도 있긴 한데 저같이 머리 안좋은 사람이라도(본인 아이큐 95) 본인이 흥미가 당기는 에세이주제를 고르고 착실하게 여러 텍스트를 읽고 생각을 담아내면 에플 받을 수 있습니다. 그리고 정말 알아가는 게 많은 수업입니다. 지적인 흥미를 채워준다 해야 하나... 본인이 열심히 하면 많이 얻어갈 수 있고 학점도 챙겨갈 수 있습니다.,33
한 학기 동안 제일 저를 괴롭혔지만 제일 흥미로웠던 과목이었습니다. 1학년이라서 소화하는 게 어려웠지만 제가 얼마나 부족한지 얼마나 노력해야 할지를 알아갈 수 있었습니다. 빛찬홍 교수님 너무 존경합니다.,33
일단 모태학점은 잘 모르겠습니다. 1학년이라 확실히 다른 학우분들보다도 실력이 부족했음에도 기말에세이를 정말 열심히 퇴고한 덕분에 A0나왔습니다. 하지만 쁠을 안채워주신게 너무 아쉬워서 1점 깎는거지 수업 자체는 정말 배워가는게 많았습니다. 제 생각엔 대학에 걸맞는 이상적인 수업이라는 생각이 들었고 학점과 상관없이 뭔가를 배우고 싶다면 이 강의 추천드립니다. 물론 학점도 하기에 따라 잘 받을 수 있겠지만 깐깐한건 맞다고 생각하고 특히 제 경우엔 전공보다 더 많은 시간을 투자해서 에제를 받은거기 때문에 이런 점은 좀 걸릴 수도 있겠습니다. 민찬홍 교수님의 다른 수업도 꼭 들어보고 싶습니다. 일단 이 강의 추천은 하고 싶습니다!,33
발표 한 번 에시이 한 번이 끝입니다. 발표는 <마음은 어떻게 작동하는가>에서 대략 10~15쪽 내외 분량을 읽고 다른 학생들이 이해할 수 있도록 설명하면 됩니다. 텍스트를 잘 소화해야 발표를 잘 할 수 있습니다. 학생들 또는 교수님이 발표 내용을 토대로 질문하시는데 그 질문에 잘 답하지 못하면 교수님께서 대신 설명하십니다. 이런 상황이 나오지 않는 게 좋습니다. 어렵더라도 최대한 자기가 이해하려고 노력했고 어디까지 이해했는지를 보여줘야 합니다. 에세이도 마찬가지입니다. 교수님께서 최소 3번 피드백을 받으라고 하시고 원하면 더 받을 수도 있습니다. 충분히 고민하고 피드백 받고 끙끙 앓면서 쓰다 보면 점수는 잘 나옵니다.  솔직히 말해서 하면 하는만큼 점수 나오기는 수업이라서 성적이 나오지 않는건 하지 않아서 일 것 같습니다. 근데 하기 싫은 게 이해가 가는 게 텍스트가 꽤 어렵습니다. 그리고 하나를 이해하는 순간 모르는 또 다른 하나가 생겨서 파도 파도 끝이 없습니다. 주변에서 나름 지적 호기심이 많다거나 탐구력이 좋다는 소리를 듣는 사람이 아니라면 흥미있게 들을 수 있는 수업은 아닐 것 같습니다.,33
킹갓짱대황찬홍 교수님 당신은 성경책.....,33
얻어갈 것도 많고 재미도 있는 수업!!!  1학기에 들은 수업 중에 제일 좋았습니다! 성적도 잘 주십니다아,34
너무 좋았지만 아쉽게도 A0 (절대평가) 이 수업 고전 읽기에서 가장 추천합니다.,34
너무 즐거웠던 고전이었습니다!! 수업은 중간고사 기간 전까지는 플립 러닝이라 온라인 녹화 강의를 듣고 올려주시는 작품을 읽고 와서 간단한 퀴즈를 푼 다음 오프라인 강의 진행 조별로 토론하고 대표자1명이 발표하는 방식입니다. 퀴즈나 토론 발표는 점수에 크게 반영되지 않고 ic-pbl 절평이라 부담 없이 참여하시면 돼요. 다루는 작품들은 강의명에서 아셨겠지만 음식과 관련된 문학(대부분 현대 소설 작품이에요)입니다. 우동 한 그릇 서머셋 몸의 식사 무라카미 하루키의 빵가게 재습격 등… 음식과 권력 자본주의 욕망 등등 각 주차별로 테마가 있어서 교수님 강의로 테마 관련된 배경지식을 쌓고 그 작품에 대해 어떻게 생각하는지 자유롭게 토론하는게 핵심 활동이었는데 하다보면 여러가지로 생각해보고.. 사고가 확장되는 느낌이에요. 중간고사는 각 테마를 주제로 에세이 쓰는 대체과제입니다. 기말대체인 조별발표도 조별로 테마를 정해서 15-20분? (헷갈리네요) 정도 발표를 하는 거예요.  조별발표 전까지 조원은 교수님이 계열별로(인문 사회 공학 예체능 등등) 나눠서 편성해주시는데 기말발표는 각 테마별로 오픈카톡에서 투표를 12지망 나눠서 하면 교수님이 조를 짜주십니다.  한 3주 정도는 수업시간에 발표 준비하는 시간을 주시는데 이때 필요한거 다 정해둬야 나중에 편합니다… 발표순서는 가위바위보로 정해서 각 주차별로 두 팀이 발표하는데 발표하면 나머지 팀은 듣고 토론하면 됩니다. 발표날 토론 진행하는거 말고는 점수반영 안 되니까 발표 외에는 편하게 참가하면 될 거 같네요. 조원 잘 걸려야 스무스하게 갑니다… 발표하고 성찰일지 작성하면 끝입니다! 성적도 후하게 주시고 출석은 수업 초반에 직접 호명하셔요 교수님도 너무 친절하시고 배우는 내용도 흥미롭고 고전 영역에서 학점 따기도 좋은 과목은 진짜 적은거 같아요!! 강추합니다,34
A+ 80% 교양. 더 말이 필요 없습니다  시험 없고 토론 에세이 팀플로 진행됩니다  토론은 아주 조금 힘들 수도 있는데 그냥 부담 없이 하면 됩니다 팀플은 조별로 거의 비슷한 완성도라 개인 에세이 잘 쓰시면 될 것 같습니다  교수님이 정말 따뜻하시고 팀플도 많이 도와주려고 노력하셔서 어렵지 않습니다  계절은 생각보다 빡셌는데 학기 중에 하면 완전 꿀교양일듯 고전이나 PBL 채워야 한다면 꼭 들으세요,34
계절로 들어서 매일 단편소설을 읽고 주어진 논제에 대해 토론하고 개인 과제 1개와 팀플 1개로 널널하지는 않지만 열심히 빠지지 않고 참여하면 성적은 잘 주시는 거 같아요!!,34
널널한 과목인가? X 계절이라서 그런지는 몰라도 과제와 팀 프로젝트의 밀도가 매우 높음 성적을 잘 주시는가? O 꾸역꾸역 과제랑 팀플 해나가면 A+은 확정 단 출석점수 잘챙겨야함 배우는게 있는가? O 그동안 무늬만 IC-PBL인 수업들 많이 들엇는데 이건 진짜 학생들이 주도적으로 이끌어나가는 느낌이라 색달랏음. 물론 팀원들 잘 만나야하지만 피드백 많이 해주시니 열심히 한다는거 어필하면 좋을듯 *참고로 수업시간에 조원들끼리 상의하는 시간.주시니 이 시간을 최대한 활용해야 집에서 할 일이 적어지 총평: 뭐 아무것도 안하고 A+주는 과목은 아니지만 애초에 대학와서 그런 과목만 듣기에는 등록금이 아깝다. 하기만 하면 A+이 보장되는데 그러면 평소에 해보고 싶은 것들 맘껏 해보면 좋은 수업인듯,34
에세이 작성 팀플 여러가지 해야하는게 적은편은 아니지만 열심히 따라가기만하면 성적은 이미 낙원에.... :),34
사사로이 번거롭다. 그러나 학점은 잘 주시는 듯 하다. 팀원을 잘 만나야 한다.,34
에이쁠 나올 줄 알았는데 에제나옴 계절이라 다 열심히 해서 하나 삐끗하면 에제인듯 그래도 3학점 고전치고는 달달했음,34
할 게 없는 건 아닌데 할 거 다 하니까 A+ 주셨음. 주변에서 다른 고전 듣다가 B0 받은 친구를 봐서 그런지 더더욱 혜자로 느껴진닷,34
학점을 아주 잘 주시고 피드백도 잘해주시고 좋습니다 마냥 할게 없는건 아니에요 에세이 한번 문학 테마에 맞게 분석하는 팀발표 한번 시험은 없어요,34
계절학기로 들으니 수업이나 과제의 밀도가 너무 높았어서 듣는 동안 많이 힘들긴 했습니다. 하지만 배운 점이 너무너무너무너무 많았어요 너무 만족스럽습니다 교수님이 학생들 한 사람 한 사람에게 집중해주시고 주의를 기울여주시려 노력하는 게 너무 잘 보였어요 교수님이 본인 피셜로 열심히 노력하는 모습만 보인다면 학점을 잘 주신다 선언했습니다. 그래서 아직 학점은 안 나왔지만...잘 받을 거 같긴해요... 포트폴리오 보니... 결론은 고전읽기 대충 때우고 싶은 사람에겐 비추고 이것저것 많이 배우고 싶은 분들에겐 강추입니다 저는 후자인지라 대만족,34
날먹 꿀강은 아님. 의외로 할 것도 많고 기말대체 팀플발표는 스케일이 컸음. 하지만 좋은 팀원들 만나서 마무리 잘 할 수 있었음. 절평이라 하라는 거 열심히 다 하면 성적은 후하신듯. 중간이랑 기말 수업진행 방식이 다른데 중간 수업은 소설읽고 토론하는 수업이었음. 너무 재밌어서 갈 때마다 기대되는 수업이었음. 기말은 팀원들끼리 발표준비 위주로 수업하는데 열심히하면 따로 안만나도 수업시간에 완료할 수 있음. 빡세긴 하지만 교수님이 진행 순서나 내용들 잘 지도해주셔서 상대적으로 수월했고 배운게 많음.,34
작년 2학기에 수강했습니다 다른 고전 강의들도 수강한 다음에 느낀 결론(?)은.. 하루키 사마천 같은 꿀수업에 비해서는 그렇게 꿀은 아니라는 거랑 조원 좀 잘 만나야 괜찮다는 거 정도?  만약 고전 영역 채워야 한다 싶으면 그냥 계절로 하루키 듣는 게 베스트인 거 같습니다 강의는 그럭저럭 괜찮게 듣긴 했습니다,34
고전읽기 영역 추천 강의 팀플이 있는데 좋은 사람들 만나서 기분 좋게 했어요,34
최고의 강의 너무 재밌고 즐겁게 마무리했습니다 !,34
아니 시험공부 개열심히 해서 만점받고 발표도 열심히 준비했는데 학점 개짜게줌… 무엇보다 심한 꼰대이십니다 듣지마세요,35
꼰대라는 특징에 예민하다면 불편할 수도 있는 수업. 정치이야기를 안하려고 노력하시지만 아주 가끔 미새하게 정치색이 보일때가 있음. 하지만 예민하지 않다면 생각보다 의미있고 도움이 되는 말들을 해주심. 생각보다 유쾌하시고 재미있으심. 레포트제출 팀플발표(영화책) 있음. 매주 영화 책에 대해서 발표하는데 본인은 모두다 보고 가지는 않았지만 최대한 보고 가려고 노력. 매주 발표에서 질문하는 거에서 참여도 점수 체크. 시험은 기말 한번인데 수업 중에 해당교재를 읽어주시긴 하지만 시험에 도움이 되지는 않음. 한자를 보고 해석하기 그 내용에 대한 생각 서술하기 인데 한자를 잘한다면 유리할 수 있음. 범위가 넓지는 않아서 한자를 잘 모름에도 어느정도 잘 친듯. 최종성적  a+,35
교수님께서 인생에 도움이 되는 조언을 많이 해주심. 재밌는 이야기도 많이 해주시고 많이 웃겨주심. 근데 뭘 배우는진 잘 모르겠고 풀강임..,35
과제가 많은 편이지만 괜찮음 성적 잘 주시는 거 같음 듣는 수업이라서 참여형보다 괜찮은 거 가틍ㅁ,35
인생에 대해 많이 알아가는 느낌 열심히 하는 모습을 보인다면 에이쁠은 정말 너그럽게 주시는듯 잘하는 것 보다는 열심히가 중요함 기말도 한자래서 두려웠는데 양도 괜찮고 전날에 공부했지만 잘 봄 고전 영역에서 토론 하기 싫다면 추천 팀플도 고학번들 꽤 있어서 오히려 편했음,35
솔직히 뭘 배워간다기보단 교수님 인생 이야기 듣는 게 재밌고 매주 한두 작품씩 얻어가는 게 좋은 진짜 교양같은 교양,35
인생에 대한 많은 걸 배웠고 스스로 성찰도 많이 하게 되는 수업이었습니다. 교수님도 너무 좋은 분이시고 학생들을 생각해주시는게 보입니다. 처음에는 고전영역을 채우려 들었지만 정말 다시 한 번 듣고 싶은 강의입니다.,35
강의는 매주 책이랑 영화 하나씩 발표하고 이야기 나누는 것으로 이루어지는데 인간관계에 대해 고민해볼 수 있는 좋은 수업이었습니다!,35
과제가 적은 편은 아닌데 생각보다 얻어가는건 많은 수업입니다. 다만 수업시간 3시간은 꽉꽉 채우시는 편이니 참고하세여,35
할 게 많긴한데 고전 교양 채우려고 듣는거면 그냥... 좀 약간 고생한다 생각하고 들어도 될 것 같아요 아무래도 꿀교양은 아니니까?! 그래도 하다보면 그렇게 무리될 건 없어요 기말 명심보감이 좀 외울 게 많긴하지만! 팀플도 전혀 어렵지 않고 가볍게 들을 수 있음다,35
수업은 각 주마다 선정된 책과 영화에 대한 토론 위주로 이루어지기 때문에 미리 내용을 알고가지 않으면 매우 심심하고 졸릴 수 있습니다. (1교시 아침수업임) 시험은 없지만 매주 카페에 강의 후기를 올려야 하고 중간 기말 각각 한번씩 레포트 제출이 있습니다. 성실하게 참여한다면 좋은 성적과 인문학적 흥미를 얻어갈 수 있다고 생각합니다.,35
교수님에 대한 호불호가 많이 갈릴 것 같습니다. 다만 수업후기를 제 때 제출하고 발표도 열심히 준비하며 보고서도 경험 위주로 감성적이게 쓰니까 A+를 주셨습니다.,35
교수님께서 좋은 말씀 많이 해주시고 인생이나 자신에 대한 성찰도 할 수 있게 해주는 수업같은데 사실 딱히 저에게 도움이 되지는 않았어요. 고전 정 들을 거 없을 때 들어도 나쁘지 않을 수업정도라고 생각합니다,35
열심히 해서 에이쁠 받긴 했는데  고전때문이라서 들었지 절대 안 들을 것 같음 할 게 너무 많고 수업 분위기도 별로 안 좋음 ㅎㅎ .. 교수님은 진짜 좋으신 분이긴 한데 뭔가 좀 .. 좋긴 함 ..!,35
자기 삶에 대해 진지하게 생각해본 생각해볼 의향이 있는 사람들 꼭 들으세요,35
교양치곤 할 게 많다고 생각하지만 고전 영역은 다 그런 것 같아요! 저는 개인적으로 교수님이 해주시는 말씀 너무 도움됐고 좋았어요 인생에 대한 교훈은 부모님 말곤 들을 기회가 거의 없다고 생각해서 전 좋았습니다! 책이랑 영화 잘 안 보는데 교양 많이 쌓아가는 것 같아용 추천!!,35
수업 내용이 어렵지만 시험 반타작하고 에이제로 받았습니다 강의 자료랑 책 잘보면 학점 잘 받을거같아요,36
예전 소수인원 강의때는 안좋은 평도 많았는데 대형강의로 들었을때는 매우 꿀교양이었음 고딩때 생윤 윤사 거치고 수능 세사 동사했던 인원들한테는 내용의 40% 정도는 커버됨 인권 역사 이런거에 관심 많았으면 배경지식으로 상당부분 커버될 것 교수님이 막주차에 발표시키고 시험에 논술형 한문제 나오는데 이런거 열심히 하세요,36
수업 내용이 막 어렵지도 않아서 편하게 앉아서 듣기 좋았어요. 시험은 거의 책 내용 빈칸이라 잘 읽어야 할거 같아요.,36
들어본 교양중에 내용측면에서 가장 알찬 수업입니다,36
수업 일찍 끝내주세요 중간은 2000자 내외 글쓰기로 대체했고 기말은 피피티 + 책 한 권 + 읽기 자료 조금으로 빈칸 뚫어서 내셨어요 기말 하루 전에 했는데 성적 잘 받아서 놀랐습니다 고전치고 좋아요,36
교수님이 상당히 똑똑하시다. 바보인 나는 따라가기 힘들었지만 기말때 시험을 꽤 잘봤는지 에이쁠이 떴다,36
편하게 들을 수 있는 강의이고 강의에 뭔가 마음을 울리는 느낌이 있다. 수업에 쓰이는 책이 잘 쓰여져서 그냥 수업 내용의 압축이라고 봐도 무방할 것 같다. 중간은 책에 나오는 고전 독후감으로 2000자 쓰면 되서 금방 한다. 기말은 가로채우기랑 OX문제 나오는데 책 열심히 읽으면 될 것 같다.,36
부담없이 고전영역졸업요건을 채우시고싶은 분들께 추천하고싶은 강의. 3학점이지만 대부분 5시 전에 끝내주시고 4시반전후로 끝날때도 많음. 중간은 독후감 과제인데 성적 편차(비중)는 크지 않음,36
들을만 합니다. 주로 자유란 무엇인가 책 위주로 수업하시고 학생들에 대한 애정이 넘칩니다.,36
강의가 거의 3시간 풀강이라 조금 졸립니다… 그리고 중간 시험이 없다 보니 강의안 내용이 많아서 미리미리 공부해 두는게 좋을 것 같습니다 저는 미리 안봐서 몰아서 했는데 내용 자체가 어렵거나 외울게 많지는 않아서 할 수는 있지만 다른 과목 빡세신 분들은 미리 해두시는게 좋을 것 같아요 그거 빼고는 교수님도 좋으시고 중간고사도 대체과제고 분량도 2페이지 정도에 기간도 넉넉해서 부담이 적습니다 현대사 흐름이나 인권 문제에 대해 되짚어볼 수 있어서 좋았습니다!,37
교수님 너무나 훌륭하신 분이고 강의도 열심히 잘 해주십니다. 레포트 제출 기한도 넉넉하고 양도 부담 없습니다. 다만 강의 양이 좀 많아서 듣는 데 지루한 감이 없지않아 있습니다.,37
수업을 듣는 내용량이 많고 그 내용은 한국 근대사. 중간고사는 개인 리포트로 대체하고 기말고사는 전반 듣는 내용이다.,37
수업이 좀 지루하긴하지만 학생들 최대한 신경써주시고 레포트제출기한 넉넉히주셔서 편했어요!,37
자유란 무엇일까.... 강의인 보면서 직접 수업하십니다 근데 글을 읽기만 하셔서 좀 졸립니다....,37
양이 많지만 달달 외우면 좋은 성적 받을 수 있습니다. 내용도 꽤 재밌습니다,37
인문학적 소양을 기를 수 있는 수업입니다. 이과인데도 재밌게 들었어요,37
역사내용이랑 자유란 무엇인가라는 주제를 섞어서 수업을 하시다 보니깐 스토리텔링을 좋아하는 저는 재미있게 수업을 들었습니다,37
강의와 강의록의 다양하고 내용들을 통해 많은 것들을 배울 수 있는 수업이었습니다! 교수님께서 강의록에 담아주시는내용뿐아니라 관련자료들도 함께 보면서 역사적 내용과 필수 고전에 대해 학습할 수 있어서 너무 좋았습니다!,37
저는 강의를 전부 실강으로 들었습니다만.. 중간중간에 출튀하시는 분들이 꽤 계십니다. 그리고 수업을 듣고 시험을 보는 것과 과 수업을 듣지 않은 채로 시험을 보는 것에 차이는 거의 없습니다.   시험을 잘 보려면 단답형은 교수님이 나눠주신 교안에소 굵은 글씨나 밑줄 쳐진 키워드 위주로 공부하시고 약술 서술형은 수업시간에 다뤘던 문학작품에서 등장인물들이 했던 행동 위주로 기억을 하세요..  저는 공대생이지만 단답형 2~3개 정도 못쓰고 약술형 서술형은 잘썼다는 느낌을 받지는 않았디만 A+ 받았습니다. 시험 볼 때 분량을 맞추는 것이 제일 중요한 것 같네요,37
수업 시간이 길어 조금 지루할 수 있지만 강의에서 다루는 주제 자체가 한 번쯤 깊게 생각해 볼 만한 유익한 주제였습니다. 토론 팀플 발표가 부담스러워 이 강의를 듣게 됐는데 교수님 강의가 정말 뜻깊었고 많이 배워갑니다.  공대생이라 논술형 시험에 자신이 없었는데 객관식 몇 문제 못 쓰고 논술형 네 문제 중에 한 문제 분량 덜 채웠음에도 좋은 성적 받아갑니다.,37
수업 솔직히 대면이라 졸린데 열심히 듣고 생각해보려고 하면 인생에 많은 도움이 될 것 같다는 생각을 했습니다. 교수님이 올려주시는 자료도 좋은 것 같아요! 다른 공부하느라 그 부분을 못해본게 이제와서 조금 아쉽네요.. 시험은 중간 레포트 한개 기말고사인데 정말 부담이 별로 없어요! 저도 정말 글 못쓰는 공대생인데 에이쁠 받아갑니다. 시험도 그닥 잘본거 같지 않고 객관식도 좀 틀린 것 같은데 교수님이 수업때 하신 내용 바탕으로 아무말 다 적었습니다. 이정도만 하면 될 것 같아요! 고전읽기 채워야하는데 토론과 발표가 싫으신분! 이 강의 강추합니다~,37
수업이랑 성적 둘 다 고려해도 명강...근데 교수님 수업 자체는 지루하다고 느낄 수 있음. 비대면때 들었으면 좋았을듯. 강의안이랑 강의 내용이랑 완전 복붙이라 그것만 한 번 읽고 시험치면 됨,37
역사 사회에 관심 많으시면 재밌게 들을 수 있어요! 중간고사는 레포트 대체과제이고 기말고사는 범위가 많긴 한데 배운거에 본인 생각 쓰는거라 수업내용 잘 녹여서 쓰면 좋은 점수 받을 수 있어요. 팀플 없고 발표도 없는 수업이라 고전영역 채우기 좋아요!,37
3학점 치곤 별 부담 없고 수업시간에 다른거 해도 기말 시험 2일정도만 빡세게 보면 잘 볼 수 있어요.(단 아는건 조금인데 말을 부풀릴 수 있는 능력이 있다면) 성적은 잘 주시는 것 같네요,37
과목 이름처럼 고전을 읽으면서 자유와 인권에 대해 배우는 강좌입니다. 중간고사는 리포트 3p 작성으로 대체하고 기말고사만 직접 봤습니다.  몇몇 분들이 말씀하신 것처럼 교수님께서 수업 중 본인의 정치적 성향을 드러내시는 경향이 있으신데 그렇다고 교수님께서 지나치게 편향된 주장을 하시는 것은 아닙니다. 오히려 역사적 사건을 설명할 때 완벽하게 중립적이기가 더 어렵다는 점을 고려하면 충분히 이해 가능한 범위 안에서 수업을 진행하셨습니다.  로드량도 거의 없고 학점도 후하게 주시는 강의라 전반적으로 편하게 들을 수 있는 수업인 것 같습니다.,37
인문/사회 계열 학생인데도 잘 이해 할 수 있게 수업하시고  학생들과 소통을 중요시하는 교수님 같습니다. 대학교에서 들은 교양 중 가장 교양답고 즐거운 수업입니다.,38
중간 때 동점자도 많고 딱 a0컷에서 살짝 벗어난? 정도라 a+은 무슨 a0만 받자는 마음으로 기말 때 열심히 했는데 중간보다 어렵게 나와서 기말 때 고득점 받고 최종 a+ 받을 수 있었습니다. 전 수업 때 집중하는 스타일은 아니어서 강의 녹음해 둔 거 들으면서 필기 이틀 암기 하루 이런 식으로 사흘 정도만 투자했는데도 충분했어요!! 조 활동 많이 하지만 성적에 반영되진 않고 교수님이 학생들과 소통하는 걸 좋아하시는 것 같아요.,38
학생들 배려 완전 잘 해주시고 의견 잘 물어봐주시는 교수님입니다!! 생명과학이나 종의 기원 다윈 이런 내용 관심있으시다면 완전 추천해드리고 그게 아니더라도 수업만 잘 들으면 성적 잘 받으실 수 있어요 다만 ppt에 있는 내용만 시험에 나오는 게 아니라서 수업할 때 필기 꼼꼼히 하셔야 돼요! 중간 기말 다 보는데 공부하기에 부담스러운 정도는 아닙니당!! 과제도 부담스러운거 하나도 없었고 수업 시간 중에 틀어주는 영상 보고 한줄 감상평 적기? 이런 게 대부분이었던 것 같아요~~,38
교수님 너무너무 좋으세요. 학생들 배려해주시는것도 많이 느껴지고 수업도 재밌게 해주십니다. 다만 시험에 ppt만이 아닌 수업시간에 설명해주시는 것들이 나오기 때문에 수업 열심히 들으셔야 됩니다.,38
종의기원이이라는 흥미로운 주제를 토대로 지식많은 교수님께 배워 유익한 시간이엇습니다.,38
시험이 꽤 지엽적으로 출제됩니다 성적도 다른 고전에 비해서 그렇게까지 잘 주시는 거 같지는 않네요,38
과학과기술 영역? 교양도 채지형교수님 수업으로 들었었는데 그때도 학생들 배려 많이 해주시고 강의력도 좋으셔서 고전읽기도 교수님 수업 선택함. 난이도도 크게 높지 않고 거의 암기 위주이고 토론도 대면으로 하는거 별로 안좋아하는 학생들이 많다고 하시면서 댓글 남기기로 거의 바꿔주셨어요.,38
학생들에게 관심도 많으시고 수업이 흥미롭게 느껴질 수 있도록 다양한 시도를 해보시는 것 같아서 좋았습니다!,38
이만큼 수업에 진심이고 정성을 들이시는 교수님이 없지 않을까 싶습니다. 학생들에게도 굉장히 관심이 많으시고 최대한 다양한 경험을 할 수 있도록 해주시는 모습이 정말 좋았어요. 배우는 내용도 유익했고 공부양도 부담없이 적당했습니다. 서술형 문제가 많이 나오므로 평소에 수업을 잘 듣고 전체 흐름을 정리해두는게 가장 중요한 것 같습니다.  정말 좋으신 교수님과 한학기동안 함께해서 즐거웠고 고전읽기영역 들으시려는 분께 꼭 추천해드리고 싶습니다!,38
인격적으로 너무 존경할만한 교수님. 학생들 한 명 한 명 모두 기억하려고 노력하시는게 보였고 수업 준비도 진짜 꼼꼼하게 하심. 시험범위가 적은 편이라 피피티에 있는 내용은 사진 밑에 적혀있는 작은 설명까지 모두 다 봐야함. 볼드체나 다른 색으로 강조된 글씨는 빈칸뚫기나 오엑스로 나오니까 무조건 외울 것!!!,38
고전읽기영역 채우기엔 정말 이게 최고! 수업시간에만 열심히 듣고 필기 외우기만 하면 성적도 쉽게 받아갈 수 있어요,38
피피티에 텍스트가 별로 없어서 별로 안중요한 거 같아도 교수님이 말씀하시는 거 필기하는 거 다 받아적어야 합니다.. 수업 안 듣고 나중에 피피티만 보시면 반타작 겨우 하실거에요,38
진화론 관련 수업이라 피피티에 있는 내용을 전부 외우는 방식의 공부를 해야함. 외우는거 진짜 싫어해서 공부를 거의 안했는데도 b0를 주셨다 재수강하지 말라는 교수님의 큰 뜻인 것 같다.. 교수님 감사합니다,38
성적은 비율 맞춰 주신것 같아요 코로나 시즌이라 에이40퍼까지 주신거같고 에이쁠도 그중 절반…? 원래는 중간고사 볼 예정이엇지만 비대면밖에 안된다해서 과제 대체로 했고 교수님께서 다른과목들 공부하라고 기한도 엄청 길게 주시고 하셔서 전혀 부담이 안됐습니다  강의 열정적이시고 내용도 흥미롭기는 하지만 시험 공부할때 보면 양이 생각보다 적어서 꼼꼼히 공부하는게 필요합니다,38
내용도 재밌었고 고전 영역 교양은 빡셀까봐 걱정했는데 그렇지 않아서 좋았습니다! 만족스러운 강의였습니다!,38
내용도 너무 흥미롭고 교수밈이 학생을 생각해주신다는 느낌이 정말 잘 들었음. 시험은 프린트에 있는 질문들과 수업 때 한 필기들 달달 외우면 점수 잘 받을수 있음,38
성적을 진짜 잘 주시고 팀플이 있긴한데 별 부담 없이 할 수 있습니다!!,39
말해 뭐해 이시대의 꿀강 하지만 조모임이 생각보다 있고  팀운이 좋아야한다는거?,39
교수님께서 수업을 해주시는데 솔직히 시간이 조금 더 길었으면 더 얻어가는 게 많았을 거 같은데 아쉬워요… 인문학 강의 더 듣고싶어지는 강의입니다.,39
믿고 듣는 고전 최고의 꿀강의. 중간대체과제는 채점 기준에 맞게 레포트 쓰면 되고 기말발표는 그냥 1인분만 하면 되는 미친 수업. 수업 들으면서 조원들이랑 의견 나누는 시간도 좋았고 교수님도 팀플 진행상황 친절하게 피드백해주셔서 힐링할 수 있었다. 팀플 굉장히 싫어하는데 최소한의 스트레스로 좋은 학점을 얻을 수 있었다. 단편소설도 여러개 읽으면서 오랜만에 책을 읽는 경험도 좋았다.,39
너무 재밌었고 유익했습니다. 공대생과의 팀플이라 처음엔 고심도 많이 했지만 교수님께서 수업 이후에도 함께 작품이나 팀플 방향성에 대해 많이 대화 나눠주시면서 제 안에서 팀플 주제를 확고하게 잡아나갈 수 있었던 것 같습니다. 팀원분들도 처음엔 다들 힘들어하셨지만 열심히 참여해주시고 다들 대화를 통해 의견을 확립해나가서 정말 만족스러웠습니다.,39
중간과제 성의껏 내고 팀플만 열심히 하면 에이쁠 주시는듯 인기많은데는 이유가 있다,39
초반부 이론 수업 지루하고 시험없는대신 팀플 개빡셈. 아래 평들처럼 조원 잘만나는게 제일 중요하고 운임,39
팀원 잘만나는게 너무 중요함. 물론 어떤 팀에서든 자기 몫만 열심히 하면 성적은 잘받지만 조원들 잘못 만나면 토의 자체가 진행이 안될 수도 있음. 과정이 너무너무 힘듦.,39
저는 토의를 부담스럽지 않아서 괜찮았는데 내향적인 사람들은 힘들 것 같아요. 중간고사는 레포트로 대체되는데 만약 계절로 하실 경우 이후에 하는 ic pbl 발표하실때 정한 책으로 하시면 더 수월할겁니다. 조는 다행히 잘 만난것 같은데 그래도 버스타려는 사람 2명 정도 있었어요. 근데 개별성찰일지에서 팀원들 기여도를 따지는 문항이 있기 때문에 거기에 세세히 적으시면 됩니다.  과제는 많아요. 근데 그만큼 생각해볼 기회가 많아서 좋았습니다!!,39
진짜 B0나와도 할말 없는데 A0 주셨습니다. 학점은 엄청 잘 주시고 강의도 편안하게 잘 하다 끝냈습니다.,39
듣지마세요 너무너무너무너무너무 힘들어요 팀원들 잘 만나야해요,39
팀원만 잘 만나면 어렵지 않아요 시험기간도 배려해주시고 숨통 트이는 과목이었어요,39
팀원 잘 만나는게 증요함 나머진 꿀 시험도없고 중간 레포트도 2페이지 분량이 끝 출석은 엄청중요하니까 빠지지말것,39
학점 정말 잘 주십니다. 대신 과제가 많고 조별발표가 중요하고 토론발표에 익숙한분이 있으면 좋습니다.,39
팀플에서 팀원을 누구 만나는지가 상당히 중요합니다. 교수님은 학생들 배려 많이 해주시고 수업도 생각보다 흥미로워 한학기동안 잘 배우고 갔습니다.,39
계절로 수강했고 무난하게 에이플 받았습니다. 책 읽어오기가 귀찮지만 어렵지는 않아요! 팀플은 1인분만 하면 에이플입니다!,39
