수업은 플립러닝 방식입니다 수업 전에 싸강을 들어야하고요 듣고나서 그거 관련해서 학생끼리 토론을 시킨다 라고 하지만 말만 그렇지 자기뽕에 취해서 끊임없이 말해요 싸강 듣고서 그 싸강 관련 보고서 매주 제출해야하는데 심히 극혐입니다 귀찮아요 시험이 없으니 꿀일 것같지만 과제가 ㅆ극혐입니다 조를 짜서 특허를 내라고 하는데 ㄹㅇ 부숴버리고싶습니다 4차 산업혁명의 이해라고 해놓고 4알못들한테 개념만 대충 알려주는 싸강 보라고 시키고서는 알아서 다 하라고하죠 ㅎ 센서 이용법 코딩법 다 알아서 찾아서 해야합니다 교수한테 개념이해가 잘 안되서 메일을 보냈는데 메일 차단을 먹었어요 사진 첨부 못 하는게 아쉽네요 굳이 미화를 시켜보면 분명히 4차산업혁명과 관련된 기술들에 대해 가볍게라도 알 수 있는데 그냥 차라리 책을 찾아 읽으세요 아 또 교수가 블록체인 포럼인가에 학생들보고 출석하라고 시켜두고 끝나고 강의실에 가서 발표자들이 완전 엉터리라고 하더라고요 자아 충족감이 충만하십니다 앞서 특허를 내는 과제가 있다고 말했는데 말은 이렇게 해두고 구체적인 로드맵도 정해져있지 않고 HX-CORPS에서 기껏 올라간 학생들 지원금을 n빵하면 된다고 하더라고요 (원래 하면 걸리는 일임) 쨌든 뭔가 테마를 정해서 ppt를 만들고 매주 보고하듯이 발표를 해야합니다 마지막 성적은 ppt 발명신고서 특허 관련 논문 세트를 올려서 고퀄인 사람한테 학점이 더 잘 나간다고 합니다 들으실 분 참고하세요 (학부생한테 대체 뭘 원하는거야 이 양반) 얘들을 메일로 보내야하는데 앞서 말했듯이 메일이 차단되어있어서 급하게 자유게시판 QnA 학생게시판 등에 올리며 ㅈㄹ을 했어요 쨌든 이렇게 써놨지만 들으시고싶은 분은 들으세요 저만 당할 수 없으니 ㅎ (설마 이러는데 있겠어?),0
시험으로 논문쓰고 어플까지 만들게하는 강의 근데 수강생 마저 없어서 학점폭발.  말만 번지르르하고 뚜렷한 강의계획이 없음.  4차산업혁명에 대비하고 싶다면 차라리 책을읽는게 도움이됨,0
그냥 듣지 않는게 좋음. 말만 번지르르하고 학생들이 다하는 강의. 학부생에게 너무많은걸 요구함,0
유익이 되는 부분이 없음 3학점짜리 강의라 학점 채우기는 편한데 그거 말곤 도움 되는 부분 1도 없음,0
교수님이 수업하시다가 다른 얘기로 새어나가는 경우가 많고 강의 교안도 따로 올려주시지 않아서 뭘 공부해야 하는지 막막할 때가 있긴 한데 수업 내용 자체는 흥미로워요,1
솔직히 수업보다 사담이나 오픈채팅방에 올라오는 질문에 대한 답이 더 시간을 많이 잡아서 너무 집중력이 분산되는느낌입니다.. 사담많은거 싫어하면 비추,1
교수님 유튜브 보는 느낌입니다. 유쾌하시고요 수업시간도 즐겁습니다!!,1
오픈채팅방을 활용한다는 점이 너무 매력적인 수업. 교수님이 중간중간 썰 풀어주시는 것도 재밌어요.,1
수업내용 중 흥미로운것도 많고 재밌는것도 많아요. 성적의 집중하기보단 배운다는 생각으로 열심히 수업들으면 좋을것같습니다.,1
교수님 강의 너무 재밌습니다.  오픈채팅방 활용을 많이 하십니다.,1
유니티를 배우려는 사람에게 최고입니다. 교수님이 차근차근 학생들을 봐주시면서 설명해주셔서 같이 배우는 느낌입니다.(수업듣고 혼자서 따로 공부해야하는 일방향적인 느낌이 아닙니다) 중간 기말 과제를 통해서 포트폴리오도 만들 수 있으니 열정이 있으신분들에게 정말 좋을 것 같습니다. 매주 나가는 과제는 수업을 열심히 들으면 어렵지 않을 수준입니다. 이번학기 가장 재미있고 유니티에 대한 두려움도 없앨 수 있었던 수업이었습니다.,2
배울 것 정말 많습니다! 하지만 그 말은 해야 할 것도 많다는 뜻이겠죠.. 유니티에 뜻이 있는 학생에게는 큰 도움이 되겠으나 그렇지 않은 분에게는 많이 힘듭니다 특히 수업중에 말로만 설명하시니까 복습할 자료가 없어서 직접 어디다가 필기하거나 기억하셔야 합니다,2
교수님 자체는 굉장히 다정하시고 관심 많으시지만 수업 진도가 굉장히 빠릅니다. 중간고사까지는 버틸만 했는데 기말부터는 그 전주 내용을 혼자 복습하지 않았다면 다음 수업 따라가기 힘듭니다. 과제 수업할때마다(주마다 한개) 있고 시험 대신 대체 과제를 주시는데 전공 많은 저같은 공대생에게는 너무나도 벅찬 한학기를 만들어준 수업입니다.  듣고 싶으시다면….널널한 학기에 들으시길 추천드립니다,2
교수님 좋아요.....친절하고 수강생 배려 잘 해주십니다! 프로그램이나 코딩이 아예 처음이신 분들은 조금 벅차실 수도 있지만 교수님께서도 최대한 모든 수강생이 다 따라올 수 있도록 난이도 조절 해주십니다!,2
너무 어려운데 교수님이 스윗하고 귀엽고 상냥하심! 교수님 너무 좋아요... 수업은 사실 잘 모르겠는데 교수님이 상냥하다 화 안내고 말 못알아들어도 이메일 답장도 잘해주심,2
진짜 어렵습니다..  힘들어요 ㅠㅠㅠㅠㅠ 중간 기말 대체 과제가 시험기간에 부담입니다..,2
가상현실 증강현실에 대한 소개 유니티를 통해 3D 및 VR 작품 제작이 주로 이루어지는 수업입니다.  수강자 간 교류는 거의 없어서 개인플레이 잘 하시면 아무것도 모르는 채로 시작해도 잘 따라갈 수 있습니다.   VR/AR이나 유니티 개발에 관심 있다면 재밌게 즐길 수 있어서 추천합니다. 정말 즐겁게 들었습니다.,2
유니티에 대한 어느정도의 기초 지식은 있어야할거 같아요  저는 너무 노베라 잘하는 사람들이 너무 많아서.. 팀플없는건 좋긴한데 시간을 많이 써야하고 3시간 풀강입니다.,2
장점 1. 배우는 게 정말 많다. 커리큘럼이 매우 꽉꽉 차 있다. VR AR 관련 예술 이론(+ 비디오 아트 참여 예술 등) 어도비 프리미어 유니티 코딩 프로그램 등 한 번씩 접해보기 특강 콘텐츠 직접 기획해보기 등. 솔직히 미래인문학융합전공 중에 이름만 좀 있어보이고 내용은 부실한 깡깡이 수업들 많은데 얘는 전혀 아님. 2. 매주 A4 한 장 정도로 그 주 배운 거 소감이랑 자기 생각 작성하는 거 있었는데 딱히 부담 안 됐고 오히려 교수님의 피드백 창구로 주로 이용됐음. 이번 수업이 완전 처음이라 하셨는데 그래서 그런지 학생들 이야기를 많이 들으려고 하셨음.  단점: 대부분 첫 수업이라는 것의 문제. 개선 가능할 듯. 1. 난이도 조절 실패. 학생들의 수준을 너무 높게 보셨던 것 같다. 솔직히 우리 학교에 예술 콘텐츠 기획을 해본 학생이 몇 명이겠음. 연영과랑 미컴 분들이 그으으으나마 좀 익숙하게 하시는 것 같지만 이분들도 예술쪽 지식이 있는 건 아니니까... 중간 레포트는 그래도 자기가 내용 선택하는 거니까 그렇다 쳐도 기말 팀플은 정말정말 어려웠음. 그래도 학점을 보니까 허접한 결과물에도 나름 최고의 점수를 주려고 노력하신 듯. 2. 과제가 많긴 많음. 매주 수업 피드백 관련 페이퍼 제출 중간 레포트(10장이었나) 기말 팀플이었는데 기말 팀플이 제일 헬이지만 중간 레포트도 어렵긴 함. 그래도 다른 과목 중간고사 생각해서 한 주 늦게 날짜 조정해주심. 아니 근데 참고문헌 시카고 형식으로 맞춰 쓰라는 건 어려운 조건이 아닐 텐데 레포트 피드백 보니까 극소수 빼고는 다 못 맞췄다고 해서 당황... 3. 학생들 피드백 들어주시는 건 좋은데 적어도 시험 날짜나 점수 평가 방식 같은 건 그냥 알아서 확정하셨어도 좋을 듯.,2
과학철학에 기반한 토론을 좋아하신다면 매 수업이 즐거우실겁니다. 다만 토론이 주가 되는 수업이다보니 수강자 분들의 성향과 수준이 수업의 질에 굉장한 영향을 미칩니다. 좋은 분들이 수강하신다면 수업도 즐겁겠으나… 이하로는 생략합니다. 그렇게 즐겁지는 않았습니다. 다만 교수님이 학생 편의를 많이 고려해주십니다.,3
매주 토론이 있고 팀플이 있어서 좀 까다롭긴 합니다 그래도 교수님이 좋으시고 배우는 내용도 흥미로워서 수업은 재밌었어요,3
사람마다 호불호가 많이 갈릴 수 있는 강의라고 생각합니다. 강의 내용은 과기철의 연장선이라서 학습하기에는 보다 쉽다고 할 수 있습니다. 또한 교수님의 열정이 대단하시고 정원이 많지 않아 학생 하나하나 잘 챙겨주셔서 항상 편한 마음으로 수업에 들어올 수 있었다는 것도 큰 장점이라고 생각합니다. 다만 거의 매번 조별활동을 하기 때문에 그냥 수업 듣고 시험보는 형태의 강의를 선호하시는 분들에게는 좋지 않을 수 있습니다.,3
학생들의 상황을 많이 감안해서 좋은 수업이었음. 예를 들어 시험이 원래 2번 있었는데 그 2번을 과제로 대체하시고 학생들이 바쁠걸 감안해서 과제 기한을 시험이 끝난 뒤까지 연장해주셔서 좋았음. 그리고 수업에서도 중요한 내용은 여러번 강조하심.,3
교수님 리얼 천산데 왜 욕만 하는지를 모르겠음.. 전체적으로 분위기는 코로나 때문에 어수선했지만 학생들 사정 하나하나 다 살펴봐주시고 배려해주셔서 강의 듣는 내내 마음이 편했음 시험은 안 보고 기말 대체 레포트를 했는데 강의 해주셨던 내용이나 알려주셨던 것들 알고만 있으면 점수 그냥 받습니다. 톡방으로 해서 피드백도 굉장히 빠르고 너무 만족했던 강의,3
0점이 있으면 0점 줄 강의 얻어갈 것도 없고 교수님이 원하는 답만 해야 하고... 출석도 다 하고 지각도 한 적 없고 하라는 것도 다 했는데 재수강임... 성적 엄청 잘 줄 것처럼 말씀하시고 성적을 제일 빨리 올려주실 것처럼 하시더니 강의평가 끝나는 날에 맞춰서 올려주심... 정말 별로임,3
이번 학기 평점 왜이렇게 낮은지 모르겠음. 저는 C+ 받았는데 결석도 몇 번 했고 제가 열심히 안 해서 이 성적 받은거 맞고 쁠 무조건 채워주십니다. 제로가 없어요. 출석은 10분 늦어도 지각처리 없이 출석 인정해주시고요 시험은 기말만 1번 봤는데 중간은 고대 가서 강연하는거만 듣고 블랙보드에 댓글 남기면 끝나는 형식이라 전혀 부담 없었고 기말은 전날 2시간만 투자하면 다 맞을수도 있는 시험이었습니다. 물론 저는 아예 안 해서 다 못 풀었구요..ㅎ 솔직히 강의에서 큰 걸 얻지는 못합니다. 그냥 다른 사람들 말대로 교수님 말 잘 들어야되는 것도 맞습니다. 근데 말 잘 들으면 A 쌉가능인 수업입니다. 조별과제 1번 있었는데 별로 어렵지도 않았고 더구나 시험을 이렇게 보는 강의가 또 어딨겠어요? 자기들이 열심히 안 해놓고 성적 낮다고 평점 낮게 준 분들 때문에 이번 학기 강의는 폐강될 예정이고 저는 C+을 안고 가야될 예정입니다. 제가 교수님같아도 더러워서 안 하겠네요. 그렇게 편하게 해주고 그렇게 성적 퍼줬는데 평점이 6개월 전보다 0.6이 떨어졌으니 말이죠. 이 강의평을 너무 늦게 쓴 것이 한입니다.,3
교수님의 아이들이 되어야 한다는거 너무 공감됨. 교수님이 하라는거 다 했는데 교수님 눈에 안들어왔는지 학점 처참. 이럴거면 처음부터 학점 잘준다고 하지 말았어야했음. 그리고 매주 블랙보드에 댓글다는 것도 은근 귀찮았고 기말 채점기준이 뭔지 모르겠음.,3
사실 학점 잘준다는데 잘 모르겠음 우리 팀만 봐도 반은 재수강임.생각보다 할것도 많고 결석 못하는 교양이라 추천은 안함 교수눈에 잘보이면되는거같은데 나는 못했나봄. 걍 지금까지 받은 교양점수중에 제일 낮아서 충격먹고 재수강각잡으로간다,3
교수님의 아이들이 되어 열심히 의견 맞춰주고 원하는 대답만 골라서 잘해주면 에이쁠 ㅎㅎ 성적은 잘 받았지만 한 학기동안 성적을 잘 받기 위한 행동과 생각을 한 것 같아서 너무 힘들었다,3
최고의 수업.. 학생들을 배려하는게 느껴지고 수업자체도 부담없이 들을 수 있습니다! 다만 토론과 생각 발표를 해야해서 이런거 싫으신 분들은 다시 생각해보시기 바랍니다! 하지만 한번쯤 꼭 들었으면 하는 수업입니다!,3
맨 앞에서 앉아서 교수가 생각하는 의도에 맞춰서 토론해줄 수 있으면 듣고 아니면 듣지 말길.. 대부분 수업은 소통 토론으로 이루어진다고 하지만 실상은 앞자리 학생들하고 친목질이 대부분이고 한 번 찍힌 학생은 점수받기 어렵습니다. 한 번은 군 관련으로 결석했는데 다음 수업에 강의실 변경되는 거 알려주지도 않아서 물어볼 사람이 없어서 편하게 전화하라고 하시길래 수업 10분 전 쯤에 전화했더니 안받으시고 나중에 전화 오셔서는 다짜고짜 "학생 학점 받기 싫으세요?" 라고 하면서 그 다음 수업부턴 졸지도 않았는데 계속 깨우는 시늉을 했습니다. 굳이 필요하다거나 맞는 강의가 아니라면 듣지 않기를 추천..,3
기말고사는 다른 과목들 기말고사 치는 기간에 같이 치고 중간고사는 기말고사 보기 바로 직전까지만 레포트형태로 제출하면 됩니다. 기말고사는 학기중에 조를 나눠서 팀플이 한 번 이루어지는데 각 조가 팀플로 발표했던 PPT안에서 출제됩니다. 교수님이 워낙 프리하셔서 너무 좋았습니다.,3
교수님 착하시고 학생들 잘 배려해주십니다 시험은 기말고사 한번이고 중간은 레포트로 대체되는데 미리미리 써두세요ㅠ 제출기간은 기말고사날 제출이라 넉넉하게 기간 주시지만 미루면 나중에 힘들더라구요 수업때 자유롭게 말할 수 있는 분위기라서 좋아요! 이 수업 안 들었다면 언제 제가 과학철학자에 대해서 알아보겠어요...책 안 읽고 강의나 발표 들으면 이해하기 힘드니까 책 미리 읽고 들으시는걸 추천합니다! ㅎㅎ열심히 하시면 좋은 성적 나올거에요 들어보세요!,3
이과여서 내용이 좀 어려웠지만 교수님이 정말 강의를 열심히 이끌어나가서 꾸역꾸역 들었어요ㅠㅠ 제 능력이 부족했지만 그 이상으로 학점을 잘 주셔서 감동.. 교수님 정말 착하세요,3
강의평 별로안좋아서 걱정했는데 들어보니까 매우 좋았음 ㅋㅋㅋ갓성희미만잡,3
아직 성적은 안 받았으나 수업 자체는 흥미롭고 교수님이 친절하십니다,4
김성희 교수님 수업 평가를 보면 반응이 극과 극인 걸 확인할 수 있습니다. 토의 및 의견 교환이 수업의 90%를 차지하기 때문입니다. 자신이 적극적으로 생각하고 이야기하고 찾아본다면 정말 많은 것을 얻을 수 있지만 방어적인 태도로 임한다면 아무 의미 없는 대화나 좀 하다가 학기가 마무리하는 느낌을 받을 겁니다. 인간의 미래 기술과 사회에 대해 관심 있으신 분들은 한 번 들어보시기를 추천합니다. 책도 한 권 정도 읽고 다양한 인사이트도 얻을 수 있어서 좋았습니다.,4
교수와 학생 간 지나친 친목 도모를 사랑하고 지엽적인 공부에 자신이 있으며 평소 발표를 적극적으로 잘 하는 편이라면 a+ 받을 수 있음. 수업 마무리즈음 신봉자들이 생기는 데 왜 그런 건지 이해가 안가네.,4
과학을 공부하는 이과생이 들어보면 많은 생각을 하게 될 강의 입니다.  교수님께서 유쾌하게 진행해주셔서 시간가는 줄도 모르고 재밌게 들었네요! 학점도 잘 주십니다!,4
대학와서 처음으로 듣는 교양수업이었는데 처음교양이라 다행이라는 생각도 들고  다른 교양에대한 기대치가 높아져서  안타깝기도 할 정도로 좋은 수업이였습니다. 교수님께서 학생들 참여할 숨구멍을 수업 중간중간에 많이 뚫어놔서 자유롭게 자기생각을 말할 기회가 많습니다. 추천추천,4
부담 없고 학점은 잘 주시지만  수업은 별로였어요,4
누군가 과학기술철학을 물어본다면 고개를 들어 김성희교수님을 보게하라 기존 수업방식과 차별화되어있고 교수님이 학생들에게 정말 알려주고 해주고 싶은게 많다는 것을 보여줍니다. 학생들의 이야기로 수업을 진행하며 교양이라는것이 무엇인지 알게 해주는 강의였습니다.  청강이라도 성희교수님의 다른 수업들도 들어보고 싶을 정도로 꼭 들었으면 좋을 수업입니다.,4
일반 강의와 다르게 수업에서 교수님과 학우와의 대화로 이루어지는 수업이라 매우 신선했습니다. 3시간짜리 강의임에도 불구하고 지루한지 모르고 재밌게 들었어요,4
교수님 진짜 너무 좋으십니다. 수업도 재밌고 수업 들으시는 분들도 적극적으로 참여하시고 의견 공유도 많이합니다. 같이듣는 분들한테도 많이 배울 수 있습니다. 시험도 부담없는 정도고 무엇보다 수업 환경이 다른수업에 비해 자유롭고 교양다운 교양수업입니다. 저는 전공보다 많이배웠습니다ㅋㅋ 수업중에 꼭 참여해야 한다는 부담감도 덜 수 있었습니다. 교수님께서 의견을 듣는 사람들은 그사람들 스타일대로 수업 따라갈 수 있게 조금씩 맞춰주십니다. 재밌습니다.~~강추,4
대학에서 경험하기 힘든 자유로운 수업. 때문에 본인과 맞지 않으면 힘들 수 있음. 평소 토론에 익숙하거나 본인의 생각을 표현하기 좋아한다면 꼭 들어보시길.,4
교수님 성격 좋고 다른 철학수업과 다르게 무언가를 깊이생각할 수 있는 능력을 키워줍니다.  학점은 뭐 출석자체를 안하는 학우분들이 많아서 잘나올 거 같습니다 ㅋㅋ,4
쉽진 않지만 듣고 나면 배울게 많아요. 과학 윤리 관심 있으면 좋은 수업,5
야무집니다 과학자 이야기 들려줘요 부담없이 듣다가 열심히 공부하세요,5
강의 정말 재미있고 교수님도 열정적입니다.,5
교수님이 수업에 대한 열정이 엄청나십니다. 내용적으로도 알아야 할 부분은 많있지만 스토리텔링 형식으로 듣다보니 개연성이 높아 이해가 잘 가는 수업이었고 과제나 시험 일정에 관해서 세세하게 잘 챙겨주십니다. 질문사항에 대한 답변도 그렇고 매우 수준있는 교수님이 진행하시는 수준 높은 교양수업이었다고 생각합니다 학점은 절평이었다는 점을 생각해도 수업을 열심히 수강했다면 에이 이상 받을만한것같네요 시험 난이도는 무난합니다,5
쉬운수업은 절대 절대 아니다 근데 정말 남는게 많은 수업이다 엄밀히 말하면 과학수업이 아님 이공계 학우들한테는 엔지니어 과학자로서 가져야하는 직업윤리 리더십 현실인식 등에 대해서 고민할 수 있고 인문계 학우들은 과학세계에 대한 이해를 올릴 수 있을 것 같다 과제에 힘을 써야한다 시험은 공부만 하면 점수받을 수 있는 수준으로 내시기 때문에,5
수업만 열심히 듣고 시험때는 수업때 간간히 들은 내용 시간순으로 쓰니까 에제 나왔네요. 강의도 빠져들고 좋은책도 읽어보는 수업이였습니다. 남영교수님 김사합니다.,5
재밌었다. 과학에대해 조금은 알아가는 느낌이었습니다.,5
교수님께서 수업하시는 내용만 외워두면 학점 잘 받을 수 있어요,5
출결) 이번 학기 전체 싸강이라 출결은 온라인강의 수강기록으로 하는데 모든 강의가 6/13까지라 널널하게 들을 수 있었습니다.  과제) 한줄 질문 2번 하는게 있었는데 질문하기만 하면 점수 주십니다.  또 다른 과제는 레포트가 있는데 창작해야합니다. 원고지 35~40매 분량이었던 것 같은데 한글 프로그램으로 5페이지 정도 분량입니다. 시험) 코로나 때문에 비대면으로 기말고사 1번 봤는데 전범위였습니다. 비대면 시험인걸 감안하셔서인지 시험문제는 별로 어렵지 않았고 수업시간에 강조하신 내용 위주로 나왔습니다. 전부 주관식이었습니다  강의 자료(ppt 등)를 제공해주시지 않아 조금 불편한 점이 있었습니다. 본인은 온라인 강의 화면을 일일이 캡쳐해 pdf로 변환한 뒤 사용했습니다. 교수님은 저작권 문제도 있고 필기를 많이 하는 걸 권장하지 않기 때문에 자료를 제공해주지 않는다고 하셨습니다.  수업을 열심히 듣고 과제 제때 내고 시험 전에 예상문제 뽑아서 답변 써보는 연습하면 학점 잘 받을 수 있습니다. 교수님께서 수업 내용에 참고하신 책을 여러 권 소개해주시는데 읽어보면 도움이 많이 될 듯 합니다. 다만 많은 시간을 투자할 필요는 없습니다. (교수님도 이렇게 말씀하십니다),5
딱 노력한만큼 결과가 나오는 과목입니다 흐름을 잘 따라가는게 중요해요,5
노력한만큼 나오는 교수님이에요 사랑합니다 남영교수님,5
아랫분 말이 틀린건 아니지만 진짜 말그대로 가르쳐주신그대로의 논리를 가져야만 에제이상을 노릴 수 있습니다.,5
가르쳐주신대로만 하면 매우 좋은 강의!입니다,5
학점이 너무 높아서 깎고 싶은 사람만 들으세요!!! 평점 훅훅 내려갈거임 ㅎㅎ,5
수업내용 쉬움. 수업자료는 프린터 주심. 단 수업 제대로 들어야 그 안에서 외워야 할 것을 대강 짐작해볼 수 있음. 학생들이 대체로 다 열심히 하는 분위기+시험 난이도는 학기 중 배운 내용을 아는대로 다 써야하는 형태라 학점따기 수월하지 않음. 원고지30매 분량의 기말과제가 상당한 스트레스를 줌..,5
내용은 흥미롭고 시험 준비도 어렵지 않은데 애초에 수강생이 20 몇명 뿐이라 상평으로 하면 헬게이트 오픈 기말 과제로 원고지 30장 이상 분량의 레포트 제출하는거 있는데 스트레스 많이 받음 내용은 유익했으나 학점은 똥망 본인은 평타이상 공부했는데 좋은 성적 못받음,5
먼저 결론부터 말하자면 부담은 없는데 꿀강은 아니다.  과제없음 조모임없음 시험은 중간 실기시험+기말 필기시험.  기말은 상당히 간단하다 중간고사 지나야 이론수업을 시작하니까 시험범위는 1/2학기 ppt는 양이 적으면서 딱히 중요한 부분도 한눈에 다 보인고 기말고사는 거의 다 객관식 PPT만 외우면 기말고사 문제없이 만점 받음.  하지만 중간고사가 상당히 깐깐하다.  심정지 환자 응급처치를 목표로 심장압박과 aed 사용에 중점을 둔 실기시험인데 개인1번 조별1번 조원은 시험당일 교수님 기분에 따라 랜덤 문제없이 해야하는 걸 다 한것 같은데 귀신도모르게 세세한 점에서 점수 다 깍낀다.,6
강의는 조금 지루하지만 그래도 시험도 쉽고 실기도 성실히만 하면 괜찮습니다,6
1819년 강의평에 비해 악명 높거나 너무하다 싶은 수업는 아닙니다. 그럼에도 굳이 추천은 안 할 거 같습니다.,6
CPR하나만큼은 확실히 배울 수 있음. 근데 앞에 나가서 마네킹 두들기면서 큰 소리로 여기 사람이 쓰러졓어요~!! 이러는게 살짝 현타옴,6
솔직히 대학와서 이거 왜 듣나 생각하던 과목인데 이태원참사보고 생각이 바뀌었습니다,6
시험이 딱 2번 실기랑 필기를 봤는데 수업 재미있고 교수님께서 학생들 배려를 많이 해주시는 것 같아요  실기있어서 지루하지 않고 좋았어요,6
중간고사가 지엽적으로 나와서 조금 어려웠는데 범위가 많지않아서 공부 열심히 하는분은 충분히 잘보실겁니다. 기말은 cpr실습으로 대체해서 군필자들은 무난하게 A받아갈듯하네요 과학영역 필요한분한테 꿀이라고 생각합니다,6
강의평 안좋아서 걱정했는데 수업 딱히 나쁘지 않았습니다. 특히 중간고사 이후로는 심폐소생술 실습을 하는데 거의 전문가 수준으로 배웁니다. 정말 많이 도움됐습니다. 필기시험은 중간고사 한번만 치는데 피피티 열심히 읽고 핵심적인 부분 외워가면 무난하게 풀 수 있습니다. 생각보다 지엽적이어서 피피티 전체를 여러번 읽는게 중요한 거 같아요.,6
심폐소생술 시험 한 번 이론 시험 한 번 보는데 이론 시험도 피피티 읽고 교수님 말씀 잘 들으면 쉽게 푸실 수 있어요 실기시험도 하라는 대로만 하면 점수 후하게 주십니다 강의평 안좋아서 걱정했는데 저는 괜찮은 강의였습니다!,6
시험은 두 번인데 한 번은 이론 한 번은 실기로 봐요. 이론도 그냥 피피티 올려주셔서 출석만 잘 하시고 공부하시면 시험 어렵지 않아용 전 교수님 좋으셨어요! 그리고 학점도 후하게 주시는 편인 것 같습니다,6
과학영역을 채워야해서 들었는데 개인적으로 마음에 들었던 강의였습니다. 강의평이 너무 안좋았는데 강의 열심히 듣고 퀴즈 몇번 풀고 하면 에이쁠 챙길 수 있는 강의입니다.,6
신청 끝나고 나서야 강의평을 봐서 드랍도 못하고 큰일났다 싶었는데 성적 잘 주시네요 시험도 너무 쉽고요. 에이쁠 쉽게 챙겨갑니다. 솔직히 이렇게 쉽게 학점 딸 수 있는 교양 없을듯..,6
강의평 처음 남겨봅니다. 진짜 쓰레기 과목이고 폐설되어야 합니다. 성적? 진짜 안줍니다. 놀랄 정도로. 밑에 5점 준 사람은 다른 사람도 같이 망하자는 심정으로 준거니까 알아서 거르세요 제발.,6
평점이 낮은 건 이유가 있다 왜 들었는지 너무 후회되는 수업,6
강의평이 많이 안좋아서 걱정했는데.. 자기가 노력한 만큼 학점 받는 것 같음. ppt 몇번 읽고 딱봐도 중요해보이는 것들 외워 가면 학점 받기 쉬울듯.. 싸강이였어서 좀 달랐을수도있는데 시험도 변형문제 없이 ppt그대로 나옴.,6
진짜 뭣같은 수업. 들으면 개소리의 향연에 욕이 나와요,6
재밌어요 ㅋㅋㅋ 근데 사람 죽은 거 배우는 건데 웃어도 되나 싶음 ㅋㅋㅋㅋㅋ 그래도 교수님 너무 재밌으시고 깅의평에서 겁주는 것보단 덜 힘드네요,7
매우매우 재밌게 들었습니다. 법의학에 조금이라도 관심 있으시다면 재밌으실 거에요. 그런데 과제나 시험이 힘든 편이라 열심히 하셔야 합니다. 수업시간에 교수님 말씀 필기는 필수입니다.,7
시험이 진짜 너무나므너므 어려워요 다 달달 외워야합니다 의대생들에게 익숙하싱듯,7
시체 사진에 거부감이 있다면 처음에 힘들 수 있지만 내용 자체가 이해하기 어렵진 않다.,7
재밌지만  굉장히 배움에서 목표성이 없고  시험에관해 자세히 알려주시지 않는다,7
교수님 유쾌하시고 좋으시고 수업도 재미있어요! 평소 생명과학 부검 등에 관심 있는 분들은 모두 흥미롭게 수업 들으실 것 같아요. 과제는 어렵다기보단 열심히 해야하는 것 같고 시험은 암기할 양이 많아서 신경써서 공부해야해요. 그래도 쉽게 배울 수 없는 내용을 이렇게 수업을 통해서 알아갈 수 있어서 뜻깊은 수업이었습니다. 명강의입니다!,7
학점을 짜게 주십니다. 배워가는건 정말 많다고 느끼고 출석을 특히 신경쓰셔야 합니다. 지각도 체크하시기 때문에 늦지마세요! 과제는 2개 시험도 2번 있습니다,7
수업은 그럭저럭 흥미있으면 재미있게 들을 수 있음. 학생들이 거의 대부분 열심히 해서 좋은 학점을 받기 위한 목적으로는 적합하지 않을 수 있음. 과제가 중간 기말 두번 있는데 뭔가 설명이 부실해서 대충 알아서 8-10장 정도해서 제출.  소설쓰기는 기말고사때 제출이라서 채점이 어떻게 되었는지 모르지만 중간때 제출한 레포트는 중간끝나고 다음주정도에 기말이랑 같이 점수 공개하주심,7
정말 강의력도 좋으시고 한번쯤 들어보면 정말좋은강의입니다. 다만학점을 챙기셔야하는 분이라몬 절대절대 들으시면 안됩니다 다들 열심히 하시고 시험문제도 어떻게 나올지도 모르고 공부량이 정말 많아야 좋은 점수 받습니다 시험도있는데 과제도 엄청 빡세요 그래도 열심히 할 자신있으면 추천합니다 쌩문과 열심히 해서 중간 평균등수였는데 기말로 엎어서 에이뿔 나왔습니당,7
대학 교양으로서는 정말 좋은 강의인데 좋은 성적 내긴 정말 어려웠습니다.. 중간때는 다 신유형으로 내서 기말도 그와 비슷하게 공부했는데 또 기말때는 다시 족보 스타일로 내셔서 아무튼 정말 힘들었어요 턱걸이 비쁠이긴한데 양 정말 많고 고인물들 많습니다 피하세요 그냥..,7
강의는 재밌었어요 수업듣고 그알 같은 거 보면 더 재밌어요 ㅋㅋ 출석체크는 매번 하시고 호명하실 때도 있고 전자출석 할 때도 있어서 9시 수업보단 오후 수업이 낫습니다. 과제는 두 번 있는데 분량이나 형식 제한이 없는데도 다른 분들은 다들 길게 써서 내더라구요. 전 모르고 1차 과제 때 짧게 써서 냈다가 과제점수 별로 못 받았습니다. 2차 과제는 기말 직전까지 별 다른 공지가 없으셨던 걸로 기억해서 있는지 몰랐다가 뒤늦게 말씀해주셔서 시험기간에 부랴부랴 썼습니다 님들은 미리 하세요. 교수님이 족보 때문에 중간시험을 새로 내셨는데 너무 어려웠어요 그에 비하면 기말은 엄청 평이하게 나와서 다음 학기 땐 어떨지 모르겠네요,7
수업은 재밌었고 시험은 어려웠어요 과제도 양이 많아서 미리미리 하셔야 합니다,7
교수님 되게 무뚝뚝해보이시는데 진짜 귀여우시고 유머러스하세요. 교양인데 시험 2번에 과제도 중간 기말 두 번 시험 당일 제출이라 좀 빡세긴 합니다. 시험은 중간고사 진짜 어려웠고 기말고사는 괜찮았는데 그래도 외울게 정말 많아요. 또 과제 제출이 시험 당일이라 좀 힘들었어요ㅜ 근데 수업 내용 너무 재미있고 교수님께서 실제 부검사례를 굉장히 재미있고 구체적으로 설명해주셔서 너무 좋았습니다. 저도 비위가 좋은 편은 아닌데 시체 사진 보는 건 나중에 되니까 아무렇지도 않았어요.,7
한양대 명강의 중 하나라고 해서 꼭 들어야지 하고 들었는데 정말 명강의 맞음 전공 수업보다 얻어가는 게 많을 정도임 무엇보다 수업이 재미있음 범죄 이야기 좋아하면 추천추천임  교수님도 너무 재미있으시고 성적도 이번에는 A+ 다 채워주신 듯 중간고사는 솔직히 말도 안되는 난이도였는데 기말고사는 좀만 꼼꼼히 공부하면 풀 수 있는 정도였음 과제는 중간 기말 총 두 번이고 쉽진 않은데 얼마나 정성을 들였냐로 평가하시는 것 같음 시험날에 과제를 내는 게 조금 부담일 수는 있음  다시 수강신청날로 돌아가도 1픽으로 잡을 정도로 후회 없는 교양 수업임,7
강의력만을 보고 5점 남김. 교수님 꿀잼에 귀여우심. 명강의. 그리고 꼭 출석 잘 챙기세요. 최종점수에서 결석 2점 지각 1점 깎아버립니다... 본인은 최종점수에서 1점차이로 에쁠을 놓쳤는데 결석 1번이나 지각 1번이 너무 아쉬웠음.,7
교수님 강의럭 정말 좋으시고 재밌으심 배워가는 건 많지만 그만큼 할 게 많음 과제 두개 시험 두개 솔직히 쉽지만은 않음 그래도 학점보단 과목 보고 들은 거라 후회는 없음,7
교수님이 홀로그램으로 나와서 얘기하심 ㅋㅋ 과제없고 시험한번 수업 재밌고 배울거만항ㅇㅅ,8
매주 주제도 흥미롭고 배우는 내용도 재미있습니다 굳,8
뇌과학과 함께 교수님이 다뤄주시는 현안이나 학계의 얘기를 해주심. 에리카랑 같이 한번에 듣는다,8
수업이 매우 재밌고 다루는 내용 자체도 매우 흥미롭습다.수업을 듣고 있으면 알쓸신잡 보는 기분입니다,8
카톡방으로 수업시간에 질문하는시간이 있어서 좋음. 수업 내용 외적으로 많은 질문과 답변이  오고가서 좋음.  시험은 꽤 쉬움.  수업시간에 집중해서 고민했다면 하루만 바짝 봐도 좋은 점수 받음,8
수업자체 내용은 흥미로워요!! 공부는 ㅇ양이 엄청 많을 거 같습니다,8
시험: 중간X 기말O 과제: 해당주차 플립러닝 영상 시청 외에는 X  23-1에 처음 강의하시는 교수님이셔서 강의 운영에 있어 조금은 미숙한 부분이 있었으나 수시로 피드백 수용하시면서 개선해 나가셔서 이 점은 괜찮았어요. 강의 내용은 인간과 뇌에 대한 다양한 분야이며 약간은 철학적 내용이 섞여있습니다 ! 교수님께서 매주 흥미로운 주제를 선정하시고 그에 대해 설명을 해주시는데 PPT를 따로 안 올려주셔서 들으면서 타이핑 하시는 걸 추천드려요 혹시 놓치더라도 나중에 강의 녹화본을 풀버전으로 올려주셨기 때문에 찾아 들으면 됩니다 ! 교수님께서 말하시는 걸 좋아하셔서 종종 사담으로 빠질 때가 있지만 뇌과학 좋아하시는 분들이라면 재밌게 들으실 거에요 시험은 기말 한 번만 있어서 내용이 많지만 중간중간에 정리하고 회독하고 들어가면 시험은 제법 쉽습니다 ! 만약 선지가 애매하면 자신의 의견을 논리적으로 적을 시에 답 인정 해주신다고 하시니 참고하시면 좋으실 거 같아요 성적은 널널하게 주시는 거 같아요 정말 재밌는 수업이었습니다 !!,8
피피티 올려준다 했다가 시험 2일 전에 피피티 제공은 어렵다고 말 바꾸고 그 대신 요약본 올려주겠다고 했지만 시험 1시간 전에 올려주심 강의도 중요 포인트 잡기가 힘들어서 뭘 필기해야하는지 감도 안옴,8
시험자료나 피피티가 없어서 공부하기가 좀 힘듭니다 성적도 잘주시는건지는 잘 모르겠어요,8
시험 전에 요약본 올려주신다 하다 시험 당일날 올려주는 교수님..,8
많은걸얻어갈수있었던교양이였습니다! 시험은기말한번만보고과제없습니다,8
수업 내용 자체는 엄청 흥미로웠고 카톡 오픈채팅방 같은 걸 만들어서 질문을 하고 질문을 받는 형태 되게 새롭고 재밌었음. 단점이라면 어느 부분을 정확히 공부해야할지 모르겠는 점 그래도 시험이 쉬워서 괜찮음.,8
배우는 내용들이 흥미롭고 재미있어요. 유투브 보는 느낌으로 보면서 마음편히 수강했습니다. 학점도 잘 주셔요. 다만 교수님이 바쁘신 탓에 연락 닿는게 힘듭니다. 그것 말곤 다 좋았네요,8
뇌에 대해서 교양 수준 선에서 다양하게 알아갈 수 있었던 수업. 이번 학기에 신설된 과목이라 신청하면서 걱정을 좀 했었는데 잘한 선택이라고 생각이 듦. 오픈카톡방에서 질문도 자유롭게 할 수 있어서 즐거운 수업이었음. 다만 홀로그램식 수업이라 집중이 흐트러지기가 쉬웠다는 정도가 단점이 될 듯.,8
수업 솔직히… 잘 안듣게 됨 엄청 재밌는데 갈수록 안듣게됨 하지만 개꿀 기말도 그 전날 영상 한번씩 쭉 보면 되고 성적 주시려고 객관식인데 헷갈리는 선지에 대한 자기 생각이나 비판점 적으면 부분점수 / 완전 설득 당하면 점수 후하게 주신다함 어쨋든 난 수업 거의 안듣고 거의 안갔는데 에이제로임,8
강의력 재미 배워갈 수 있는 것 뭐 하나 부족한 점이 없는데 절평이라 학점에 대한 부담까지 없는 꿀강이었습니다. 뇌과학에 대한 흥미로운 내용들을 배우고 궁금한 점이 있다면 오픈채팅으로 질문할 수 있으며 톡방에 올라온 질문들은 전부 친절하게 답해주십니다. HY-LIVE라 홀로그램으로 나오시는데 그럼에도 불구하고 강의력이 너무 좋으셔서 문제될 게 없었습니다. 시험은 기말만 한 번 보고 약간 헷갈리는 문항들이 있으나 본인이 선택한 답에 대해서 논리적으로 설명할 수 있다면 부분점수를 주시는 것 같습니다. 물론 이번이 첫 시험이라 내년부터는 바뀔 수도 있지 않을까 싶습니다. 공지가 늦어진다거나 하는 문제가 아예 없었던 것은 아니지만 이번이 처음이시고 워낙 바쁘신 분이라 전부 이해 가능한 사소한 것들이었습니다. 졸업하기 전에 들을 수 있어 너무 좋았고 주변인들에게 정말 추천하고 싶은 강의입니다.,8
교양과목이지만 조금 빡셀 수 있어요 물론 내용은 유익하지만 암기할 게 매우 많답니다 ㅠ,9
내용이 유익했습니다. 성적도 잘 주셨어요. 중간에 실습으로 뇌와 척수를 보는데 좋은 경험이었습니다,9
시험이 어려움  목소리가 안들림  그러나 뇌 보는것만해도 의미가 충분하다,9
암기내용이 많긴 한데 관심있는 사람이 들으면 얻어갈 게 많은 과목인건 확실함 강의록 다 외우면 중간기말은 넉넉하게잘 볼 수 있을듯 대신 수업시간에 교수님이 언급한 내용은 다 필기해야함,9
에이쁠 받아갔습니다. 처음에는 영어로 된 피피티 몇백장 외우고 공부해야 하길래 의대생들한테 밀려서 점수 못 받을 줄 알았습니다. 교수님 말씀하시는 거 굳이 하나하나 다 받아적지 안아도 괜찮고요 그냥 피피티 보고 구글링 하다보면 다 이해할 수 있습니다. 그렇게 죽어라 외우시면 성적은 잘 주셔서 에이쁠 나올 수 있을 듯 합니다. 다만 그냥 시험 범위 및 공부량에 대한 부담이 한 학기를 힘들게 할 뿐!,9
뇌과학에 관심이 많으면 듣기 좋을거 같아요 그런데 저는 뇌과학이 도대체 뭘까하고 들은거라 이 강의를 듣고 흥미를 잃었습니다..교수님의 발음이 안좋아서 중간중간 놓치기도했고 개념자체가 이해가 잘 안가는데 시험도 깐깐하게 내셨어요 선지도 많고…,9
뇌에 대해 배우는 점이 많아 흥미롭고 재밌으나 다소 어려울 수 있습니다 강의 후반부에 조항준 교수님이 두 차시 들어오시는데 그 부분 강의가 특히 어려울 수 있습니다.,9
2학점 교양치고 볼륨 너어무 큽니다 모두 고르시오 문제 때문에 진짜 다 외워야 돼서ㅠ 하지만 배워가는 것도 많고 실제 뇌를 만져보는 실습도 있고 의과대학 수업 듣는 기분도 내볼 수 있어서 알찹니다 저학년 때 들었으면 더 재미있었을 텐데 아쉬울 따름,9
황세진 교수님께서 주시는 ppt를 열심히 공부하여 에이플 받았습니다! 전 수업 때 졸고 영상강의로 열심히 공부했는데 시험 때 모르는 문제가 너무 많았지만 상대적으로 잘 본 것 같습니다. 실습하는 것도 좋고 배울건 정말 많았던 강의였습니다. 전 공대라서 관련이 그다지 없겠지만 나중에 추억으로 남길 것 같습니다,9
강의록만 파셔도 에이쁠 낭낭하게 나와요. 대신 수업 때 필기를 싹 다 한다는 전제 하에.,9
교수님께서 열정이 많으셔서 수업 열심히 하시고 대신 시험도 깐깐함. 암기할거 엄청 많아서 암기 잘하면 추천.,9
코로나로 수업 불참 했을 때 유튜브 녹강 사이트 알려 주셔서 들어봄. 녹강이랑 현강이랑 거의 흡사하게 강의함. 모든말을 다 필기 해야한다는 소리. 시험에도 나옴. 개인적으로 매 수업 다 재밌게 들었고 카데바실습으로 뇌~척수까지 직접 보고 만질 수 있어 매우 도움됐음. AI수업은 PPT 핵 많은데 마지막 수업 때 어디어디서 나온다고 찝어준곳에서만 나옴.  공부 해도 시험 자체가 어려워서 망했다 싶었는데 A+ 감사.,9
문과생인데 a+맞았습니다 강의에서 ppt자료도 중요하지만 교수님이 언급하신 내용 다 필기하면서 들어야해요 그게 시험에 그대로 나오는 경우가 많습니다. 뇌 공학수업은 어렵긴했지만 시험 어디서 나오는지 다 알려주시고 문제도 어렵지 않으니 걱정 안해도 될 것 같아요,9
뇌 해부학이라고 생각하시는게 마음 편하실 듯 합니다. 근데 뇌과학을 하려면 뇌의 어느 부위가 무슨 역할을 하는지는 당연히 알아야 하는거니.. 개인적으로 오히려 더 재밌었고 좋았습니다. a+ 꽉 채워서 주시는거 같아요.,9
뇌를 알 수 있는 좋은 시간이었습니다 실습도 진행해주셔서 얻어가는게 많은 교양이었어요 출결중간기말로 성적이 나왔고 교수님은 강의력 좋으시고 알기 쉽게 설명해주십니다 시험은 교수님이 말씀만 하신 부분에서도 문제가 나와서 평소에 필기를 잘 하는게 중요한 것 같습니다 학점은 정말 잘 주시는 듯합니다 시험 못봐서 B+만 맞아야지 했는데 A+을 주셨네요 공부는 어려웠지만 뇌도 만져보고 내용도 유익하고 여러모로 좋은 교양이었습니다,9
중간고사 점수가 반평균 아래 등수는 반에서 절반 이하였고 기말고사도 당일날 5시간 공부하고 본 거라 잘 본 느낌은 없고 잘봐야 70점?정도인 것 같았는데 A+가 나와서 정말 놀랐습니다 중간고사 점수를 봤을 때 다른 분들이 망했다고 생각이 들지는 않고 그저 교수님께서 학점을 굉장히 잘 챙겨준다는 느낌을 받았습니다 수업 내용이 워낙 알차고 실제 뇌와 척수를 만지는 실습까지 할 수 있어서 B+정도만 받아도 들을 가치가 있다고 생각했는데 학점도 잘 주셔서 정말 높이 평가하는 교양과목인 것 같습니다 대신에 수업 때 집중해서 말씀하시는 대부분을 필기로 적고 외우셔야 하는 것은 불변입니다!,9
나름 들을만 하고 흥미롭지만 수업 외 내용이 시험에 나오는게 상당히 많아 공부를 좀 하셔야합니다,10
괜찮은 강의였습니다. 중간은 나름 범위가 적당했지만 기말은 약 5배의 범위다 보니 살짝 버거웠습니다.  생12 하실 분들는 쉽게 할 수 있는 강의 입니다,10
교수님이 강의도 잘하시고 시험도 오픈북이라서 시험전에 책 한두번만 읽어본다면 평소에 수업을 듣지 않더라도 고득점을 받기 어렵지 않습니다. 수업은 1시간정도만 하고 30분에서 1시간분량의 동영상을 매주 하나씩 들어야합니다. 과제는 하나도 없어서 정말 꿀교양입니다.,10
중간 범위가 너무 적은만큼 너무 어려웠구요 기말은 범위가 너무 많은만큼 확실히 중간보다 쉬웠습니다… 수업을 듣는 거가 의미가 있는지는 잘 모르겠어요 그리고 오픈북 시험인데 중간고사 같은 경우는 범위가 너무 적었어서 책에서 도무지 찾을 수 없는 내용들도 많았습니다.. ㅠㅠ,10
시험이 오픈북이지만 좀 빡셈 아예 모르면 시간부족할지도?,10
생1했으면 ㄱㅊ음 생2했으면 날먹일듯 일단 3학점인데 대면이랑 온라인 합쳐도 2시간 안됨 개꿀띠,10
생물학에 관한 재미있는 수업입니다. 출석은 온라인과 오프라인이 따로 있고 오프라인 시간이 짧은 점은 좋았습니다. 시험은 두 번 오픈북이지만 가금 책에 직접 나오지 않는 내용도 있을 수 있으니 내용을 재대로  이해하는 것이 좋습니다.그래도 내용 자체는 난이도가 그냥 그래고 시간이 조금 더 투자하면 될 정도입니다.,10
재미도 없고..진도는 개빠름.. 시험은 부담은 없는데 시간이 촉박함..,10
시험은 오픈북이라 부담은 없지만 쁠 안 채워주셔요,10
쉽게 학점을 딸 수 있는 과목은 아닌것 같습니다 책을 열심히 공부하시면 될것 같아요,10
시험문제가 95퍼센트 정도 책에서 나옵니다 그리고 그 95퍼센트를 모두 맞추면 에이쁠이 나옵니다 제가 살면서 해본 생물 강의중에 가장 성적을 잘주심 문과라서 못했다는 핑계가 안됩니다 말씀드린대로 문제의 95퍼센트가 책에 답이 있어요 성적이 안나오신 분들은 냉철하게 문제를 보고 책에서 답을 찾지 못할 정도로 공부를 안하신 겁니다 중간에 온라인으로 테스트를 2회 보시는데 그거도 오픈북입니다 걍 들으세요 노베여도 됩니다 이거,10
굳이 이걸 들어야할까요…? 차라리 과제라도 있었으면 중간 기말에 퀴즈시험 두 번 봄,10
오픈북이라 시험 부담은 없어요 그러나 시험 문제가 100% 책에서 나오지 않아서 평소 수업시간에 빡집중 하고 들어야 합니다 성적은 너그럽진 않고 그냥저냥 주시는 듯 합니다 쁠 채워서 주시지 않고 에쁠 20퍼센트 에제 20퍼센트정도 주시고 비쁠부터 디쁠까지 고루고루 뿌리십니다 지난학기까지는 80%정도까지 비쁠 주셨는데 이제는 전혀 아니구요 따라서 성적으로 보면 꿀강은 아니고 생명 좋아하면 한번 들어볼만한 강의 얻어가는 건 많은 강의라고 보면 될 거 같습니다 그래도 공부 열심히 하면 좋은 성적 얻어갈 수 있어요 저는 개인적으로 얻어가는 것도 많고 내용이 재밌어서 매우 만족했습니다,10
시험 두 번 퀴즈 두 번 있습니다.  오픈북이라 큰 부담은 없습니다. 교수님께서 설명도 쉽게 잘 해주십니다. 녹화강의 덕분에 개꿀 3학점입니다.,10
문과는 도망쳐... 열심히 공부했는데 정말 성적 짜다,10
시험도 오픈북인데 시험 전주에 시험대비영상도 찍어주셔서 너무 좋아요,11
적당히만 하면 비쁠 받을수잇는 과목이고 오픈북이라서 부담이 적어요,11
교수님이 직접쓴 만화로 생명과학 배워서 재미있어요,11
오픈북 시험이고 과제 없었습니다. 적당히 강의만 듣고 공부 별로 안하고 b+ 챙기는 용도로 무난한 것 같습니다.,11
딱 교양 수준의 생명과학이라 어렵지 않게 공부했던 것 같습니다. 시험도 오픈북이라 부담 없이 볼 수 있었어요. 너무 꿀강입니다.,11
교수님이 촬용한 녹강이랑 실강 꾸준히 듣고 오픈북 테스트입니다. 내용은 따라갈만해요,11
비대면에 과제 팀플 발표 등등 없어서 좋아여.   가끔 수업할 때 시험에 이런 거 낼 거다~~라고 알려주시는 것만 듣고 수업도 안들어도 됨. 저는 시험 전에 유튜브에 올려주시는 총정리영상 + 교재 로만 공부했슴다. 출결 비율도 적어서 한두번 결석했는데도 a+받았어요  생2 일반생물학 베이스 있고 비문학 잘 푸시면 a+쉽게 받아갈 수 있어요~! 어차피 오픈북에 시험 시간 충분해서 지식형 문제는 웬만하면 다 맞고 비문학스러운 문제들이 성적을 가르는 듯 합니다,11
부담없이 들을 수 있는 강의입니다 시험도 오픈북이라서 부담이 없고 교수님도 학생입장에서 이해 많이 해주세요! 부담없이 편하게 들을 수 있는 강의입니다!,11
교수님이 정말 친절하십니다 이과지만 생물을 안들었지만 이해도 쉽고 오픈북이라 부담도 적었습니다,11
학점 따기 힘듦.. 객관적으로 열심히 준비했지만 만족스럽지 않았음. 수업은 매우 쉬운편,11
생1 생2 선택자 기준 쉽습니다. a+은 좀 어렵고  a0는 받기 괜찮음,11
과제도 팀플도 없고 온라인 수업으로 진행되었던 완전 꿀강입니다. 생1 생2 배워서 편하게 들은걸수도 있는데 생명 안배워봤어도 오픈북시험이라 강의 하루전에만 보고 시험때 책 열심히 찾아보면 시험 잘 볼 수 있습니다. 교재도 만화라서 보면서 재미있어요. 제가 오픈북이라 놀다 시험공부를 당일 새벽부터 했는데 에이쁠 나와서 행복했던과목... 책은 에타에서 구하는거 추천드려용,11
문과라 내용은 어려웠지만 흥미로웠어요 오픈북 시험이지만 비문학 형태?로 시험이 나와서 변별력은 있습니다,11
비대면이어서 영상만 보면 되고 기말 한번으로 점수가 정해졌습니다 오픈북이긴 하지만 문제가 많아서 시간이 엄청 부족함 ... b+ 은 무난하게 받고 그 이상 받으려면 평소에도 노력해야하는 과목인거같아요,11
생명과학에 자신있으시다면 강추 드려요. 오픈북에 시험나오는 부분도 다 알려주셔서 하루 전에 공부했는데 A+ 나왔습니당,11
비쁠 받기는 정말 좋은데 에이쁠 받으려면 최소한의 노력은 필요합니다,11
디지털헬스케어에 관련된 이론수업 + 초청강연 + 앱 구성 및 디자인 으로 이루어진 수업인데 팀플이 주인 수업이라 팀 잘 만나면 꿀인 교양입니다. 성적 정말 잘 주시니까 출석만 빠짐없이 하시면 됩니다 !,12
초반에는 디지털 헬스케어에 대해 간단하게 설명해주시고 여러 직무에 계신 분들을 초청해서 강연을 진행합니다. 여러 가지 현장에 대한 자세하고 생생한 리뷰를 말해주셔서 재밌게 들었습니다. AR VR 모션캡쳐 등 재밌는 기술들도 경험할 수 있고 성적도 잘 주시는 꿀강입니다!,12
꿀교양입니다 시험도 없고 출석만 전부하시면 A+ 받아가실 수 있어요,12
출석만 잘 하고 팀플도 열심히만 하면 성적 잘 주셔서 좋습니다,12
icpbl 채울때 완전 추천합니다! 과제 시험 없고 학기 내내 팀플+초청강의+교수님 강의 돌아가면서 해서 부담 없었습니다. 동기들이랑 같이 들어서 팀플같이 하는게 좋을거 같아요,12
초반 몇 번은 교수님께서 헬스케어 관련 강의를 진행해주셨습니다.  이후 조를 짜서 헬스케어 어플을 계획하능 프로젝트를 중간 기말 두 번 진행했습니다.  출석만 잘 하면 점수는 그냥 후하게 주셔요.,12
시험 형식으로 보는 중간 기말 없고 icpbl 과목답게 실습이랑 팀플 많은 수업. 근데 막 어려운 것도 아니고 다른 icpbl에 비하면 굉장히 꿀강이라 할 수 있기때문에 친구들 3명정도 모아서 같이 수강신청하면 나중에 조 짜서 팀플할 때 팀플 빌런 만날 확률도 적고 에이쁠도 챙길 수 있답니다~,12
이 수업은 헬스케어와 관련된 앱을 구상하여 조별로 발표하는 수업이에요. 솔직히 이 수업은 그냥 교수님 말씀 잘 듣고 수업 꼬박꼬박 잘 나오고 팀플 할 때 팀원 잘 만나고 자신도 열심히 하기만 하면 성적을 매우 잘 주십니다 개별 과제 이런것도 없고요  그리고 교수님이 저희 학부생들의 꿈 혹은 상상을 잘 펼칠 수 있게 많이 노력하시는 편이세요. 저는 공돌이는 아니었지만 그래도 나름 팀을 잘 만났고 각자의 의견을 잘 이야기할 수 있게끔 분위기가 형성되어 개인적으로는 재밌게 들었던 수업이었습니다. 그리고 교수님이 앱 개발 쪽으로 특화된 분들을 초청하여 이런저런 질문을 할 수 있는 시간도 마련해주셨는데요 매우 흥미로웠던 시간이었습니다. 내년에 여러 분들이 이 수업 꼭 잡으셨으면 좋겠습니다. +앱 개발에 대해서 흥미가 있거나 진로로 삼으신 분들이 들으면 더 유익할 것 같습니다.,12
별로 하는 것도 없고 앱 개발하는데 아이디어 내고 발표 하기만 하면됨,12
일단 시험이 대체라는 것이 좋고 비싼 장비들도 착용가능합니다. 트렌드에 맞춰 배워가는것이 많습니다.,12
강의 자체가 최근 트렌드를 지향하고 있어서 배울점이 많았습니다. 학생들의 참여도에 따라 교수님이 강의를 맞춰주십니다. 시험은 과제로 대체했었고 성적도 정말 좋게 주셨습니다. 헬스케어에 조금이라도 관심 있으시다면 적극 추천합니다.,12
열심히 하면 교수님도 학생들에 맞춰서 수업 방향 맞춰주십니다. 평소 접하기 힘든 vr ar 기기도 다뤄볼 수 있었고 연구소에서 만든 프로그램도 해볼 수 있었어요. 많이 배워가요!,12
교수님 착하시고 성적도 잘 주십니다. 중간 대체 매주 과제랑 팀플 과제 있습니다. 기말은 알려주신 것만 나와요.,13
사회 문제들을 진심으로 알려주기위해 노력하시는게 보입니다,13
점수 받기 좋은 강의 매주 적당히 과제하면 됨. 기말은 찝어주심.,13
수업은 조금 지루합니다. 과제는 매주 리포츠 한장 있습니다. 그러나 중간고사 없고 기말은 찝어준 그대로 나와서 점수 잘 받았습니다 좋아요,13
중간고사는 매주 글쓰기 과제로 대체했고 기말은 교수님이 예상문제 주셔서 쉽게 할 수 있었습니다,13
대학와서 처음으로 강의다운 강의를 수강한 것 같습니다.,13
과제 나가는데 제출만 하면 되고 시험 있으나 교수님께서 주신 문제만 달달외워 가먄 성적 잘 받을 수 있습니다,13
중간고사 없고 기말고사로만 성적 냅니다 저의 문제도 있겠지만 교수님 수업에 집중을 못 하겠어서 일찌감치 포기하고 기말고사 공부도 집어주신 것만 한 번 보고 시험 치는 도중에 아는 게 없어서 중도퇴실 했는데 비제 나왔어요  공부 한 것에 비해서는 은근 학점 후한 것을 보니 아무래도 수업을 열심히 들은 학생은 별로 없는 것 같습니다,14
미생물을 소재로 교수님이 다양한 관점으로 교양 수준의 접근을 시도하시고 (예: 가장 큰 생물은 얼마나 클까 미생물의 정의처럼 미생물은 작기만 할까) 다소 철학적인 내용도 섞어서 강의하십니다. 미생물에 대한 전문 지식을 쌓기 위한 강좌보다는 이런 생각도 할 수 있구나 같은 내용들이 주를 이룬다고 생각하시면 됩니다. 그렇다고 전문 내용을 아예 안 배우는 거는 아닙니다. 미생물의 학명을 외우기도 하고 우리가 주로 걸리는 질병이 어떤 바이러스 세균에 의한 것인지를 외워 시험을 봅니다. 기말고사 한 번으로 학점이 결정되었으며 학명까지 구분할 수 있을 정도면 무난하게 A+을 노려볼 만한 과목입니다. 암기에 약하거나 영어 단어를 외우는 것이 부담스러운 분들은 힘들 수도 있습니다.,14
평소 미시 생물에 관심 있다면 매우 흥미롭게 들으실 수업이에요! 박테리아와 바이러스의 종류 질병 이런 거 배웁니다. 좀 심화적으로 들어갈 때도 있지만 전체적인 내용은 교양에 충실하다고 생각합니다. 과목 특성 때문에 암기할 영어단어와 내용이 상당히 많습니다. 이 점은 고민해보셔야 돼요. 성적은 과제 없고 그냥 출결과 기말시험 점수로 줄세우기라 공부하는 만큼 나올 거예요! 참고로 수업은 진짜 열심히 들으셔야합니다... 시험문제는 ppt만 봐서 될 게 아니더라고요... 있는 거 없는 거 다나옵니다. 농담 식으로 말씀하신 내용도 잘 들어두세요. 수업이랑 잘 맞으시면 고달픈 일주일 수업 중 기다려지는 시간이 될 수 있어요!,14
재미는 있는데 교수님의 개인적 발언이 많아서 집중이 힘들 수도 있다. 그래도 생물 전반적으로 핵심적인 지식들을 알아갈 수 있는 알찬 교양,14
교수님 친절하신데 영어 피피티라 시험 공부할 때 힘들어요,14
딴소리가 조금 많긴했지만 괜찮아요  호기심많은사람은 추천,14
이공계 아니면 공부할 양이 많다  특히 생물이 고1과학에 멈춰있는 문과생이라면 back...  실험수업은 매우 재밌음! 그러나 흥미가 없다면 .. 매우 힘들 과목 성적은 깐깐? 까진 아니고 보통으로 주는듯. 미리미리 하세요,14
오티 듣고 드랍할까 생각 들었던 교수님.. 하지만 꽤 흥미로운 교양이었음 편하게 공부하고 싶으면 수업 열심히 듣고 필기 열심히 하시길 시험은 기말 한 번만 보고 역시 지엽적으로 나옴,14
교수님은 좋은 분이다... 근데 딴소리가 너무 길어서 처음엔 강의듣는게 당황스러웠다 녹음듣는것도 힘들어서 걍 포기하고 피피티 내용만 하루 외우고 갔는데 에쁠나옴 암기괜찮고 영어거부감없으면 추천 기말 한 번으로 결정됨,14
너무 공부할 분량이 많음.. ㅠ 미리 미리 공부하면 a+ 벼락치기하실분들은 각오하는 게...,14
일단 영전도 아닌데 피피티가 싹 다 영어입니다 피피티도 많은데 미생물학 용어 설명도 다 영어로 되어있어서 힘들고.. 양이 많습니다 강의력도 그닥입니다 근데 뭐 미생물 쪽에 관심 많으시면 들어보세요 내용 자체는 흥미롭습니다,14
강의 중간중간에 딴말씀 많이 하셔서 집중력이 많이 흐트려져요.. 시험 안 봐봐서 모르겠는데 시험을 한 번만 쳐서 시험범위가 꽤 되든 거 같아요,14
조금 철학적인 면이 없지않아 있지만 문과도 쉽게 배울수 있을거 같아요,14
비전공자도 이해할만큼 수업이 크게 어렵지않습니다 시험이 굉장히 지엽적으로 나오니 수업시간에 교수님이 말씀하신부분 필기잘해놓으면 편합니다,14
딴 말씀을 자주하시긴 합니다만 강의력은 좋으신 편 같습니다.,14
강의력 좋으심 배워가는 것도 많음 어쩔 수는 없지만 시험문제가 꽤나 지엽적임,14
과학 여러 분야에 대해 흥미롭게 배울 수 있어요! 매주 강의 후 다음날까지 과제가 있는데 이 비중이 크니까 퀴즈 잘 푸셔야되요!,15
지구과학 재미있어요 좋아요 강의가 좋아요ㅔ 재수강 안해요,15
이게 교양이지 싶었던 과목입니다. 그냥 수업만 성실하게 듣고 다음날까지 기한있는 과제(퀴즈)만 잘 제출하시면 시험이나 성적은 큰 무리없이 받으실 수 있습니다. 시험은 기말고사 한번 봤는데 단답형+객관식으로 그동안의 퀴즈에서 90%정도 출제됐어요. 교수님 목소리가 나긋하셔서 살짝 졸리긴한데 여러모로 지식 넓히기에 도움이 많이 됐습니다. 즐거웠어요.,15
정말 교양으로서 딱 적절한 과목인 것 같습니다. 우선 내용이 어렵지 않습니다. 또한 시험 공부하기도 부담되지 않게 퀴즈에서 그대로 다 나옵니다. 공부할 양도 적고 성적도 후하게 주셔서 교양과목이니 성적 부담 없이 듣고 싶다는 분들에게는 잘 맞을 것 같습니다.,15
강의도 어렵지 않고 듣기도 편하게 해주시고 나중에 퀴즈도 보게 해줘서 시험 치는데 그렇게 어려움 못느낌,15
내용을 깊게 다루지는 않아요. 매주 수업 내용 물어보는 퀴즈 풀어야 되는데 족보 구하면 쉬울거에요. 시험도 비슷하게 나와요.,15
이 강의 쉽고 재밌다 추천한다 이 강의 지구과학 오우너들 기초지식으로도 시험 야미 가능,15
매주 수업시간 다음날까지 제출해야하는 7문제 정도짜리 퀴즈가 있습니다. 주관식 5문제에 서술형 2문제 정도 됩니다. 대부분은 PPT에 답이 있고 서술형은 분량이랑 내용에 맞게 써서 내면 대부분 다 만점 주시는 거 같습니다. 시험도 퀴즈에서 대부분 나와서 퀴즈만 잘 맞추고 잘 정리해 둬서 시험 하루 전에 정리해둔 퀴즈만 복습하면 성적은 잘 나올 거예요. 강의 내용은 과학교양이긴 한데 어려운 부분까지는 안들어가고 고등학교 공통과학 수준까지만 다루는 거 같습니다. 그 외에 우주의 역사 지구의 역사 생명체의 역사 인류의 역사 문명의 역사 등등을 배우는데 가볍게 들으시면 됩니다.,15
이 강의를 듣고 생명과학 다전을 생각할 정도로 정말정말 좋은 수업이었음 교수님도 정말 친절하시고 수업에 열정적이심 다만 시험이 개인적으로는 매우 어려웠음… 그래도 한번쯤은 꼭 들을만한 명강의임 !,16
수업내용은 유전에 대해 고등학교 1학년 전체적으로 배우는 과학 수준 이상으로 배워본 적 없는 문과생들이 듣기에 어렵지 않습니다. 교수님께서 모르는거 여쭤보면 설명도 쉽게 해주십니다 이과생들이 유리하지 않을까 걱정했는데 시험범위만 잘 외우기만 하면 잘볼수 있습니다 다만 엄청 지엽적이라 생각보다시험문제는 어려운데 다들 엄청 잘보는 것 같지는 않더라고요 열심히 꼼꼼히 공부하면 에이쁠 받을 수 있어요 다 ppt에서만 나와서 시험공부하기 편해요!  조모임이 좀 있긴한데 거대한 조모임이 아니라 그냥 조끼리 토론하고 생각 얘기하는 정도라 재밌고 하나도 부담없어요 유전자에 대한 기본적인 지식 배워서 좋았습니다 교수님도 착하세요,16
교수님이 친절하시고 고등학교 생명과학 수준보다 쉽게 나옵니다. 시험은 생각보다 훨씬 지엽적으로 나오니 암기 많이 하셔야합니다,16
수업 너무 재밌고 배우는 내용이 매우 흥미로움. 필기를 제대로 안해도 ppt를 한글자도 빠짐없이 외운다면 커버가능함. 그러나 필기를 제대로 하면 ppt에서 놓치는 부분이 있어도 커버됨. 그냥 필기도 할 수 있는 만큼 하고 ppt 열심히 외우면 됨. 시험은 다 못봄.,16
교수님이 친절하시고 내용도 흥미로워요 그런데 교수님의 다른 교양 수업 수강하셨을 경우에 기말성적의 일부만 반영하시니 주의하세요,16
친절하세요 제가 봤던 교수님중에 젤 친절하신듯 시험은 피피티에서 나오고 뭐..필기 잘하면 시험 편하게 보실수 잇을듯,16
교수님 너무 좋으신 분이에요 .. 친절하시고 잘 가르치시고 쉬는시간에 오셔서 이것저것 물어보시고..ㅎㅎ 수업은 너무 재밌어요,16
수업 내용은 재미 있었고 유익했어요! 그러나 피피티가 조금 불친절해서 미리미리 공부해놓지 않고 시험 전 날 필기를 외우려고 하신다면 흐름이 전혀 들어오지 않으실 거라고 생각합니다. 그리고 시험이 많이 지엽적이라 정리본을 따로 만들어서 2-3회독 했음에도 모르는 부분이 꽤 있었습니다. 문과라 그런지 교양치고 조금 빡세게 공부해야 했어서 꿀교양까진 아닌 것 같습니다 ㅎㅎ 그래도 과학이랑 친해지고 싶은 문과분들 걱정 말고 들으셔도 괜찮을 거 같아요!,16
교수님이 정말 좋으신 분입니다. 쉬는시간이면 이자리 저자리 돌아다니시면서 학생분들한테 이것저것 관심사나 하고있는 공부같은거 물어보시면서 관심 가지시려는게 보여요.  수업도 나름 흥미로웠고 팀플도 여러번 있는데 다행히 괜찮으신 분들 만나서 재밌게 했습니다. 야외에서 팀원들끼리 토론 진행하는 식으로 하는데 정말 부담없이 해도 되는 팀플입니다. 시험은 중간 기말 전부 암기가 제일 중요해요. 객관식/주관식/약술형으로 출제되는데 정말 디테일하게 외워야됩니다. 이런게 나오려나..?싶은 별거 아닌거 같은 부분에서 나오기도 합니다. 쉽다고보면 쉬운데 암기때문에 조금 빡세긴해요.,16
정말 딱 과학 교양으로 듣기 좋은 강의에요 그리고 교수님이 정말 좋으시고 학생들을 좋아하시는 게 보입니다 시험은 쉽지는 않지만 달달 외우면 좋은 성적 받을 수 있어요,16
수업도 열심히 흥미롭게 하시고 교수님도 너무 친절하심. 내용은 비전공자가 듣기에 전혀 어렵지 않지만 시험은 어려울 수 있음.,16
내용도 흥미롭고 교수님도 좋으세요 근데 시험은 좀 지엽적이라 교양 치고 쉬운 편은 아니지 싶습니다,16
교수님 죄송합니다...ㅎㅎ 수업도 대충 듣고 시험 공부는 걍 아예 던진 과목이라 성적은 잘 안 나옴. 근데 교수님이 너무 좋으신 게 느껴진다..ㅎㅎ,16
일단 교수님이 너어어어ㅓ어ㅓㅓ무 좋으심. 진짜 교수님 너무 좋아서 대면으로 못 한게 아쉬울 정도임. 흥미로운 주제도 많았고 평소 상식 정도로만 얇게 알고있던 것들을 좀 더 깊게 알 수 있었음. 본인은 문과생이고 고3때 생물 잠깐 배운 거의 노베이스라고 할 수 있는데 성적 아주 잘 받았음. 에타평에서 시험이 엄청 지엽적으로 나온다고 해서 공부를 꼼꼼히 해서인지 몰라도 개인적으로 시험이 너무 지엽적이라는 생각은 안들었음. 그냥 보자마자 고민없이 바로바로 쓸 수 있었음. 진짜로 절대 후회하지 않는 교양임!!!!!,16
과학 좋아하시는 분들 추천드려요 중간에 해주시는 관련 이야기들 재밌게 들을 수 있었고 토론글 작성하는 것도 다른 분들 의견 들을 수 있어서 즐거웠네요 시험은 코로나 땜에 한 번이었는데 굉장히 지엽적으로 나오는 편이에요 교수님 말씀 잘 필기하고 피피티에 작은 부분까지 다 외우셔야 합니다,16
시험은 중간 기말 모두 대면으로 계획 되어 있었는데 중간은 책 읽고 레포트 쓰는 과제로 대체됐습니다. 교양에 맞게 수업해주셔서 부담스럽지 않게 수업을 들을 수 있었습니다.,16
사실 강의는 썩 좋은 느낌은 아니다. 교수님이 하고 싶은 말하고 강의 PPT하고 좀 괴리가 있는 것 같아서 수업이 두서없어지는 경우가 있다. 다만 교수님이 정말 친절하시고 착하시다. 중간은 거의 매주(시험기간은 x) 영상을 보고 A4 1페이지 분량의 감상문 제출하는 건데 좀 귀찮긴 해도 금방한다. 기말은 특정 단어에 대해 설명하라는 식의 문제인데 PPT랑 교수님이 주시는 기출 문제 잘 보면 된다. PPT랑 보고서 만드는 팀플 과제 있는데 금방 한다.,17
과제는 매주 영상보고 감상문 1페이지 제출하는 거라 미리미리 하면 부담은 없을듯. 중간이 없어서 좋고 기말은 피피티랑 기출 문제만 외워서 가면 됨,17
수업은 살짝 지루하긴 하지만 그 점만 빼면 좋은 수업 같습니다. 교수님께서 학생들이 팀플할 때 음료도 사주시는 등 정말 친절하신 분입니다. 중간고사는 없고 대신 다큐 감상문 과제를 거의 매주 제출해야 한다는 번거로움만 감수하실 수 있다면 이 수업을 듣는 것을 추천드립니다.,17
강의력은 별로지만 교수님 자체는 되게 재밌으시고 좋으신 분 시험은 기말한번만보고 중간 대체과제로 6번정도 다큐보고 감상문 써야함 과제도 없는편이고 팀플 한번있는데 어렵지않음,17
학생들과 소통을 많이 하시고 본인의 생각을 묻는 질문도 많이 하심. 부담 전혀 안되고 편하게 들을 수 있는 교양. 중간은 거의 매주 작성하는 보고서로 대체하시고 기말만 쳤는데 시험 1-2주 전 기출문제 주셔서 하루 만에 공부 가능. 성적도 잘 주심. 다만 그렇게 유익한지는 모르겠고 편하게 좋은 성적 받을 수 있는 교양 찾는다면 추천,17
교수님이 매우 친절하시고 학생들에게 여러모로 신경을 많이 써주심 다만 강의 전달력이 좀 떨어짐(ppt 그냥 읽으심) 그리고 강의 도중 다른 길로 샐 때가 많음,17
생명공학에 관심이 있고 토론하길 좋아하신다면 추천합니다. 매주 보고서를 제출하는게 힘들긴하지만 시험문제는 대부분 기출에서 내주셔서 큰 부담없이 수강했습니다.,17
멀쩡한 정신으로 강의 들은 기억이 거의 없음 강의력은 별로 좋지는 않으시고 수업 내용도 그으닥… 시험도 한번 피피티 열심히 외워갔는데 성적 에제 나왔다가 에쁠로 올려주심 대신 과제는 귀찮음 매주 영상 보고 감상문 쓰거나 가끔씩 조사하는거 내주시기도 함,17
교수님이 착하시고 강의 내용 자체가 많이 어렵지 않고 시험도 쉬워서 편히 들을수 있는 강의에요. 그리고 교수님이 생명공학에 관심이 많아 생명공학 좋아하시는 분이면 좋아하실거에요,17
수업때 켜놓기만 하다가 피피티로 시험공부 조금만해도 A+주심 과제는 좀 많은데 이정도해서 A+이면 할만함.,17
밑분은 수강정정 이전에 B0 받으셔서 흥분하신듯하네요. 수강정정 이후에 모두 A+로 올라갔고 조용히 있으면 발표 강요 안 하십니다. 매주 다큐 감상문 과제가 있는데 2시간 내에 끝나고 시험공부 양도 별로 많지 않습니다. 강의력은 좋지 않습니다. 생물학에 관심이 있고 무난한 교양 듣고싶으시다면 수강하시는거 추천합니다. 특별히 배워가는 것은 없는 느낌입니다,17
절대 듣지 마세요  발표 무조건 몇 명한테만 독박 씌워서 막 시키고 그래요 어짜피 시험으로 성적 다 나눠져요 발표 매주 독박 씌워놓고 B+이었으면 제가 시험 못 본 거라 생각하면 되는데 B0 줬어요 거기다 매주 감상문 내라 하고 코로나 과제도 생물과가 연구할 일이지 우리가 할 일도 아닌데 막 10장 안으로 시키고 그래요 절대 듣지 마세요 참여도 성적에 반영도 안 할 거면 왜 독박 씌우는지 노이해 진짜,17
교수님이 줌수업하고 매번 학생들에게 의견 물어보고 하셔서 소통형 수업이라 좋았다. 그러나 단점은 중간기말시험+매주 나가는 동영상 요약감상문과제+코로나뭐시기 10장짜리보고서과제 (3달정도 기간 주심) 가 있다는것.... 과제가 좀 많아서 힘들긴 한데 그래도 교수님이 수업을 잘 해주셔서 괜찮은것같당 문과는 근데 안듣는게 나을듯하다,17
교수님이 학생들을 되게 보고싶어하시고 착하신게 느껴짐 수업은 좀 지루하고 매주 과제가 있지만 할만 하다고 생각함 생투 배웠으면 하루 빡세게 공부해도 에이쁠 가능 ?!,17
사이버학기 생명공학의 이해 저는 수업 하나도 안듣고 틀어만 놨습니다 혹시 본인도 온라인 수업을 듣는다면 강의도즁 교수님께서 레포트 과제를 내주시니 그점 유의하세용 레포트는 적당히 복붙하고 내면 됩니다. 중간대체 레포트 10쪽짜리가 있는데 이것도 적당히 복붙해서 짜집기하면 슥 문제 없습니다. 어렵지 않아요. 그말인 즉슨 기말고사 하나로 학점이 갈린다는 소린데 저는 피피티 훑어보기 4회로 비쁠이 나왔습니다. 직전학기 일반 생물학 에이쁠이 큰 힘이 돼주었습니다. 얻어갈 것은 별로 없지만 교수님은 좋으십니다.,17
중간고사 대체로 감상문 써서 냈음 생명과학쪽 기본 지식이 있으면 굉장히 편한 수업 교수님 수업은 졸린 편,17
큰 수고 없이 비쁠 받고 싶다면 최고의 강의이지만 에이쁠을 노리고 들어온다면 모호한 평가방식+ 출결 반영 0%로 인해 마음고생을 꽤나 하게 되는 것 같습니다. 중간고사 기말고사를 개별평가해서 각각 상위 20%에 에이쁠 부여하신다고는 하는데 평가기준이 교수님 마음이니 무조건 눈에 띄는 수 밖에 없는 것 같아요. 성적 나올때까지 가장 마음 졸였던 과목이 아닌가 싶습니다.....,18
정말 너그러우신 교수님.. 너무 좋음 과제는 주제가 참신하면서도 적합한 게 중요한 듯  에쁠 받고 갑니다 ~,18
수업내용 좋습니다. 다만 시험이아니라 과제랑 발표라서 줄만들이 좀 있으신 것 같은데 누가봐도 잘햤다 싶으면 에쁠 나옵니다. 에쁠비율도 많고. 개인적으론 최고의 강의중 하나,18
출결 신경 안쓰심 레포트랑 발표로 정해짐 분명히 잘 한거 같은데 어디선가 마음에 들지 않았나봄 그런데 그 기준이 무엇인지 의문이 들기도 하다 편하긴 하지만 여러모로 의문점이 맘ㅎ은 수업,18
쁠 체워주는게 위험할 수도 있음 수업 들을필요없음 출튀 쉬움 발표 올인..,18
강의는 하나도 안들어도 되지만 중간레포트와 기말조발표가 중요합니다 중간 상위 몇명과 기말 상위 몇명은 아묻따 무조건 A+입니다 에제 비제같은거 없고 무조건 에쁠과 비쁠로 점수를 주십니다  이 시스템이 아쉬운게 개인의 노력은 최소 에제라고 하더라도 너무 잘해버린 몇명이 에쁠 자리를 가져가기 때문에 밀려날 수 있습니다 더해소 기말조발표를 잘 준비하세요 조발표가 교수님 평가 + 학생 평가 반반으로 반영하기 때문에 본인이 아무리 열심히 준비했다고 하더라도 조원들의 발표 능력이 부족하거나 발표 자체가 재미가 없다면 학생들의 얄짤없는 평가가 이루어집니다 그리고 그냥 발표 안 듣고 점수만 쓰고 출튀하는 학생들이 많기 때문에 학생평가 부분을 크게 반영하는 게 좀 아쉽습니다 ㅠㅠ 아무튼 개인의 노력보다는 조 운빨이 중요하여 ㅠㅠ 생각보다는 노력하셔야 하거나 오히려 노력을 안해도 꿀빨수도 있습니다,18
진짜 수업 열심히 참여하고 성실하게 다 했는데 기준이 명확하지 않고 추가점수를 줬다고는 하지만 기준도 없고 구체적인 점수도 알려주지 않음. 걍 에쁠일줄 알았는데 장학금 받을 생각에 설래는 맘이었는데 이 마음에 비수를 꽃아버림.. 걍 너무 아쉬워서 화가날 따름.. 화나네 내 에이쁠..,18
시험이 없으며 중간고사는 대체리포트 기말은 팀츨이었습니다. 팀플 조 구성이 중요한것 같습니다. 강추합니다,18
강의 내용은 환경에 관련된 강의를 계속 해주십니다. 수업은 굉장히 자유로운편이고 성적은 오직 중간 대체 과제와 기말 조별 발표로만 평가합니다,18
수업은 되게 프리합니다. 교수님의 수업을 들으면 재밌게 흐름을 타며 전체적인 스토리를 이해할 수 있어요. 성적관련 과제나 시험은 부담이 적습니다!,18
교수님이 학생들 배려를 너무 잘해주세요 최고에요,18
수업도 1시간만에 끝내주시고 시험도 대체과제 및 팀플로 대체여서 좋습니다,18
꿀강이에용 강의 내용과 크게 상관없는 대체 과제 내면 되는거임,18
레포트 작성만 잘 하시면 무난하게 성적 얻어가실 수 있습니다.,18
개인레포트랑 팀플 중 1개만 잘해도 A+ 받을 수 있어요. 부담감 없이 듣기 좋은 강의 꿀강입니다,18
전자출결이고 수업 빨리 끝내주셔서 강의 들을 때는 정말 꿀강입니다 중간 기말 과제들은 좀 귀찮긴 한데 한 주 정도만 열심히 하면 되는 것 같아요 팀플은 조원 잘 구하는 게 중요해요 친구들 모아서 같이 듣는 걸 추천합니다,18
교수님 진짜 좋으세요. 인품 면에서도 강의력 면에서도 훌륭하신 분입니다. 좋은 강의이지만 꿀강은 아닌 것 같아요. 고등학생 때 생1만 하고 생2는 안했는데 기말 범위가 거의 생2 내용이라 시간 투자를 많이 했습니다. 매번 보는 퀴즈와 시험 난이도는 높지 않습니다. 핵심 개념과 개념어 위주로 학습하시고 교과서 예제와 유사한 문제 많이 나오니까 풀어보면 좋을 듯합니다. 그리고 퀴즈보고 필기하시면 좋아요. 퀴즈문제와 시험문제가 꽤 많이 겹칩니다. 이렇게 공부해서 A+ 받아갑니다.,19
영어로 수업이 진행되지만 대부분 이해할 수 있는 정도로 쉽게 설명해주십니다. 성적도 너그럽게 주시는 것 같아요 강추,19
생1생2를 했으면 부담이 없는거 같습니다. 시험도 퀴즈랑 난이도가 비슷하게 나와서 퀴즈만 열심히 봐도 성적은 나오는거 같아요. 교수님도 친절하시고 좋습니다.,19
영전인데 교수님이 워낙 잘 말씀해주셔서 힘들거 하나 없어요 발음도 좋으시고 필요한 부분은 한국어로도 설명해주심 시험은 수업때 하는 퀴즈 토대로 나오는데 기억해뒀다가 교재에 표시하는 식으로 공부하니까 성적 잘 나왔어요 무엇보다 교수님이 끝내주심 과학 교양 들어야한다면 꼭 생과입 들으세요,19
지금까지 봤던 교수님중에 가장 젠틀한 교수님 학생들 편의도 봐주시고 야외수업도 하고 너무 좋아요 성적받기는 쉽지 않을 것 같긴한데 그래도 후회는 없음,19
내용도 많고 어려웠지만 배울게 많았고 교수님께서 학생들 신경 써주시는게 느껴졌습니다!,19
그냥 그런 내용도 어렵고 외울게 너무 많음... 바쁜 학기에는 듣지 마시요,19
교수님이 좋으시고 모든 것을 매우 명확하게 설명했습니다! 최고!!,19
교수남이 너무 스윗하시고 중간에 간식 나눠주시는거 너무 귀여우십니다,19
생명과학 공부하셨다면 추천합니다! 영어 전용 강의라서 따로 복습은 해주셔야 좋은 성적 받아가실 수 있을 것 같습니다!,19
교수님 너무 좋으시고 스윗하세요!! 영전인데도 상평이라 완전 꿀강은 아니지만 생물 하셨던 분이라면 한번쯤 들어볼만합니다,19
요약 : 생1 생2 듣고 영어 자신있다 싶으면 완전 꿀강 과제 : 매주 간단한 crossword puzzle (출석용) 시험 : 중간 기말 객관식 시험 2번  매주 교수님이 말씀하시는 거 열심히 필기하고 영어로 된 원서 (그림도 많음) 꼼꼼히 읽어서 에이쁠 받아감. 내용 자체는 어렵지 않은데 영어로 수업하셔서 영어를 못하면 듣지 않는 걸 추천합니다. 교수님도 너무 좋으셔서 별 여섯 개 드리고 싶음 ..🤍,19
우선 교수님은 굉장히 좋으십니다. 영전 수업인데 영어 발음도 좋으시고 성격도 좋으셔서 학생들 챙겨주시려고 하는 게 느껴져요! 야외 수업이 가장 인상 깊습니다. 그런데 생1생2를 영어로 배우는 느낌이라 공부량도 많은 편이어서 생1생2 하지 않으신 분들은 힘드실 수 있어요. 물론 안해도 교수님께서 설명 잘 해주셔서 열심히 하시면 좋은 성적 받으실 수 있을 겁니다! 매주 십자말 풀이와 퀴즈가 있는데 좀 귀찮긴 하지만 시험 때 도움이 되는 같아서 오히려 좋고 아쉬운 점이 있다면 쁠은 안 채워주시는 거 같다는 점이랑 자과대라는 거요.. 자과대 계단 너무 빡세요 ㅎㅎ.. 그래도 한 학기동안 안주홍 교수님 수업 들을 수 있어서 좋았습니다!,19
-출결  과제  매주 퀴즈와 십자말풀이 과제 있음. 매주 퀴즈를 보고 과제 해가는데 은근 귀찮지만 못할 정도는 아님! 출결은 퀴즈로 대체하는 것으로 알고있음.  -수업 교수님께서 정말 친절히 설명해주시고 수업에 대해 열정이 넘치심. 다만 수업 분량과 난이도를 고려했을 때 절대 꿀강은 아님. (생2 안한 사람 기준)   -시험 중간기말 두 번 진행하고 매주 봤던 퀴즈 교재에 있는 문제들과 매우 유사하게 출제되니 성실하게만 하면 좋은 점수 받아갈 수 있다고 생각함.   -후기 생2 안하고 공부 빡세게 해서 A+ 받아갑니다! (전공보다 많이 한 것 같네요) 공부량이 정말정말 많지만 시험범위 1회독 하는데 넉넉하게 1~2주 잡으시고 퀴즈 풀었던거 위주로 복습하시면 좋은 성적 받아가실 수 있을거라고 생각합니다.   -추천대상 생1생2를 배운 사람 (생2 내용과 거의 유사함) 전공과목으로 생명과학을 배우는 사람 (시험 범위 겹치면 이해도 더 잘되고 좋습니다! 한글로 한 번 영어로 한 번 듣는 느낌) 전공과목이 적어서 교양에 투자할 시간이 많은 사람 좋은 교수님과 질 좋은 강의 듣고 싶은 사람 강추!!,19
일단 널널한 학기에 수강신청하시는 걸 추천드려요! 생각보다 공부해야 할 양이 꽤 돼서 전공수업 많을 때 들으면 좀 힘드실수도 있어요 ㅠㅠ 저는 전공수업 영전 듣기 싫어서 신청했고 문과라서 좀 걱정이 많았습니다 ••  일단 출결은 매주 퀴즈로 대신하고 그래서 퀴즈 안 보는 날은 결석해도 괜찮아요! 매주 퀴즈 공부 하다보면 자연스레 시험공부도 같이 하게 되는거라 좋았고  무엇보다 교수님이 너무너무 좋으셨습니다! 영어도 잘 하시고 야외수업도 하시고 초콜릿이나 쿠키 같은 것도 나눠주시고 ㅠㅠ   시험은 거의 교재 속 연습문제나 매주 보는 퀴즈 바탕으로 나오는 것 같습니다! 다만 퀴즈 풀이할 때 촬영을 못 하게 하셔서 머릿속에 잘 집어넣어놔야해요... 이게 좀 힘들긴 했어요 ㅠㅠㅎㅎ 과제는 매주 십자말풀이 채우는 건데 이건 교재 pdf로 사셔서 컨트롤에프 하면 금방 끝나요 ㅎㅎ 문과라서 생명과학 내용 거의 다 까먹었는데도 복습 열심히 하니까 에제는 받을 수 있었슴다 ... 쁠은 안 채워주시지만 교수님이 너무 좋았고 수업 내용도 유익했어서 저는 추천드려요~~!!  다만 처음 말씀드린 것처럼 널널한 학기에 수강신청하시는 게 나을 거예요 ! 영전이다 보니 생명과학 용어도 다 영어로 외워야 해서 어렵긴 합니돠 ... 😭,19
생1생2를 했다면 더할나위없는 꿀강의. 수업시간마다 보는 퀴즈에서 시험문제가 많이 나오니 꾸준히 복습하면 A+ 나옴.,19
매 주 초콜릿도 나눠주시고 설명도 쉽게 해주세요 문과 학생도 편하게 들을 수 있어요,20
이과생이 아니다 보니까 수업 따라하기 어렵지만 교수님은 좋습니다!,20
문과인데 기본적인 생물 지식에 대한 이해랑 암기력만 있다면 이과 교양치고 재미있게 들을 수 있다. 우선 교수님께서 최선을 다해 우리를 이해시키려 하시기 때문에(초콜릿도 주심) 수업도 저절로 집중해서 듣게 된다. 교재를 사라고는 하시는데 교재는 추가 보조 자료로만 사용하고(그래도 읽긴 해야함) PPT랑 교수님 말씀 위주로 공부하는 게 좋다. PPT는 따로 제공을 안해주시기 때문에 녹화본(공부하라고 LMS에 올려줌)을 보면서 내용을 한번 더 복습하는 것을 추천한다. 매 수업시간 전에 지난 시간에 배운 내용 퀴즈를 진행하는데 생각보다 지엽적으로 출제되므로 꼼꼼하게 공부해야 한다. 중간/기말 시험은 퀴즈랑 비슷한 느낌의 문제 + 배운 내용 활용하는 까다로운 문제가 섞어서 출제된다. 족보는 있으면 도움될 듯? 근데 없어도 열심히 공부하면 좋은 점수 받을 수 있다.,20
매주 보는 퀴즈가 힘들긴 하지만 잘 해두면 중간 기말 때 정말 편합니다! 교수님이 엄청 젠틀하시고 친절하셔서 질문하면 진짜 다 받아주시고 이해하기 쉽게 설명해주십니다! 그리고 매주 퀴즈 보고 나서 쉬는 시간에 초콜릿 나눠주시는데 스니커즈보다 트윅스를 더 좋아하시는 것 같아요 교수님 진짜 너무 스윗하고 좋아요 ㅎㅎ 고등학교 때 생물 열심히 했었다 하면 수업 때 좀 더 유리할 것 같습니다 (그렇다고 공부를 안 해도 된다는 이야기는 아니에요) 영어가 생물학 분야에서 더 잘 쓰이는 언어라서 그런지 영어 용어도 같이 설명해주시는데 잘 알아두는 게 좋습니다!,20
매주 시험보느라 제 새내기 생활은 갈렸지만 의미있는 시간이었습니다. 다들 열심히 해서 불안하기도 했던 수업이었어요 맨날 초콜릿 나누어 주시는데 시험보느라 힘든 게 싹 없어집니다 교수님 젠틀하시고 설명을 쉽게 잘하세요 주말에 공부하는 거만 괜찮으시면 문과 이과 상관없이 들으면 좋을듯.,20
매주 퀴즈 보는게 조금 힘들긴 한데.. 그만큼 중간 기말 볼 때 공부하기 수월해요! 그리고 학점 따기 좀 어려운 편인듯.. 다들 열심히 하시는 것 같아요,20
트윅스 나눠주시는 스윗한 교수님 강의도 쉽게 하시고 좋읍니다.. 중간고사 잘 치면 선물도 주심,20
교양계의 GOAT 점수 진짜 잘주십니다 편안하게 점수딸 수 있는 수업,20
교수님이 수업에 애정이 있으시고 학생들에게 쉽게 알려주기 위해 많이 노력하십니다! 중간고사 이후 자발적 탈주자(?) 들이 꽤 있는 편이라 기말에 집중하면 중간까지 점수 차 뒤집기 가능해요!,20
교수님 되게 좋은 분이고 강의력도 좋으신데 녹강까지 올려주셔서 복습하기도 수월함.  생물 제대로 안했거나 기억 안난다면 조금 빡셀수도 있는데 복잡한 내용을 묻기보다는 지엽적인 내용 위주로 나오는 느낌이기 때문에 교재 꼼꼼히 읽고 수업 똑바로 들으면 크게 어려운 퀴즈든 시험이든 크게 어려운 내용은 없음.,20
생물학에 관심있어서 들었는데 생각보다 양이 많고 쪽지시험이 매주 있어서 쉽지만은 않았지만 알찼어요 처음 중간 시험 준비할 때는 뭐가 나올지 감이 안와서 공부 엄청 힘들게 하긴 했는데 한번 보고나니까 괜찮았어요 교수님 강의도 귀에 잘들어와요,20
시험범위 개많고 매일 퀴즈도 봐서 무조건 공부해야함 잠수도 개깐깐 듣지마셈,20
수업이 좋아요 진짜 교양다운 교양입니다. 얻어가는 게 많은 수업이에요.,20
매주 보는 퀴즈가 부담이긴 하지만 교재 지엽적으로 꼼꼼히 읽으면 막히는거 없이 풀 수 있습니다. 연습문제도 꼼꼼히 풀어보면 그대로 내실때도 있어서 도움이 됩니다. 퀴즈는 잘 기억해놓으면 시험에서 조금만 바뀌어 출제되는 경우가 있으니 시험 대비 미리 한다 생각하고 열심히 준비하는게 좋을것 같습니다,20
뼈문과다? 듣지마... 듣지마... 그냥 듣지마......  안주홍 교수님은 정말 따뜻하시고 수업 잘하시고 친절하십니다! 생물 잘하던 이과생은 최고의 교양일거예요 근데 저한텐 어렵고 학점따기 힘들고 좀... 아니 많이 졸렸어요 차라리 쉽게 듣고 싶으면 성과이 들으세요,20
문과고 생명은 중학생때 배운게 끝이었는데 에이쁠 받았어요 평 다른거 보니까 좀 무섭게 느껴지는데 그정도까진 아니고 일주일에 두세시간정도 따로 정리노트 만들어서 공부하시면 퀴즈나 시험 잘 치실 수 있어요. 딱히 외울게 많다고 느껴지지도 않았고 성적도 에이쁠 처음에 말씀하셨던 15퍼보다 더 주신걸로 알아요. 25퍼정도 될거에요 중간기말은 문제수가 많은데 두세문제 제외하곤 퀴즈에 나왔거나 난이도가 쉬워서 나름 괜찮늠,20
교수님 엄청 재밌으시고 수업시간에 재밌고 유익한 이야기  많이 해주셔서 도움이 많이 됐던 것 같아요!,21
노베가 듣기에는 힘들 수도 있지만 그렇게 어렵지는 않아요 근데 시험이 좀 지엽적인 부분이 있고 교수님이 수업중에 추가적인 얘기를 많이 하세요 (호불호 있다고는 들었는데 관련내용이라 괜찮았어요) 화학 해본적이 있다 + 과학영역 채워야한다 하면 듣는것두 괜찮을 것 같아여,21
교수님 너무 좋으시고 수업도 재밌음. 시험도 ppt만 공부하면 쉽게 다 풀 수 있음,21
교수님 너무 좋으심 살면서 어느정도 알아야할 상식을 배우는 느낌 시험은 어느정도 공부해야 잘 나오는듯,21
수업때 재미있는 이야기 많이 해주심 일반화학 들었으면 쉽게 들을 수 있으나 시험은 은근 빡센듯,21
이제 베스트 강의입니다. 무론 비전공(문과)한테는 다소 생소할 수 있는데 그냥 공통고확에서 다루는 정도의 내용이고 부담없이 잘 들으면 됩니다.,21
화학에 대해 하나도 몰랐었는데 일상생활에 필요한 사실도 많이 알게 되었고 교수님도 재밌으셔서 정말 좋은 교양이였던 것 같아요! 시험은 살짝 빡셀 수 있는데 그럼에도 유익했던 거 같아요,21
수업 내용 어렵지 않고 재밌어서 시간도 빨리가요,21
화학 아예 모르는 문과생으로서 화학에 대해 기본 상식을 쌓고 싶어 들어봤습니다 확실히 처음 공부할 땐 아무것도 모르겠고 어려워서 괜히 들었나 싶었지만 학습자료 정리가 잘 돼있어 공부할수록 화학에 대해 관심이 많이 생겼습니다 교수님이 올려주시는 자료만 다 암기하면 뼈문과도 에이쁠 가능합니다! 교수님 성격도 너무 좋으시고 강의력도 좋으셔서 한 학기 수업 잘 들었습니다,21
강의 재밌고 공대생기준 시험전날 밤새서 외우기만 하면 성적 잘받을수 있습니다 추천해요,21
전체적으로 나쁘지 않습니다만 꿀교양 까진 아닙니다!,21
오픈채팅방으로 대답하는 것 거의 일일이 점수를 매기시긴 하지만 몇번 대답을 못했다 해도 매 수업 10회 정도 체크하기 때문에 학점에 엄청난 일이 일어나지는 않습니다. (다만 매번 점수를 얻지 못하면 엄청난 일이 생길 수도 있죠..) 그리고 오픈채팅방에서 좋은 답변을 준 학생에게 기프티콘 주십니다! 평가는 투표로 중간 기말 시험만 이루어졌는데 단순 암기라 암기 잘 하시는 분은 시험 하루전날 벼락치기해도 만점 나올 수 있습니다. 교수님께서 따로 말씀하셔서 필기한 부분에서도 나오고 말을 쪼금 바꿔서 내시기 때문에 수업 잘 듣고 꼼꼼하게 암기하시면 별 문제 없을 거에요. 학점도 에이쁠 비율을 최대한 높게 주시고 점수 공개도 모두 투명하게 해주십니다. 개인적으로 꿀 교양이라 생각해요.,21
교수님 너무 좋으십니다 성적은 참여점수가 크게 작용한 것 같습니다 공대를 포함한 이과 분들이 꽤 있어서 공부할 때도 힘들고 걱정도 많이 되는 과목이었는데 성적은 잘 나왔습니다,21
수업 참여 점수가 꽤 촘촘하게 들어가는것 같아요. 오픈카톡방 대답하는거 좀 힘들었어요 그래도 수업은 재밌었습니다. 정말 생활속 화학이라는 강의명에 맞았어요.,21
오픈카톡 참여하는거 귀찮고 암기할거 은근 있어요 꿀교양 듣고싶으면 다른거 들으세요,21
아주 좋은 수업이고 교수님도 친절하시고 점수 잘 주십니다.,21
퀴즈랑 시험 퀄리티가 조금 낮은 것만 빼면 교수님도 착하시고 유익한 수업,22
교수님 너무 귀여우십니다 매주 퀴즈를 봐야 하는 게 귀찮긴 하지만 오히려 퀴즈 준비한다고 미리 공부를 해 두어서 시험 공부할 때 부담이 덜했어요! 그리고 시험은 조금 지엽적인 편이지만 퀴즈 내용에서 많이 나와서 메모해 두면 공부할 때 편해요,22
교수님 귀여우세용. 한 두시간만 공부해서 에쁠 가능,22
퀴즈가 매주 았어서 귀찮긴한데 그리 어렵지 않고 충분히 커버 가능합니다 교수님도 넘 좋으시고 추천해요,22
교수님 너무 귀여우세용 쉬는 시간에 초콜릿도 주십니다. 수업 배우고 그 다음주에는 배웠던 내용 퀴즈로 나와서 그거 풀어야 합니다. 한10-15문제..? 정도 나왔던거 같아요. ppt에서 강조하신거 잘 보시고 교재에 있는 퀴즈들도 한 번 씩 꼭 풀어보세요. 그리고 교재도 읽어보셔야 합니다. 교재에 있는 표 내용이 나올 수도 있어요. 저는 퀴즈를 다 맞은 적이 없었는데 ppt발표해서 가산점 받고 에이쁠 받았습니다 중간이랑 기말고사 있구요 퀴즈 냈던 문제들이 많이 나오기 때문에 퀴즈 보기전에 미리 공부해 놔야 편합니다.,22
시험 끝나고 다음 주에 간식도 주시고 기끔 초콜렛도 주셨습니다. 강의도 좋았어요. 추천!,22
수업 시작 전에 보는 퀴즈로 출석체크 하는데 출석반영 비율은 적은 것 같아요 시험이 가장 중요한데 지엽적인 부분까지도 꼼꼼히 확인하셔야해요,22
수업 내용도 좋았고 교수님도 좋으십니다. 대형강의이다 보니 어쩔 수 없는 한계점은 존재하지만 본인만 최선을 다해서 열심히 한다면.. 학점도 잘 받을 수 있을겁니다. 첫시간에 A+ 비율 등 알려주시는데 꽤 적습니다. 본인이 정말 열심히 잘할 자신이 있다면 좋은 학점도 노려보세요!,22
A0받을줄 몰랐는데.. 시험공부는 그냥 매주 퀴즈 보는거 공부만 해놨으면 별로 안걸리는데 매주 퀴즈 준비를 해야한다는게 힘들다. 이것도 근데 수업 잘 들었다는 가정하에 1주일에 1시간만 하면 10개중에 8-9개는 맞을겁니다. 중간 기말은 복습정도로 한 2-3시간만 하면 A0정도는 받으실거에요 그리고 출첵안하는게 너무 좋은거 같습니다. 퀴즈안보는날은 안갈수있어서,22
교수님이 정말 좋으시고 간식도 주십니다. 시험은 ppt 위주로 암기하시면 될것 같습니다.,22
교수님 정말 좋으시고 수업도 도움도ㅙ요 ㅎㅎ 퀴즈는 좀 귀찮아요,22
재미는 있는데 매주 퀴즈 준비하기 힘들어요… 교수님은 좋아요 설명도 잘해주시고 퀴즈로 출석해여,22
주로 피피티나 수업내용 기반으로 시험 문제 출제하시고 퀴즈 메모 해두시는걸 추천합니당,22
수업 시작 전에 퀴즈를 보고 시작함. 퀴즈에 나온 문제가 조금 수정돼서 시험에 나옴. 책 한 번 꼼꼼히 읽어보면 쉽게 풀 수 있음. 교수님도 정말 좋으심.,22
취득96  최종 97 에이쁠 달달하게 가져갔습니다 지엽적인 문제 많으니 이틀만 빡세게 공부해보세요 족보 있으면 퀴즈든 시험이든 큰 도움이 됩니다,22
매주 퀴즈 있고 공부 꽤 꼼꼼히 해야 성적 잘나와서 꿀강은 아니라고 봅니다. 외울것도 적진 않고 대체로 사람들 잘봐서 성적따기 쉽지는 않아요 에플 비율 15퍼 에제비율 25퍼,22
모든 강의평에 있듯 학생 한 명 한 명에게 관심이 많으신 편이다. 과제는 미리 꾸준히만 하면 부담되지 않은데 시험이 중간고사 없이 기말뿐이라 내용이 방대해서 미리 공부하는 걸 추천한다,23
교수님 사람 너무 좋으시고 유쾌하십니다!! 쉽게쉽게 설명해주시고 중간중간 재밌는 썰도 풀어주십니다. 시험도 한번이고 부담이 안되는 수업인것같습니다.,23
교수님이 학생들 한명한명 엄청 신경쓰시는게 보입니다. 시험도 중간은 과제 대체라 기말고사 1번만 있어서 부담도 크지 않습니다.,23
진짜 강의와 학생들에게 열정적이신 교수님입니다. 수업 내용 자체가 무겁지 않아서 쉬어가는 느낌으로 들어도 좋습니다. 그리고 수업 중간에 한번 쉬는 시간도 부여해주고 학생들 이름을 다 외울 정도로 관심과 열정을 쏟아 진행하십니다.시험은 중간 대신 기말 한 번이며 3~4주 동안 운동 혹은 스트레칭 프로젝트 제출이 있습니다,23
학생들 한명한명한테 애정이 있는 게 보임 진짜 열정적으로 가르치시고 시험은 많이 쓸수록 좋은듯 성적 생각보다 잘 주시니까 들어보세요,23
학생들 한 명 한 명 신경 써주시는 게 보임 이름도 다 외우시고!! 항상 일찍 마쳐주시고 시험도 힌트를 다 주셔서 괜찮앗음,23
교수님이 사람이 참 좋고 강의력도 좋습니다 학생들에게 관심을 많이 가지십니다,23
교수님이 엄청 신경 써 주시고 수업도 재밌게 진행하심,23
교수님께서 한명한명 관심을 다 가지시고 열정적으로 가르치십니다. 수업도 빨리 끝내줍니다. 다만 강의실이 너무 멀어요 ㅠㅠ,23
수업은 전반적으로 이해하기 쉬운 내용으로 시작하다가 후반으로 갈 수록 전문적이고 깊이 있는 내용으로 가기 때문에 수업 때 집중하시는 걸 추천합니다. 교수님께서 내주시는 과제는 자신의 운동일지(보고서)를 작성하는 것인데 3주~4주 정도 주 2회~3회 진행하는 것이면 종류와 무관하게 강의 때 배운 개념을 활용해서 자신의 신체 변화 및 느낀점을 분량에 맞게 작성하여 제출하면 됩니다. 교수님께서 예시 보고서 보여주시니까 메모 잘 해놨다가 본이 쓰실 때 참고하면 됩니다. 기말고사는 문제 수가 상당해서 시간안에 다 풀기 좀 버거웠습니다. 비만의 종류와 특징을 몇 가지씩 서술하라 이런 식으로 출제되는데 교수님께서 중요한 것은 몇번이고 강조하시고 또 기말 시험 전에 이 슬라이드에서 출제했습니다. 식으로 힌트 많이 주시니까 수업 때 절대 집중하셔야 합니다!,23
교수님께서 학생 한명한명 꼼꼼히 챙겨주시고 수업도 열정적으로 해주셔서 전혀 지루하지 않았습니다. 기말 한번 시험을 봐서 시험공부만 미리 시작하신다면 큰 무리없이 에이쁠 받으실 수 있을겁니다.,23
한번쯤 들으면 살아가면서 도움이 될 강의. 교수님도 정말 좋으시고 내용도 좋음. 다만 양이 조금 많으니 미리미리 공부한다면 수월할 듯.,23
시간 맞아서 들었던 건데 교수님이 유쾌하시고 재미있다 중간도 보고서 대체라 어렵지 않았음,23
교수님이 넘 좋은 분이에요... 학생들한테 관심도 많으시고 따뜻하시고 외국인 학생도 유독 많이 배려해주셔요. 무슨 이유에선지 다른 교양 수업에 비해 딴짓하는 학생들고 적고 기말고사도 거의 다 끝날때까지 남으신거 보면 다들 열심히 하시네요.  근데 성적 얻기엔 어려운 과목이에요ㅜ 과제가 많은건 절대 아닌데 시험을 한 번 봐서인지 범위가 ppt250장이라 벼락치기가 습관이신 분들한텐 추천하지 않아요. 기말도 제가 느끼기엔 지엽적으로 나왔어요.,23
수업 내용도 도움 엄청 되고 중간중간 학생들이 지루해하면 웃길 썰들 이야기 해주심 진짜 개재밌고 유익한 정보 많이 얻어가는 과목 !,23
교수님께서 수업을 열심히 하려고 하셔서 좋음 근데 내용이 재미가 없음 수업 참여 열심히 하면 학점 잘 받을 수 있음 근데 그 수업 참여가 약간 공개처형느낌,23
13주차 동안 한거라고는 중간 대체 보고서 밖에 없지만 이미 평가가 끝나버린 정신나간 과목  채점 기준은 강의 절반을 딴소리 하는 교수의 강의를 정성스레 필기하며 들어주고  명확한 기준도 없는 보고서 제출물을 교수 마음에 들게 써오는지  자유라는 명목으로 방임한 뒤 알아서 교수 속마음을 읽고 찾아줄 한학기에 한두명 있을 그 학생을 찾기 위해 개설된 수업  굳이 듣지마셈,24
수업이 재미가 없었음. 내용상으론 듣기 좋은 과목 같은데 막상 수업을 들어보면 알다시피 내용이 많이 부실함. 다들 언급한대로 무엇을 기준으로 과제 체점을 하는지도 잘 모르겠음. 교양과목중 ㅎㅌㅊ.,24
얻어가는게 없는 교양 교수님과의 코드가 잘 안 맞으면 힘듭니다 굳이 듣지 마세요 교수님이 음대와 친분을 표출하는게 있어서 자신이 음대 다니면 성적 잘 받을수도(?)있어요,24
역시 갓호연. 학기 내내 학생들 배려해주시고 수업도 진짜 재밌었어요. A+폭격기 답게 성적도 정말 잘 주시고 학생들에게 항상 친근하게 다가가는 좋은 어른이십니다. 중간기말 다 부담 없었고 보고서는 열심히 했다는 게 느껴지면 좋은 점수 받는 것 같아요. 한 학기동안 부담 가장 적었던 과목이자 가장 재밌었던 과목이에요.,24
진짜 티엠아이 천국임..... 너무 다른 말씀이 많으셔요 아직 성적이 입력되지 않아서 정확히 뭐라 말 할 수는 없는데 절대평가 속 부담없이 한 학기 잘 마무리 한 것 같아요,24
아재 그 자체임. 녹강은 깔끔한 데 지킬과 하이드처럼 실강만 되면 실없는 소리를 하심.,24
이번학기는 코로나 때문에 시험없이 전부 과제 대체로 진행함. 과제를 작성할 때 교수님께서 말씀하신 내용을 바탕으로 개인의 생각을 덧붙여 작성하는 것이 성적에 좋은 영향을 미친다고 생각!,24
그냥... 그냥 그랬습니다. 좋지도 나쁘지도 않았던 강의. 교수님이 학생들을 생각하시는 건 알겠는데 그게 학생이 원하는 것과 방향이 조금 달라서 많이 엇갈리는 듯. 사실 저도 막판에는 성적 때문에 골머리 앓고 좀 짜증내긴 했는데 뭐 강의 자체는 느슨하고  재미도 있었고 생각해볼거리도 꽤 있었어요.. 성적 많이 신경쓰시는 분들은 웬만하면 다른 강의 들으시는 게 좋을 것 같아요! 성적 관련해서는 엄청 스트레스 받습니다.ㅋㅋ 어차피 졸업 영역 채우려고 들은거라서 그냥 뭐 흘러가는대로... 온라인이라서 오프는 어떨지 모르겠네요~,24
무책임의 극치+과제 피드백 1도 없음+성적부여는 아무런 명확한 기준없음  특히 마지막에 실시간 강의말고 녹화강의 찬성한 소수를 위해준답시고 몇주치 녹화강의 미리 올린거 좀 웃겼다ㅋㅋ 사실은 그때 출장 있어서 그랬던건데ㅋㅋㅋ 어떻게든 학생들 위하는 사람으로 보이려고 일장 연설을 늘어놓는 모습이 위선자가 따로없다  교수가 하는말=정답 ~을 다양하게 생각해볼것=사고는 해보되 교수말이 정답 교수가 부여하는 점수=무조건 받아들일 것 이의신청하기전에 스스로가 얼마나 공정함에 합당한 처신을 하고 있는가부터 생각해볼것^^  한양대에서 이런 수업을 듣다니 너무나 화가나고 교수 스스로도 부끄러운줄 알아야함. 제발 학생들이 어떤 심정인지 좀 아셨으면 좋겠다. 그리고 과제가 4개나 있으면 피드백 좀 합시다  혹시라도 다음학기에 이 수업에 관심있는 친구들은 부디 강의평들이랑 그동안 올라온 수업 관련 글들 꼼꼼히 찾아보고 신중한 결정하길.,24
대면수업에서 잘 드러나지 않았던 교수의 이중성이 이번 특수한 학기를 거치면서 낯낯이 드러났다고 생각합니다. 누구보다 독재적으로 강의를 운영하시는 분입니다. 평소 성적에 얽메인 삶을 살지말라고 하시는 분이 성적이의 신청 공지에 세상의 노예로 살지 말자라고 굳이 강조하여 적으셔서 이의제기 하면 세상의 노예가 되는 기분이 들게 하신 것이 단적인 예입니다. 개인적으로 이번 학기 세걸과 강의는 '이중성' 이 단어 하나로 요약하고 싶습니다..,24
진짜 듣지마세요 과제 내면서 먼지 설명도 안하고 평가기준도 없음. 아니 적어도 점수 짜게 주면 피드백이라도 해야지 그런거 일절없음. 쓸데없는 얘기많이함. 학점 개깐깐함. 비플,24
이번학기 시험없었고 1차 2차과제와 7문제의 수업과제로 평가가 갈렸으나 그 기준은 애매한정도가 아니라 그냥 없다고 생각하면 될정도 교수님의 생각이 곧 기준. 수업에서는 좋은말씀 많이해주시고 다양한 생각의 길을 열어주는듯 하나 나는 결론이 정해진다는 느낌이 강했음 ex) 교수님과 어느정도 배치되는 질문을 제시했으나 결국은 수업내용의 반복으로 대답하심 / 이거야 듣는사람에 따라 다르게 느낄수 있다고 생각하나 수업에서 말씀하시는 다양하고 열린 깨어있는 시각들은 당신께서 원하는 인간상의 제시일뿐 실제 보여주시는 모습은 그와 전혀 달랐음. 정량적 평가를 경계하고 스스로 생각하는 학생들을 원하시는듯 하나 누구보다 평가에 관한 언급이 많으시고 생각지도 못한곳에서 정량적평가를 시행하시는 모습을 보여주심 ex) 명확한디렉션이없었고 많은 학생이 실수했으나 지뢰밭을 통과하지 못한건 어쩔수없다는 식으로 말씀하시고 감점. 충분히 훌륭하신 교수님이라고 생각할수 있음. 그러나 이번학기 내가느낀것은 과장되고 어설픈 비유일 수 있겠으나 민주화투사로 시작하여 변절한 태극기부대 누구보다 평등을 외치는 사회주의자이지만  뒤로는 꼰대권위주의자인 많은 정치인들이 생각났음. 과장된 비유이지만 초반에 보여주셨던 열려있고 탈권위적 모습에대한 기대 그리고 종강에 다가갈수록 그 기대가 무너지며 오는 괴리감이 내가 굳이 길게 주절주절 강의평을 쓰는 이유임,24
수업에서 얻어가는 것도 많았고 저는 교수님 괜찮았습니다. 그러나 안 맞으시는 분들은 안 맞으실 수도 있을 것 같네요. IC-PBL 수업으로 바뀐 후 절대평가이지만 과제가 너무 힘들었습니다. 생각보다 완성도 있는 것을 원하시는 것 같아서 논문 책 다 찾아보아야했습니다. 그러나 헛되지는 않았던 것 같네요!,24
나는 개인적으로 굉장히 만족했던 강의.  대학교양 다운 교양수업 이었고 과학기술자들의 개인 과거사를 배운다는 게 신선했음. 교수님도 재밌으시고 (가끔 오바한실땐 제발 거기까지..ㅜ 그래도 좋으신 분임) 다만 팀플로 생기면서 책 논문. 자료 많이 찾아봐야함. 팀플다들 열심히 했더니 고생했다고 기말고사는 그냥 서술형 몇문제로 간추려줌,24
정말 유능하신 교수님! 하지만 좀 호불호가 갈릴 수도 있으니까 잘 생각해서 수강했음 좋겠음. 교양다운 교양을 들을 수 있고 배울 수 있던 수업. 팀플이 조금 빡세지만 충분히 해야할 부분들을 잘 하면 걱정 없어요.,24
이번학기부터 팀플이 빡세짐. 교양 팀플치고 시간 엄청 투자해야함... 그런데 팀플이 빡세서 그런지 교수님께서 기말고사를 아예 부담없이 치를수 있도록 해주셨음. 수업 시간 내용 토대로 자기 의견 쓰는건데 평소에 수업만 잘 들으면 아예 공부 안해도 잘 쓸수있음. 교수님 성격도 너무 좋으시고 수업도 재밌게 들었음!,24
저 열심히 했는데 B+ 받았어요………………. 어디서 감점된 건지 모르겠어요………………  수업은 유익한데 방대해서 관련 기초지식이 없으면 좀 힘들어요 매주 글을 써야 하는데 피드백이 없어서 아쉬워요,25
교수님이 재미있으시고 친절하신 편입니다. 수업이 약간 지루할 수 있습니다. 매주마다 레포트 과제가 있습니다만 크게 부담이 될 정도는 아니었습니다.,25
종종 지루할 때도 있었지만 제대로 들으면 정말 유익한 수업. 교수님이 굉장히 열정적이시고 교안도 깔끔해서 남는 게 많습니다. 매주 1페이지 정도의 레포트 과제가 있으며 중간 기말이 너무 막연한 거 제외하면 강추합니다!,25
수업이 조금 지루하긴하지만 교수님이 열정적이고 친절하시다 매주 과제가 있다,25
수업 방식이 다른 수업들과는 확실히 다릅니다. 주마다 교재인 책의 내용을 읽고 와서 교수님의 수업을 2시간 정도 듣고 그 내용에 관련한 주제로 토론하는 수업방식입니다. 그렇기에 시험도 따로 없고 에세이 형식의 과제로 대체되지만 열심히 수업에 참여하고 토론도 열심히 하시면 성적도 잘 받을 수 있는 재밌는 수업입니다. 발표하시는 거 좋아하시고 다른 사람들과 말하는 걸 좋아하시는 분들께 추천드립니다!,25
매체기술과 예술에 대한 밀도 있는(적어도 제가 느끼기엔) 수업입니다...! 교재가 좀 어려운데 미리 읽고 가기 보다는 수업을 열심히 듣고 복습 차원에서 읽어보는 게 나았어요. 매주 조별 토의 및 전체 토론이 있는데요 발언권이 학생 모두에게 차례대로 돌아가기 때문에 자기 생각을 이야기하는 걸 좋아하시는 분들에게 추천합니다. 교수님 수업도 좋은데다가 정말 친절하시고 학생들을 최대한 배려해주시려는 게 보여서 좋았어요!! 성적은 안 나와서 잘 모르겠습니다ㅎㅎ..,25
호불호 갈릴 수업이에요 시험은 없는데 에쎄이 대체입니다 수업시간마다 토론 및 토의가 있고요 이런 수업 좋아하시면 배울 거 많은 수업입니다,25
강의 자체에서 크게 얻어갈 것은 4점 정도지만 좋은 팀원분들과 아이디어를 내며 5점정도의 토론을 할 수 있음. 교수님 좋으심,26
성적 스트레스 없이 그냥 수업 자체를 즐기기에 좋은 수업! 내향적 인간에게는 초반에 살짝 버거울 수 있지만 충분히 적응 가능함 추천,26
학점 너무 잘줌  최고 근데 모든 활동이 팀플인점 참고해주세요!,26
제가 왜 이 성적을 받았는지 이해가 가지 않습니다만.. 수업 자체는 재미있고 부담이 없습니다. 외향적인 분이 아니시라면 힘드실 겁니다,26
강의 정말 좋아요 강연자님들 강연하시는 거 몇 번 그냥 청취하면 되고 팀플도 그냥 시간 내에 완성하면 됨 로드량 적어요,26
초청 강사 분들도 좋은 분들 많이 오시고 전문가께서 운동도 시켜주시고 평소에 못 해볼 다양한 표현과 활동을 도전해볼 수 있어서 대학와서 들은 교양 중 가장 능동적으로 만족스럽게 참여한 강의였습니다. 의자가 스툴이라서 불편하다거나 책상이 부족하다거나 하는 문제가 있었지만 학기 후반에 다 해결해주셔서 좋은 환경에서 새로운 것 많이 배우고 생각을 많이 확장시키고 갑니다. 성적도 잘 주시고 발표 등등은 수업시간에 준비할 시간을 다 주시고 기기 등도 모두 지원해주시기 때문에 부담 없이 들을 수 있으며 pbl영역에 다양한 기회까지 주는 아주 좋은 수업입니다.,26
부담도 별거 없고 미래에 대한 인사이트도 키울수있습니다. 교수님도 너무 좋고 중간에 추가된 스트레칭 수업도 너무 좋았어요,26
얻어가는게 많고 타과사람들이 마니 친해질 수 있는 기회!!,26
사실 처음엔 강의 이름이 움직임? 이라고 해서 조금 당황했지만 성적이 너무 잘 나와서 놀랐습니다. 부담을 가지고 해야하는 과제가 전혀 없고 버거운 학교 생활 속에서 유일하게 편히 들을 수 있는 교양이었던 것 같아 좋았습니다. 별점이 생각보다 너무 안나와서 의아하긴 한데.. 무튼 꿀 교양이고.. 학점 꽤나 잘 주시는데.. 왜 안듣지..,26
의견 말하기와 다른 사람들과 이야기 트는게 쉽고 몸 쓰는걸 싫어하지 않는다면...할만한 과목 평소 강의는 되게 오픈된 분위기. 시험은 없고 중간 기말 프로젝트 발표로 진행됨. 다양한 경험을 할수 있는점은 장점+배워갈게 약간 애매하다는건 단점 교수님은 되게 친절하신분임!,26
해야 할 게 많이 없긴 함. 중간 기말 때 발표 준비만 좀 하면 됨. 근데 수업 초반에 모르는 사람들 앞에서 춤춰야함. 수치플을 감당할 수 있다면 하셈. 학점은 잘 줌.,26
강의 목표와 수업 내용은 다를 수 있다. 이름만 디자인띵킹.,26
교수님께서 수업에 열정을 가지고 하시고 애정을 가지고 수업 하시는게 보여서 저도 열심히 배우고 싶은 마음이 듭니다! 설명도 최대한 쉽게 풀어서 설명해주셔서 생명에 베이스 없어서도 이해하기 어렵지 않아요.,27
교수님 열정적이심 매우 열심히 하심 나도 열심히 해야겠음,27
꼭들으세요 숨겨진꿀강의입니다!! 생명과학1 들으셨으면 편해요,27
진짜 최고의 영전. 매주 퀴즈 보는 건 힘들지만 대충 해도 괜찮. 발표 없고 팀플 없는 진짜 최고의 영전... 이 교수님 수업만 3번 들었다. 전공 교수님들보다도 더 들은 듯,27
생명과학1을 공부하셨던 분이라면 완전 꿀입니다 대부분 내용이 겹치고 용어 암기만 조금 하시면 됩니다 중간 90점에 매주 퀴즈 2~3개씩 틀렸는데 총점 99에 에이쁠 나왔습니다,27
교수님이 정말 최고십니다. 일단 출결 아예 안하시는데 매주 시작할때 객관식 쪽지시험 치고 매주 크로스워드 과제 있었습니다. 크로스워드는 지난주 결석했으면 그 다음주에 같이 내면 되고 크로스워드와 쪽지시험 둘 다 10회 있는데 상위 8개로 성적 반영하시니까 2번 결석까지 괜찮습니다. 교수님께서 학생 엄청 많이 생각하시는게 느껴지고 매주 강의 녹화해서 LMS에 올려주시니 복습하기도 좋습니다. 수업도 빠르고 깔끔하게 하셔서 항상 수업도 빨리 끝났고요 강의력도 좋으십니다. 사실 내용은 저는 고등학교때 배운 내용이랑 많이 겹쳐서 그냥 수업때 영어로는 용어가 이렇구나 하면서 듣고 시험 직전에 책 한번 훑어봤는데 생명 배운적 없으면 조금 내용이 많을수도 있어요 근데 교수님 강의력도 좋으시고 내용도 알찬 강의라서 추천합니다!,27
매 시간마다 퍼즐 과제+퀴즈가 있어요. 퀴즈는 요약만 읽고 가도 상관없지만 가끔 교과서를 읽어야 풀 수 있는 문제도 나옵니다. 가벼운 시험이지만 영전이라 그런지 잘 보려고 마음 먹으면 꽤 준비하는 게 까다롭더라구요.. 그래도 내용이 재미있어서 저는 괜찮았습니다. 교수님 강의력 정말 좋으십니다. 제가 들은 영어전용 강의 중에 가장 깔끔하고 듣기 좋았어요. 중간중간 이해 못하는 것 같으면 한국어도 섞어서 해주십니다ㅎㅎ 중간시험 끝나고 짧게 가졌던 야외수업도 특별하고 재밌었어요. 시험은 전부 객관식이고 교재를 꼼꼼히 읽으면 풀 수 있는 정도의 난이도로 나옵니다. 이번에는 중간보다 기말이 조금 더 어려웠어요. 다만 교재가 비싸고 구하기 어렵다는 점은 참고하시면 좋을 것 같습니다. 생명 베이스는 없지만 졸업하려고 찾아 들은 영전인데 기분 좋게 A+ 받아갑니다. 영전 채우기용 교양으로 추천해요!,27
1. 퀴즈 전 주에 배운 내용으로 약 열 문제 출제됨. 난이도는 쉬운편(써머리 읽고 가면 거의 다 맞출 수 있는 정도)   2. 시험 중간 한번 기말 한번 보는데 중간은 퀴즈랑 써머리 마지막에 있는 객관식 문제에서 대부분 나왔고 기말은 책 자세히 읽어야 풀 수 있는 문제가 여러 개 나와서 변별력 있었음.   중간고사 다 맞은 사람으로서 Tip: 교과서 2번 정도 정독하시기를 추천.. 교과서 읽어야만 풀 수 있는 문제가 있는데 그걸 맞춰야 A+받을 수 있는 거 같음.,27
매주 퀴즈를 보는게 귀찮긴하지만 기억에도 더 잘 남고 내용도 어려운건 다루지 않아서 개꿀 강의인 것 같다 퀴즈 자체도 쉽고,27
시험 전 교재 한 번 쫙 읽고 강의시간에 언급한거 정리 살짝하니 에제 나옴. 퀴즈에서 꽤 많이 출제되고 간혹 교수님이 언급 안하셨던 지엽적인 문제도 좀 나옴. 에쁠 받으려면 각잡고 공부해야할 것 같고 에제까진 조금만 투자하면 무난하게 받을 수 있는 강의임,27
공부 양이 엄청 많은데다가 아주 세부적인 요소까지도 시험에 나와서 교과서를 구석구석 꼼꼼히 읽어야 합니다! 노력한만큼 결과도 그대로 나오는 것 같습니다. 저는 문과생인데 교과서 밑줄 쳐가며 공들여서 공부한 결과 에이쁠 받았습니다.,27
인풋대비 아웃풋 확실한 강의.  매주 퀴즈있음/중간&기말시험 블랙보드로 치룸 수업은 쉬우나 과제 및 시험 준비는 빡센편(교양치고),27
수업 들으면서 노트 적고 퀴즈 공부 열심히 하면 그래도 잘 챙겨주심. 중간 기말이 퀴즈에서 많이 출제되니까 퀴즈 다 풀고 나서 문제 받아적어서 집중적으로 공부하면 앵간히 받을 거임. 교수님 영어 발음 정말 좋으시고 멋짐..,27
문과고 안주홍 교수님 수업은 두 번짼데 둘 다 에제 받음 에플은 무리데스,27
가뜩이나 어려운 생물 용어를 영어로 배우니깐 처음에는 생소하고 사전을 하나하나 찾아가며 공부했습니다. 과제가 따로 없고 퀴즈를 보는데 뒤로 갈수록 제한 시간이 없어져 빡빡하니 교과서 내용을 2번 정도 훑고 퀴즈를 보는 것을 추천합니다. 중간고사 90점대 초반 기말고사 114/120 퀴즈 평균 23-24/25로 최종 에이쁠 받았습니다. 2학점짜리 교양치고는 시험공부에 시간을 꽤 투자해야하는 과목 같습니다.,27
막학기에 영전채우는용으로 수강했습니다 퀴즈도 매번 많이 틀리고 시험도 잘 못봤는데 비쁠 받았습니다 교수님 너무 좋으시고 비쁠은 다소 받기 쉬워서 좋았습니다,27
인공지능에 대해 더 깊이 알 수 있었고 강의도 무난합니다,28
어렵지 않고 인공지능에 대한 교수님 이야기 들으면 시간 잘 갔다 교수님께서 학생들 잘 챙겨주심 icpbl이었어서 팀플있었는데 조원 잘못 걸리면 헬임 대신 성적은 정말 너그럽게 주셨다,28
무난함 교수님도 착하심 학점 잘줌 책읽고 발제문 작성하는게 시간이 좀 걸리기 하는데 투자노력 대비 학점 생각해보면 크게 나쁘진 않다 생각함,28
물론 암기량이 많지만 그만큼 의학지식을 알아갈 수 있어서 정말 유익한 시험 입니다. 그리고  교수님께서 정말 친절하시고 좋으십니다!!,29
교수님 말씀이 잘 안들리고 내용도 외우기 힘들지만 막상 외우면 뿌듯합니다  교수님 말씀 잘 들으세요 시험이 대부분 교수님 말씀에서 나옵니다,29
교수님 강의 듣는 건 좋은데 전공 만큼 공부해야한다는게 단점인 것 같아요 ㅠㅠㅠㅠ 벼락치기 불가에요...,29
교수님이 엄청 귀여우시고 유쾌하세요!! 수업도 재밌어요! 근데 암기 수업이라…공부 분량은 좀 많은 것 같아요ㅠ,29
갓세진 수업도 재밌고 교수님 너무 귀여우심 공부할 양은 많지만 그만큼 배우는 것도 많은 수업,29
대학교 다니면서 상상했던 낭만 넘치는 수업입니다,29
얻어갈게 가장 많은 교양. 특히 마지막 실습의 경우 어디서도 경험하지 못할 가치있는 경험을 할 수 있기 때문에 추천합니다. 비록 외울 부분이 많지만 시험이 생각보다 쉽고 이전에 학습한 내용이 반복되서 나오고 이용되기 때문에 충분한 시간만 투지하면 성적 잘 받아가실 수 있습니다.,29
얻어갈게 많은 교양입니다. 공부하는데 시간이 많이 드나 공부하고 나면 뿌듯해요. 시험 범위는 많지만 시험이 엄청 어렵지는 않았어요. 추천!,29
배울건 많음 외울것도 많음 수업시간 꽉꽉 채워서 해서 연강일땐 끝까지 못듣는 경우가 허다함..실습도 결국 못해봄,29
양이 엄청 많습니다. 내용도 세세하게 많이 나외서 전공공부급으로 많습니다. 그래도 실제로 해부실습을 해볼 수 있는 것과 교수님이 해주시는 유쾌한 강의 들을 수 있다는 것은 매우 좋았습니다,29
교양 역사상 최고 GOAT 얻어가는 것도 많고 잃는 것도 많은 강의 공과대학이면 비추천함 공부량이 미적이랑 물리급임,29
개어려움 거의 전공임 가벼운 마음으로는 절대 못 드는 교양,29
공부해야할 양은 어마어마하게 많지만 그만큼 유익한 수업이었음. 암기 자신있는 사람한테만 추천. 해부 실습도 인상깊었음.,29
다 좋은데 외울거 개많아 ㅠㅠㅠㅠ 교수님도 친절한데 암기량이 ㅎㄷㄷ,29
유익한 강의였습니다! 그치만 외울게 너무 많아서 바쁜 학기 예정이신 분들은 고민한번 해보세요,29
외울게 너무 많아요 ppt는 물론이며 수업시간에 하시는 얘기 다 필기하셔서 공부해야돼요.. 벼락치기말고 미리미리 준비하면 괜찮을수도있어요,29
내용도 좋고 기말고사에 나올 내용 정리해주시는거만 외우면 A0가능,30
아침수업이라 힘든거랑 지루한거 빼면 괜찮아요,30
1교시 수업이라는 점만 빼면 정말 좋은 수업 중간과제는 적으라는 것만 적으면 됩니다,30
난이도 측면에서만 보면 꿀교양이 맞습니다. 주거 규범 각 국가의 전통건축 우리나라 근현대 건축 역사 법규 및 제도 등을 다룹니다. 과제는 하라는 대로만 하면 만점이고 시험은 강조하는 키워드 위주로 나옵니다. 다만 강의력이 좋은신 편은 아닌지라 초반에 적응기가 필요하다고 개인적으로는 생각합니다.,30
개꿀교양입니다. 시험이 한 번인데 좀 많이 쉽게 나와서 공부는 열심히 하시는게 좋아요. 전날 밤부터 공부해서 아침 9시에 시험 쳤는데 아쉽게 에제 받았습니다. 꼭 들으세요,30
주거 전반적인 내용을 담아서 다양한 문화권의 주거 형태를 배울 수 있어서 좋았습니다. 아침 수업이란 거 제외하면 매우 만족스러운 강의였습니다.,30
강의 일찍 끝내주시고과제도 성의만 보인다면 좋은 점수 주십니다. 시험도 어렵지는 않은데 기말고사 한 번만 치다보니 양이 꽤 됩니다. 기말 비중이 70이니 벼락치기는 안 하시는 걸 권장...,30
수업은 1교시를 학생들이 피곤해한다는 것을 아셔서 그런지 항상 일찍 끝내주신다. 중간과제도 솔직히 2시간만에 다하고 만점 받았을 정도로 쉬우며기말 시험도 솔직히 어렵지 않다. 나름 꿀교양,30
개인적으로 수업이 좀 지루해요.. 교수님은 착하신데 너무 지루했음,30
1교시라는 점만 제외하면 모든 게 완벽한 강의…,30
교수님 정말 친절하신데 발음이..  그래도 나쁘진 않았음,30
중간고사없이 대체과제로 주시고 배려많이해주십니다,30
주거와 관련한 다양한 부분을 접할 수 있어서 좋았습니다!! 이번 학기 절평이라 성적 받는 것도 안 어려웠습니다.,30
건축이나 주거 쪽에 관심있는 분이면 더 재미있게 들을 수 있을 것 같습니다 비전공자도 쉽게 배울 정도의 난이도였던 것 같아요 교수님께서 교양과목이어서 배려를 많이 해주셨고 학점 관련해서도 최대한 잘 주려고 하십니다! 수업시간에 말씀하셨던 부분도 공지로 다시 알려주셔서 좋았습니다,30
매주 시험을 봄. 매주 수업을 열심히 들어야 하고 시험이 쉬운 편은 아님.  그래도 중간 기말 없으니까 좋고 종강도 빨리 해주심. 대신 절평이어도 성적이 후하진 않은 듯.,31
강의가 알차고 매번 오시는 강연자분들이 바뀌어서 안 질리고 매번 새로운 내용을 배울 수 있어서 좋습니다! 졸업 전에 듣기 너무 좋은 강연이었어요!,31
매주 강의 후에 퀴즈를 봅니다. 생각보다 퀴즈가 그렇게 쉽진 않아서 강의 잘듣고 기억해놔야해요. 그래도 시험이 없어서 부담은 적습니다.,31
퀴즈 잘 풀고 서술형만 많이 작성해서 제출한다면 충분히 좋은 점수 주십니다.,31
그날그날 수업 좀만 집중하면 좋은 성적 받을 수 있어여 따로 시험은 없고 매주 강의 후에 바로 푸는 퀴즈로 성적이 결정되니 졸면 안됩니다ㅏ,31
다양한 분야를 매주 들을 수 있어서 좋았습니다. 바로 시험을 치니까 더 집중해서 들을 수 있었어요ㅎㅎ 학점 잘 주십니다^^,31
시험 기간에 시험 보는 과목이 하나 줄어서 부담이 덜어질 수 있다는 점에서 메리트 있는 과목입니다. 매 시간 강연 이후 쪽지 시험에 객관식과 서술형 문제들이 나오는데 서술형 문제에 자신의 생각을 잘 서술하는 것이 좋은 결과를 얻을 수 있는 방법입니다.(앞 장 객관식 문제에 강연자 교수님 성함 문제는 꼭 나오니 외워두시고 객관식 문제에서 몇 문제 틀려도 서술형 답변 신경써서 잘 써서 취득 98점 받았습니다)  다만 강연자 분에 따라 의미를 찾기 힘든 수업이 진행되기도 하였습니다. 또한 과학에 대해 전반적인 관심이라기 보다는 특정 분야의 연구자 분이 어떤 연구를 진행하셨는지 알아보는 수업이 많았습니다.,31
다양한 분야의 교수님들 오셔서 조ㅗ았습니다 성적도 잘 주셔요  대신 뒤에 논술을 열심히 써야할 것 같아요!!,31
과학과기술영역 안들었으면 꼭 들으세요 매주 다른 주제의 강연을 듣고 객관식 문제와 논술식 문제 풀면 끝입니다. 중간 기말 과제 따로 없어서 시험기간에 부담되고 그러지 않습니다. 대신 논술식 문제를 조금 열심히 쓰셔야합니다. 개인적으로 좋았던 강연도 있고 별로였던 강연도 있었지만 그래도 나름 전공외의 지식에 대한 강연을 들을 수 있어서 좋았습니다.,31
다른 학과의 지식을 들을 수 있어서 나름 만족 했어요 의자가 너뮤 잠 오는거만 빼면 좋아요 담당 교수님도 친절하세요  시험 없는게 개꿀임,31
시험 없고 매 수업 끝나면 퀴즈 보는 걸로 끝남 실제로 유익한 강의도 많았고 노벨상 수상자도 오셔서 강의하심,31
매 주마다 다른교수님들이 오셔서 강연을 해주십니다. (절반정도는 우리학교 교수님들 나머지는 타 학교 교수님들 1번은 노벨상 수상하셨던 외국교수님도 오셨는데 통역붙어서해주심) 50여분정도의 강의를 들으면 5~10분정도 휴식한후에 퀴즈를 봅니다. (퀴즈는 객관식+서술형이고 객관식은 강의내용관련문제+"강의해주신 교수님 성함" 서술형은 강의내용과 관련된 질문에 대한 본인의 의견쓰기) 중간고사기말고사 없어서 그냥 그 주차들은 쉬고 성적은 퀴즈본것들 총 12번중에서 제일 안좋은 2개빼고 나머지 10개로 해주십니다. (2번까지는 빠져도 됨)  그냥 1시간 강의듣고(내용그리어렵지않음) 퀴즈보면 (서술형 글만 잘쓰면 점수 잘 주심) 성적 잘 주는 꿀강의입니다.,31
매주 다른 분야의 교수님들이 오셔서 50분 정도 강연을 해주십니다. 강연 후 5분 정도 쉬는시간 가진 뒤에 강연에 관한 간단한 객관식 문제풀이와 서술형을 제출합니다.  그리고 강연해주시는 교수님 성함을 반드시 외우셔야 합니다. 매주 모든 시험지에 교수님 성함을 적는 문제가 출제됩니다. 중간기말 시험 없고 휴강하기 때문에 굉장한 꿀강의입니다.,31
강의 내용은 주차별로 다른 교수님들이 오셔서 강의해주십니다. 매주 수업 후 간단한 객관식 문제 혹은 서술형 문제가 있습니다.,31
꿀강이에여. 흥미로운 강연도 많고 은근 배워가는게 많았던 것 같아요~강의 끝나구 쪽지시험은 강의만 열심히 들으면 무난하게 다 풀 수 있을 정도입니다. 서술형은 주어진 문제 관련해서 전 수업 들으면서 한 생각이랑 제 경험같은 거 섞어서 적었어요. 성적 들어가는 최소 쪽지시험 횟수 맞춰서 수업 갔었는데 에쁠 받았습니다.,31
꿀강입니다! 중간 기말 시험이 없는데다가 매주 하는 테스트만 성실하게 하면 A+이라 정말 부담없이 들었습니다. 가끔 좀 꼬아서 내는 문제가 있긴 한데 어차피 나올 만한 부분들에서 나오기때문에 반쯤 졸면서 들었는데 성적 잘 받아갔습니다. 그리고 서술형 열심히 쓰면 유리합니다. 유익한 강의 많으니까 폭넓은 분야의 과학 이야기를 들어보고싶다 하시면 추천드려요,31
강의력이 아주 뛰어나십니다. 강추합니다. 시험문제도 다 집어주십니다. 쉽게 학점 받을수 잇아요,32
교수님 강의력이 좋으신 건지는 모르겠습니다 다만 무난무난하게 들을 수 있다는 점에서 나쁘지 않았던 수업 내용이 어렵긴 해요,32
수업이 다소 지루한 감이 있지만 시험이 쉽습니다. 교수님이 성적을 너그럽게 주시는 편이지만 쁠은 안 채워주십니다. 과제가 없어서 부담이 되지 않는 과목 중 하나입니다.,32
제발 들으세요...시험은 중간 기말 직전주에 찝어준거 그대로 나오고 에세이도 간단하게 쓸만해요,32
과제는 짧은 논문하나 쓰기였고 중간기말 시험은 전 주차에 미리 내용 다 알려주십니다. 그대로 암기만 해 가면 에플이라 논문쓰기 말고는 시간투자 거의 안했습니다!,32
대형 강의라 전출만 신경 잘 쓰는 것이 중요한 것 같다. 시험은 정말 ppt에 뭐가 나올지 알려주시고 더 나아가서 그것들을 시험 때 그대로 적어내는 것이 중요하다. 아는 것을 다 적어내면 되는 것 같다. 그리고 대형 강의의 시험이라 이번 학기에는 몰래 컨닝을 하는 사람들이 많았는데 이걸 보완하면 편안하게 수업 들으면서 특별히 불평불만이 안나오는 강의가 될 것 같다.,32
퀴즈의 문제를 잘 복습하면 반드시 시험을 잘 볼 수 있습니다.출석이 중요합니다.,32
기말 3시간 공부하고 a+중간은 좀 더 열심히 했지만 기말에 비해서지 그리 많은 시간을 투자하지는 않았습니다! 시험전주차 슈업만 잘 들으면 어지간 해서는 시험은 다 맞아용,32
시험은 그냥 시험전 주차에 정리해주시는 거만 잘들어도 시험지는 다맞음. 다만 그걸 볼 때까지의 14주간의 지루함과 교수님의 농담은 여러분의 몫 ㅠㅠ,32
많은 지진 원인과 형성을 알 수 있는데 두 번의 시험이 있었는데 모두 단답형 문제여서 이해하기 어려웠다.,32
과제 매주 퀴즈에서 논문 써오기로 바뀌었는데 개인적으로 시간투자 너무 심하다고 생각합니다 차라리 따른거 들으세요,32
교수님이 수업하시는데 내용이 뭔지 알 수가 없습니다 의식의 흐름대로 하시는 느낌..,32
시험 전 주차에 교수님이 시험 어디 나오는지 알려주셔서 그 부분의 암기를 열심히 하면 시험을 잘 볼수 있고 A+가능합니다!,32
꿀강의 인정 시험 전 주에 어디서 시험 낼거다 말해주실 겁니다. 그거만 공부하면 A+!! 물론 강의력 안좋고 논문에서 이해 안되는 부분 설명해주실 건데 그냥 암기하십숑 이해 완벽히 안됩니다! 이 부분이 호불호 가장 갈릴 거 같네요.,32
꿀강의라고 생각합니다 과제 이번학기에 한번 내주셨고 출첵도 널럴합니다 무엇보다 학점 정말 잘주십니다  학점이 남아 부담없는 교양과목을 듣고싶다면  이승규 교수님과 지진과 생활,32
전공보다 어려운 교양 기말에 그래프 외워서 똑같이 그려야됨 ㅋㅋ,32
Overall a good class. The teacher is nice but sort of strict with the quizzes. If you want good grades focus on class since the concepts discussed in class will be on the quiz.,33
퀴즈만 잘풀면 a+씹가능 하지만 퀴즈를 한번 지각한 본인은 a0 꿀교양인데 못챙겨서 아쉽네ㅠ,33
그냥 개꿀 그 자체 팀플도 없고 과제도 퀴즈가 끝이고 성적도 ㅈㄴ 후하고 매주 과학썰 유튜브 1시간 30분짜리 본다는 느낌,33
이번에 중간고사 없이 기말시험 한번만 봤구요 이거마저도 퀴즈로 나왔던 문제 그대로 나와서 당신이 조금이라도 물리학에 관심이 있다면 투입 공부량 대비 학점 좋게 가져갈 수 있는 GOAT 꿀교양입니다. 교수님 입담도 재밌었어요,33
교양이라는 것이 무엇인지 제대로 보여주는 과학기술 영역의 교양이라고 볼 수 있겠습니다. 날먹 교양을 찾으시려면 다른 분야의 교양을 수강하도록 하시고 물리학의 전반적인 역사와 흐름 물리학자의 생각을 엿보고 싶으신 분이라면 강추드립니다. 공대 2학년이고 현대물리학과 같은 학기에 수강이었는데 양자역학 부분의 정성적인 설명은 현대물리 공부에도 도움이 되었던 것 같습니다. 성적은 에이플 받았고 퀴즈는 LMS 글자 몇개 씹혀서 특수상대성 70점 일반상대성 80점 나왔는데도 에이플 나오네요; 퀴즈는 어려우시면 다른 창에 강의 ppt 틀어놓고 찾으면서 하셔도 되고 교수님 쓰신 글 인터넷에 찾아서 하셔도 됩니다. 어쨌든 전 되게 만족! 강의 내용이 재밌었어요.,33
2023학년도에는 중간고사 없이 기말만 치뤘습니다. 시험 전에 퀴즈 전부 공개해주시고 거기서 시험문제들이 대부분 출제됩니다. 퀴즈 외 부분에서 나오는 시험 문제들로 학점이 갈릴 것 같진 않아요. 몇 문제 없기도하고 맞춘 사람도 많이 없었을거에요. 저는 퀴즈 한번 90점 받고 나머지 전부 100점 기말은 세개 내외를 틀린거 같은데 에이플 받았습니다.   그리고 과학을 안해보신 순수 문과분들은 듣기 힘드실 것 같아요. 순수 문과분들에게는 비추 드립니다. 교수님 이야기를 상당히 재밌게 하시는 편이고 제가 듣기엔 강의력이나 흡입력도 좋으시지만 공대생도 알아듣기 어려운 양자역학 파트즈음부터는 약간 혼자 말씀하시는 그런 느낌이었어요.  퀴즈나 시험은 수식 같은거 전혀 안나오고 진짜 교양스러운 느낌으로 나오고요. 팁을 드리면 유튜브에 김항배 쿼크부터 빅뱅까지 치면 녹강 찍어놓으신거 올려놓으셨으니까 퀴즈 못풀겠다 싶으시면 유튭 녹강 슥슥 보고 풀어보세요. 이과분들에겐 추천. 고딩때 물화했으면 공부할거 진짜 적습니다.  출결은 완전 전자 출결이고 한번까지는 감점 없어요.,33
내용은 흥미로웠으나 쫒아기기에는 조금 힘들었던 수업ㅠ,33
교양 수준의 물리학 배우기 좋습니다 근데 시험 너무 변별력 없이 나오고 과제 의문사 많음,33
전체적으로 교양 물리로서의 전반적인 내용을 얻어갈 수 있습니다. 다만 퀴즈 난이도가 쉬워 실수가 성적과 바로 직결됩니다. 과제의 경우 수업이 끝난 다음날 자정까지 퀴즈를 진행하는 것 말고는 없습니다.  ☆☆☆☆ 퀴즈에서 X선이라고 쓰면 오답처리 됩니다... 엑스선으로 적으세요...,33
수업은 재미없었지만 물리 좋아하고 물리에 대한 전반적 지식 알고싶으면 듣기에는 좋을듯 ㅂ학년에게 양자역학을 가르치시지만 엄청난 겉핥기식 정도로 정말 물리 전반에 대한 '흐름'만 보고 가는 느낌이긴 함 과제 따로 없고 강의 끝나고 있는 퀴즈만 잘 풀면됨 수업 때 다 설명하신거고 수업 자료에도 다 나와있는 내용. 몇개는 좀 어려웠지만 퀴즈나 시험 난이도가 크게 어려운 것도 아니었다 근데 성적은 좀 깐깐하신듯,33
시험 난이도도 쉬워서 열심히 하면 좋은 학점 받는 수업입니다.. 저는 재미 없어서 열심히 못했어요,33
물리 개념 위주로만 진도를 나가셔서 수학 물리를 꼭 잘해야 수강할 수 있는 과목이 아님. 피피티 중간중간에 복잡한 수식이 있긴 하지만 언급 정도만 하시고 넘어감. 시험은 어차피 퀴즈에서 나오기 때문에 퀴즈 봤던 거 열심히 하면 됨.,33
수업이 재미가 없습니다. 재미가.. (이과기준에서) 아는 내용은 알아서 재미없고 모르는 부분은 몰라서 재미없습니다. 시험은 과제랑 퀴즈만 보면 정말 쉽습니다.,33
매주 퀴즈가 있고 이게 40퍼쯤 됐던걸로 기억. 중간 기말은 각각 20퍼씩 차지하는데 퀴즈에 나왔던 문제가 거의 그대로 나와서 별로 변별력 없음. 게다가 오픈북이라 다른 시험공부때문에 공부 안했는데 만점받았음.   다만 퀴즈가 상당히 난이도가 있음. 그래서 열심히 하느라 항상 강의 듣는데 2시간 정도 퀴즈푸는데 30분정도씩 투자한 것 같음. 공대생인데 강의 내용도 상당히 어려웠었음. 교수님만 신나서 매일 한시간 반 꽉꽉 채워가며 떠드심.  열심히 해서 에쁠 받긴 했지만 2학점 짜리 치고는 난이도가 상당한 것 같음. 매주 시간도 3시간 정도씩 잡아먹고.. 다시 들으라면 힘들어서 안들을 것 같음. 내용 자체는 배울게 많지만 너무 어려워서 엄두도 안난다는게 단점..  문과는... 돔황챠~,33
문과... 새내기... 들은 도망가세요...,33
문과생이 들으면 양자역학부터는 1도 이해를 못할 수 있다. 다만 물리나 화학에 관심이 있었던 사람이라면 재밌게 강의를 들을 수 있다. 강의 구성이 해당 주제에 대해 역사순으로 어떤 일들이 있었는지 설명해주셔서 부담을 크게 가지지 않아도 된다. 시험도 그러하다.,33
난 이게 전공과목으로 열리는 수업이랑 핵심교양으로 열리는 수업이 통합되어 진행하는 줄 몰랐음. 그만큼 빡빡하고 세세하게 채점해주심. 수업시간 질문 퀴즈 중간발표 최종발표까지 모든 게 다 평가에 들어감. 그래서 종종 숨이 막혀옴. 중간 고사는 수업시간 때 배운게 객관/주관/서술형 모두 출제 됨. 난이도 상당하고 조밀하게 다 외워야 함. 기말 팀플은 조원들이 다 좋으셔서 괜찮았지 아니었으면 죽고 싶었을듯. 기말 팀플 형식은 박물관 전시 기획 해보기 였음. 전체 전시 주제 하에서 각자 존을 맡아 하나를 완성해 조별 평가-개인 평가 모두 들어감. 성적은 후하심 인정.,34
중간고사는 배운 곳에서 나와서 그다지 어렵지 않지만 팀플이 너무 힘듭니다 팀원들을 잘 만났음에도 교수님이 요구하시는게 너무 많으시고 고퀄을 원하셔서 힘들었습니다 발표도 너무 많고 피피티 수정만 10번은 넘게 한 것 같아요 ...  전시관 기획이 큰 틀이고 전시 주제를 자유롭게 정해서 발표하는 팀플입니다. 전시물 각 존마다의 스토리가 있고 전시가 머리 속으로 그려질 수 있을 정도의 퀄리티로 만들어야합니다. 그래도 성적은 정말 잘 주시긴합니다 성적만 잘 주면 괜찮다하시는 분들은 추천드려요,34
성적과 고통은 비례한다 수준이 아니라 수명과 맞교환한 느낌. 과제 수준은 할만한데 한학기 전체가 팀플인 만큼 피피티도 여러번 제작해야하고(처음 만들때부터 제대로 만드는걸 추천) 영상도 제작해야 함. 일단 양이 많아서 팀원 잘못만나면 개고생. 참고로 팀은 같은 과 최대한 떨어뜨리니까 주의. 그리고 전체적으로 교수님이 정답을 정해놓고 거기에 맞춰야하는 느낌이 강했음. 시간 여유롭고 팀플 경험해보고싶고 성적 잘 주면 오케이다 싶으면 추천,34
중간고사는 일반적인 강의 후 시험 이후 기말까지는 실습(?)입니다. 과학관 전시 기획이었는데 저는 팀원을 잘 만나서 좋았지만 팀원끼리 의견이 잘 안 맞거나 연락이 잘 안 돼서 힘든 팀도 있었던 것 같더라고요. 팀플 자체는 할만하다고 생각하지만 매번 피드백이 진짜로 빡세게 들어와서 골치 아파집니다. 그것과 별개로 교수님은 진짜 열정 있으시고 학생들 위해서 조언도 많이 해 주셔서 좋았어요. 다만 노력한 거에 비해 퀄리티가 안 나오면 저평가 받을 수도 있다는 점에서 개인적으로 많이 힘들었습니다. 가볍게 들으시려는 분은 비추천 각 잡고 기획 한 번 해 보고 싶다 하시는 분 강추천입니다.,34
듣지 마세요 제발 Tech No ! 교수님의 열정이 너무 넘쳐서 감자와도 같은 학생들이 갈립니다. 학점을 받기 위한 엄청난 노력을 진행하는 것이 취미라면 해볼만 하긴 하지만 그럴거면 차라리 교수님의 다른 테크노로 가시는 게 나을 듯…? 팀플 박물관 전시 기획… 제발 도망가요 여러분들..,34
중간고사 있고 기말은 팀플 중간고사까지는 전까지 배운 강의 내용에서 나왔음 보통 시험처럼 강의 내용 기반해서 본 것 같음. 과학의 명암을 여러 분야에서 살펴보는 방식이었음 중간 이후 수업은 대부분 팀플로 진행되는데 투자한 시간만큼 결과도 나오는 것 같음. 주제는 과학관 전시 기획이었음.,34
학점은 딱 기대만큼 주셨고 밑에 강의평만큼 흥미롭다고는 못 느낌... 할 게 많고 기대하는 게 굉장히 많으신 것 같음. 영역 채우려는 학생은 다른 과목 듣는 게 나을 듯,34
굉장히 흥미로운 수업임. 수업 주제 자체가 너무 좋아서 한 학기 동안 행복하게 수업 들었음. 팀플이 조금 많긴 하지만 열심히 하면 가능.,34
교수님이 열정이 대단하십니다. 수업 내용은 <홍성욱의 STS>를 바탕으로 합니다. 과제는 중간시즌 이후에 에세이 쓰는게 있구요 시험은 기말 한번이었습니다. 근데 시험이 의외로 깐깐하게 세세한 내용을 묻는게 있어서 잘 보셔야 할 것 같습니다. 출석은 두번인가 자율적으로 더 중요한 일(!!)을 하러 가도 된다고 하셔서 두번 결석 이후부터 결석카운트 되는 것 같습니다. 전체적으로 과기철 느낌+홍성욱교수님의 STS 이론 내용입니다. 교수님이 좋으셔서  좋습니다,34
성적 정말 잘주십니다.. 진짜 망했다 싶었는데 에이쁠이 나와서 당황.. 거의 한달 넘게 매주 피드백 받는 게 좀 버거웠습니다. 시험은 객관+단답+서술 로 나오는데 피피티 꼼꼼하게 잘 읽고 가먄 점수 잘 나옵니다,35
저는 잘 모르겠습니다. 성적과는 별개로 뭘 얻어가는지는 잘 모르겠네요. 마지막 기말 레포트도 의미있다기보다는 그냥 과학과 역사에 끼워맞춘 레포트 쓰는 것 같아요.,35
수업 열심히 듣고 (필기 열심히 할 필요도 없고 일단 듣기만 하면 됨) 과제는 중간시험 이후 매주 있어요 (기말은 없어요) 과제는 일주일에 3~5시간 정도 투자해야 합니다 (글쓰기 및 자료조사에 재능 있으시면 더 짧게 걸리실거에요) 위에 사항만 지키면 A+ 나옵니다 진짜루,35
이 수업은 교수님이 좋아요.. 교수님 최고.. 수업은 내용도 생소하고 과제도 많고 발표도 많고 수업도 한번에 세시간.. 중간 이후로는 쭉 발표. 팀플이 있지만 서로에게 영향을 주는 팀플은 아니고 서로에게 피드백을 줘요. 글쓰기가 힘든 사람은 추천 안하지만 한국테크노사이언스나 역사 관련해서 관심 있는 사람이라면 한번 들을만한 거 같아요 :)  그래도 학점은 잘 주셨습니다 !! 교수님 감사합니다!,35
강의를 열심히 안들은 나는 머저리 ㅠㅠ 수업 빡세요. 과제 많아요. 다 챙기기 힘들어요 ㅠㅠ 그래도 이런 험난한 수업을 이겨내고 결과물을 보면 그래도 열정이게 과목 하나 수강했다는 쾌감을 얻을 수 있습니다.,35
교수님이 정말 좋으신 분인것과 별개로 강의는 정말 빡셉니다. 매주 3시간을 실강으로 듣는데 배워가는 게 정말 많지만 그만큼 정말 힘듭니다. 각오하시고 듣길 바랍니다. 다만 생각한것보다 학점은 정말 잘주시는 편입니다. 강의가 힘들뿐..,35
C+ 받았지만 열심히 안한 내 책임이라고 생각이 들 정도로 교수님이 매우 친절하시고 열심히 가르쳐주신 수업.. 세시간동안 교양수업듣는 게 좀 힘들긴 했지만 내 시험 과제가 다 퀄리티도 낮고 누가봐도 대충 공부한게 티가 많이 났는데  레포트 잘쓰는 방법까지 가르쳐주신 교수님 ㅠㅠ  소규모 강의라 그렇지 비율은 진짜 혜자였을 것같다..,35
진짜 이 강의는 인생 강의에요. 학점도 생각보다 훨씬 잘 주시고 배워가는 내용도 많습니다! 수업 두 번까지는 빠져도 출결에 반영안하십니다! 교수님이 학생 하나하나 일일히 상담해주시고 과제 보면서 앞으로 글쓸 때는 어떻게 해야하는지도 알려주세요! 진짜 진짜 추천드려요!!,35
내용적으로 정말 많이 배운 수업입니다. 과학사와 철학을 빙자한 인생수업 느낌.. 공대생이 아니라 과학혁명에 대해 쉽게 배울 수 있어서 좋았습니다. 다만 시험은 조금 까다로워요. 나올 시험문제는 정해져있는데 어떻게 쓰냐가 중요한 것 같습니다. 전부 외우면 에이는 받을 수 있는데 에이쁠은 다른 것 같아요. 쉽게 에이쁠 받기는 어렵지만 그래도 이것저것 배운것 생각하면 유익하다고 생각합니다! 시험은 중간 기말 두번보고 이번학기에는 과제는 없었습니다,36
도망가 평가기준을 알 수 없을것이다 족보가 과연 의미가 있을까,36
3학기 동안 들었던 수업 중 가장 몰입해서 들었던 수업입니다. 과학사 관심있는 사람 꼭 들어보셨으면 좋겠어요! 관심 없어도 강의력이 너무 좋으셔서 재밌게 들을 수 있습니다. 과학 혁명 지식과 함께 인생의 교훈까지 얻어가는 명강의였습니다!ㅐ 남영 교수님 다음 수업도 꼭 들을 거예요ㅠㅠㅠ,36
재밌어요!! 딱 과기철2인데 과기철보다 재밌어요 보고서 없고 시험2번봤는데 없어서 다행인거같아요 성적은 아직 안나왔지만 한학기동안 재밌었어요~~ 추천해요,36
족보 필수이고 그에 대한 예비답안 써서 달달 암기후 시험때 토해내시면 됩니다. 전 매 시험마다 예비답안이 a4용지 5페이지 정도 나왔어요. 시간 촉박하니 기계적으로 쓰시면 되고 이것만 하면 시험 부담없어요! 수업도 재밌었고 보고서 과제도 사라져서 시험 두번과 출석으로 성적 갈립니다. 출석도 지각은 없고 늦게라도 오면 출석이에용,36
졸업학기에라도 이 수업을 들어서 너무 다행입니다. 한양대 다니는 동안 가장 즐겁게 들은 수업입니다. 너무 재밌어서 시험에 안 나오는 지엽적인 부분들도 공부했고 친구들한테 설명할 수 있을 정도로 좋아한 수업입니다. 과학혁명의 흐름과 인물들의 스토리 하나하나가 삶의 방향성을 제시해주는 느낌입니다.  아쉬운게 있다면 기업 면접 본다고 수업 두 번 빠진 거...진지하게 면접 빠질까 고민도 할 정도였습니다. 뉴턴 스토리를 교수님 강의로 못들어서 너무 아쉽습니다.,36
책 자랑 너무 많이 하심.... 사고의 확장에 도움이 되는지는 모르겠음 시험이 올 서술형이라 시험공부가 재밌기는 함,36
평소에 혼자만의 사유를 즐겨하시는 분들은 과학사적 맥락을 통해 굉장히 많은 도움을 느끼실 수 있을거라 생각합니다. 교수님의 강의력 또한 훌륭하십니다.,36
인문대생이 들어도 큰 무리없이 이해할 수 있었음 수업내용 중 이해 안 되는 부분 있으면 책에 찾아보면 굉장히 상세하게 기술되어 있음 중간에 쉬는시간 보장해주시고 출석도 그때 부르심 수업의 흐름 자체가 서론-본론-결론 순으로 짜임새 있게 구성되어 있어서 편하게 들을 수 있기에 사실상 유일한 장애물은 몰려오는 아침잠임,36
명강의 정말 교양 과목에서 유쾌하고 유익하며 시간 잘 가는 수업 (이걸로 영역 채우세요.),36
흥미로워요 과기철은 재미없었는데 여태 다른 곳에서 전혀 들어보지 못했던 과학 이야기들이 재미있어요 수업도 이야기 듣듯이 들으면 돼요 근데 녹음은 필수인 것 같아요,36
수업 재미있게 잘하셔서 그것만 잘 들어도 시험 엥간하게 칠 수 있음. 과학보다는 과학사 스토리텔링이라 아는 거 하나도 없어도 부담없이 수강 가능,36
저는 공대생이라서 과학에 대한 거부감은 없었으나 문과분들도 충분히 듣고 A+ 받아가실 수 있을 거라 생각합니다. 족보 나오는 거의 그대로 나오니 그대로 정리해서 암기만 하면 됩니다.,36
명품강의ㅜㅜㅜ 과학 관심 없던 사람에게도 편견을 깨주는 강의입니다,36
과기철2 느낌이라는 게 딱 맞는 설명임 시험은 온라인으로 봤었는데 문제마다 써야하는 내용이 많아서 시간 빠듯했음 거의 꽉꽉 채워서 제출한 걸로 기억함 과제는 교수님이 언제까지 주제 잡고 언제까지 참고자료 찾아보라고 말씀하실 때부터 차근차근 준비하면 부담이 크진 않겠지만 몰아서 하면 꽤 부담되는 정도,36
교수님께서 강의 지루하지 않게 해주셔서 너무 좋았어요!! 수업 시간에 배운 내용들 잘 정리해서 교수님께서 말씀하시는 거 집중해서 들으면 시험 때 조금만 복습해도 A+ 가능 보고서는 양 많으니 미리미리 준비하시길,36
