과제가 귀찮기는 한데  점수 엄청 잘 주십니다(+로 채우려고 해주심). 하라는 대로 열심히만 하면 점수 받기 쉽습니다!,0
중간고사를 기말 보고서로 대체해서 좋았지만 막판에 과제+기말고사+기말 보고서를 해야해서 너무 힘들었음. 수업 내용이 쉽지도 않고 짧은 시간 안에 방대한 양의 수업 내용을 커버하다보니 따라잡기도 힘들었음.,0
데이터분석에 관심있는 분들은 추천!!! 기말고사 한번 시험 있는데 난이도 어렵지 않음 시험보기전 문제은행 공유해주심  단! 과제 난이도 어려움  과제를 해결할 때 수업을 잘 듣는것도 중요한데 추가로 공부를 해야하는 부분도 있음,0
1. 수업 하나도 듣지 않고 A+ 받음 2. 지인에게서 기존 과제 지인 제출물을 받음. 1차2차 과제 각각 1시간 내외로 기존 제출물에서 변수명 바꿔서 제출 성공. -> 만약 이 부분 혼자 해결할려고 했으면 각각 적어도 3-4시간은 걸렸을듯 3. 최종 과제 (리포트)는 통계 기법을 사용해서 분석을 "하기만" 하면 높은 점수 취득 가능. 유의미한 결과물이 나오지 않아도 됨. 선형계수가 0.001이라는 아예 두 변수가 관계없다라고 나왔지만 A+ 이 나옴. 4. 파이썬은 기존에 공창프 수준정도 할 줄 알았고 공대 확통수업을 통해 기본적인 데이터분석 개념은 알고 있었음. 이 덕분에 수업 하나도 듣지 않아도 됐던 것. 5. 바꿔 말해서 코딩도 노베이스고 데이터분석 관련 개념도 노베이스면... 아무리 공부는 혼자하는 거라지만 (1) 수업내용은 너무 자세해서 의미가 없거나 너무 부실함. (2) 과제는 미적분 개념 알려준다음 수리 논술 푸는 느낌이라고 보면 정확함 6. 소프트웨어 영역 채울려고 어쩔 수 없이 들었지만 노베이스면 피하시는게 맞다고 생각합니다.,0
과제 내 주신것들을 보면 교수님이 내용을 완벽하게 이해하고는 내신건지 의문스럽다,0
머신러닝+빅데이터분석 관련 지식이 있으면 날먹 강의. 없으면 빡쎈 강의. 출석 널널하고 중간고사 없어서 학기 내내 속 편합니다. 문제는 프로젝트 기한이 끝으로 다가오는 학기말이죠. 데이터 관련 공부를 하고 싶다면 동기부여로 나쁘지 않습니다. 다만 파이썬을 다룰 줄 안다는 전제 하에 입니다. 아무것도 없는 비전공자 노베이스는 파이썬부터 연습하고 들으시길.,0
딥러닝 과목 들을 때 도움은 되었습니다만... 교수님이 학생들에게 너무 많은 내용을 가르치시고 싶어한다는 느낌이 강했습니다.,0
왜 경금 교수님이 r 파이썬을 가르치시는 지 모르겠다. 강의력이 안 좋아서 구글로 배웠다.. 교양이 아니라 전공급 난이도다,0
학점따기는 수월하나 무조건 독학해야됨 교수님은 알려주고싶은게 많아서 훑고 예제는 많으나 예제코드 복붙 후 결과만 확인하고 넘어감 가끔 추가예제도 보여주나 이해안되는건 마찬가지 그냥 이런게 있다 저런게 있다 수준이라 과제도 조금 고생해야함. 심지어 마지막에 좀 몰려있으니 미리미리 하는거 추천 시험은 문제은행과 예제코드에서 대부분 나오고 예제코드 부분은 크게크게 물어보았음,0
결석 5번 가능(감점없음) 교수님께서 직접 족보 주심 매 주하던 과제 없어짐 과제 2개. 기말레포트. 기말시험 4가지로 평가가 되는데 수업시간 열심히 들었다면 그렇게 어렵지 않다. 다만 본인같은 경우도 플립러닝 미루어서 듣고 오프라인 강의도 몇번 빠지고(강의는 올려주심) 해서 몰아서 듣다보니 기말 기간에 은근 시간을 많이 썼다.  기말레포트 같은 경우도 공공api 같은 데이터처리만 잘하면(유투브 등 참고) 모델 형성 등은 그냥 배운 내용과 과제 내용 같은 것 비스무리 하게 내면 된다. (코딩하는)공대생이면 거저먹는 비공대생이면 조금 로드가 있는 과목,0
C언어나 파이썬을 얕게라도 배운 사람이면 여차저차 따라갈 수 있지만 아예 처음인 분들은 수강하기 어려운 면이 있습니다.  많은 내용을 매우 빠르게 훑고 가는데 수업시간에 배운 내용만으로는 과제 해결이 잘 안 될 수 있어요.,0
흐으음....구글로부터 배운달까^^;;; 교수님이 가르치고 싶으신게 꽤 많나봅니다.. 그럼에도 다 수박 겉핥기 식으로 넘어가는게...;;,0
과제양 많고 시험은 수업 잘 듣고 기말 때 주는 족보만 보면 거의 만점에 수렴하게 받는 수준 근데 다음학기때부터 수업 내용이 좀 추가된다고 함 과제는 매주 하나씩 있고 프로젝트 총 3개 있음,0
기말고사 즈음에 과제(10점짜리) 기말 레포트 기말고사(중간고사 없음) 세 가지가 겹쳐서 학기말이 좀 빡센 편,0
1학년 문과생인데 A+ 받음 ㅇㅇ 파이썬 경험 있으면 생각보다 할만함 근데 과제로 나오는 퀴즈가 좀 문제가 애매하게 나올때가 많음,0
상당히 많은 범위를 얕게 공부하는 느낌입니다 그래서 과제를 진행할 때에는 스스로 추가적으로 구글링 하며 공부해야 하는 부분이 많습니다 시험은 교수님께서 주시는 문제은행 다 풀 줄 알면 풀 수 있을 정도로 어렵지 않게 나옵니다 하지만 과제가 정말 많고 과제에 모호한 명세도 많아서 눈물 나요..,0
어찌저찌 A+ 맞긴 했지만 정말 전공만큼의 시간을 부은 것 같습니다... 일단 다른 강의평 보신 것처럼 코딩과는 거리가 멀고 이론만 강의하는 수업이에요. 문제는 외국인 교수님이라 영어를 모국어처럼 쓰시는 분들 아니면 이해하시기 힘들꺼고 내용이 생각보다 좀 방대하며 수업 내용을 이해하지 못 했는데도 쏟아지는 많은 과제입니다... 만약 수업을 이해하시지 못했다면 과제는 최대한 수업 자료 내에서의 키워드를 활용하시는 걸 추천드립니다. 물론 그것만으로는 한계가 있기에 구글링과 뇌피셜을 활용하시겠지만 그나마 최대한 강의자료에 단어들을 활용하거나 자료에 단어 및 문구랑 뜻이 비슷한 내용으로 채우니까 점수는 좀 받았습니다. 뇌피셜을 쓰니까 거의 낮은 점수를 주시던... 최대한 집단지성을 활용하시고 전 되도록이면 안 듣는 걸 추천...,1
투자대비 성적 잘나옴 2일 공부하고 a+ 노력해서 가져가자,1
어찌저찌 A플 맞았는데 내가 딱 말해줌  1. 그냥 듣지 마셈 이상한 외국인 데려오면 다 교수 시켜주나 싶음 조교도 비슷해서 쌉 꼰대임  2. 그래도 들어야겠다 싶음 옆에 한국인 보이면 연합해서 과제하셈 - 리딩 과제는 걍 무지성으로 한글로 쭉 번역한 다음에 번역기 돌려서 제출 ㄱ - 중간중간 과제 4개 나오는데 뇌피셜 쓰면 ㅈㄴ 깍음 수업때 말한 키워드 버무리면 앵간히 나옴 - 시험도 비슷 그냥 맥락 파악만 하면 끝,1
듣지마셈 걍 시간 ㅈㄴ아깝고 점수도 개같이 까서 줌 summary시켜놓고 요약해놓으니까 디테일이 부족하다느니 이유도 안 써놓고 점수 1점씩 까놓고 걍 개 띠꺼움 기말이 쉽고 어렵고의 문제가 아니라 듣는 게 바보임,1
과제가 일단 한주에 한번씩 꼭 있어서 힘들다는 점이 조금 힘들다. 영어에 대한 이해도가 어느정도는 있어야 하지만 번약기를 통해서 작성해도 크게 문제 될것은 없다. 다만 수업내용이 너무 지루하고 듣지 않아도 정말 지장이 없다. 학점의 경우는 이번에 잘 주신건지 아님 성적을 잘받은 건지는 모르겠지만 성의있게 일주일에 한번씩 과제 제출만 잘한다면 크게 무리는 없는 것같다. 다만 자신이 일주일에 한번씩 과제를 할 자신이 없고 강의를 3시간 동안 켜놓고 있을 자신이 없다면 추천하지는 않는다.  과제의 내용이 조금 신선해서 나중에 도움이 될수는 있을것 같다.,1
과제가 좀 심하게 많습니다. 어렵다기보단 손이 많이 가고..... 영어에 자신 없으시면 피하셔야 할 듯 합니다. 시간 많고 대략적으로 이 분야에 대해 간단히 알고 싶다하면 듣는 것도 나쁘지 않지만..... 꼭꼭 영역 체우셔야하는 것 아님 그냥 피하세요.,1
걍 듣지마 그래도 전체 점수를 계속 업뎃해줘서 나름 괜찮앗음,1
일단 과제의 양이 어마어마 합니다. 그리고 한번은 과제 정해진 기한 내에 맞춰서 냈더니 0점줬어요. 항의했죠. 솔직히 0점은 아예 안낸 사람과 동급으로 취급하는거 아니냐고.. 그러더니 조교가 그렇게 줘서 자기는 못바꾼다 그러더군요 ㅂㄷㅂㄷ 그리고 이번 21-1학기 시험볼때 딱 하나 다행이었던 것은 LMS로 객관식 선택할 때 넘버 체크가 되서 우리가 안찍고 가는 실수는 안한다는 것이었습니다..   그리고 소프트웨어영역.. 왜 필수 교양으로 해 놓고 공급을 적게 하는지도 의문이고… 소프트웨어영역 덕분에 이번학기 현타 오지게 왔습니다.. 진짜 듣지 마세요… 학점이 4.4이상 되서 조금 깎아먹어도 괜찮다 싶을때 하세요.. 진짜 전공과목은 다 좋은데 소프트웨어 영역덕분에 조증 걸릴뻔 했어요..,1
어려워요. 저한테 왜그러세요 교수님. 과제가 너무 많아서 힘이듭니다,1
아래 문과는 비추라는 무식한 이분법적 강의평이 있길래 상당히 어이없어서 강의평 남깁니다;  data scientist는 ‘데이터 사이언스를 인문학적 관점에서 접근’하는 수업입니다.  파이썬으로 데이터처리하는 거나 코딩 기대하고 오신다면 1도 상관없습니다. 책으로 줄거리를 요약하는 과제 자기 생각으로 타당성을 영어로 작문하는 문제가 주요 과제이기 때문에 영어 독해력이 차라리 이공계 지식보다는 좌지우지하구요. 데이터 사이언스의 다양한 분야들을 아주 평이한 용어로 주요 개념들과 함께 설명해주십니다. 문제를 보시면 아시겠지만 그냥 수업에 대한 이해도를 묻는 어렵지 않은 문제들이 출제됩니다. technical 한 부분은 단 1%도 존재하지 않아요. 전공에 전혀 구애받지 않는 수업입니다.,1
다들 불만이 많으시지만 저는 나름 괜찮게 들었어요. 일단 매주 과제가 있고 시험은 기말 한번입니다. 중간 시험을 다량의 과제로 대체한다고 생각하면 되는데 기초 지식이 있다면 과제 상당히 할만해요. 아마 인문대나 예체능분들이 소프트웨어영역 채우러 오셨다가 과제보고 당혹스러우셨던거같아요. 이과 공대 특히 컴공쪽 분들이 들으시면 상당히 쉽게 풀수있는 문제들입니다.   제가 생각하는 제일 큰 단점은 과제가 많은게아니라 평가기준이 깐깐하다는거? 채점이 교수님+조교 이중체크하는데 감점할거리를 어떻게든 찾는 느낌이 있어요. 매주 리딩리뷰 독후감내는게 있는데 다른 수업같으면 그냥 적당히 쓰면 만점일텐데 이 수업은 잘 썼다 싶어도 항상 1~3점씩 감점되어있더라구요 그점이 매우 깐깐함  결론: 문과는 비추,1
모든 사람들이 말하지만 이 수업 과제 드럽게 많음  내용은 그럭저럭 유익함   그런데 과제를 조교가 채점하는 부분도 있는데 얘네가 빡대가리라  가끔씩 얘네들을 이해시켜주기 어려움. 그럴 때는 메일로 교수님 괴롭혀야됨  안그럼 어이없게 감점 당하기 십상임.   교수님은 수업하다 하품도 하면서 혼자 중얼중얼 하다 끝나는 수업 내용 알면 그냥 켜놓고 자도 상관없는데 수업 내용이 곧 과제 내용임  포인트가 뭔지 문제 의도가 뭔지 모르면 엉뚱한 답변하다 점수 까임   수업하고 과제로 고통받았는데  오픈카톡방에 모인 학우들 덕분에 그나마 버틸 수 있었음 혼자 고통받지 않는다는 안도감에 밤새 과제하는 시간이 외롭지 않았다  시험 공부 스터디도 모여서 하면 훨씬 수월하게 시험 대비 할 수 있을 것임,1
교수님이 열심히 하신다. 매주 화요일 아침9시부터 12시까지 강의를 해주신 교수님께 경의를 표하고 그 많은 과제를 채점해주신 조교님께 박수를 보낸다. 장점으로는 데이터 사이언스 큰 흐름을 배울수 있었다. 과제를 하다보면 어떤 상황에 데이터사이언스가 필요한 지 깨닫게 된다.  그러나 과제가 모든 평가 점수를 깎아먹는다. 한 학기의 모든 주말에 교양과제를 했다. 밑에 적혀 있듯이 매주 자료를 요약 정리하는 Reading review가 과제로 나오고(요약 알게된점) 3-4주에 한번씩 Homework가 나온다. Reading review는 1-2시간 Homework는 6-9시간 정도 걸리는 것 같다. 기말고사는 비대면이라 블랙보드에서 진행이 되었는데 수업시간에 했던 poll question에서 많이 나왔다. 이 poll question은 강의록에 나와있지 않다. 상황이 이렇다보니 영어에 자신이 없으면 듣지 않는 것을 추천한다. 눈물이 찔끔 나왔다...그렇다고 성적이 잘 나오는 것도 아니다. 그냥 딱 한 만큼 나온다. 그게 문제다.,1
소프트웨어 영역을 채워야해서 찾다가 새로 신설된 과목이 있길래 수강 버튼을 눌렀는데 그 버튼을 누르기 전 순간으로 되돌아가고 싶게 만든 한양대 다니면서 처음 이 생각을 들게 한 과목이었다. 다들 피해요!!!!,1
뭘 얻어가는지도 모르겠고 그렇다고 학점이 남는것도 아니에요. 절평이라 혹해서 들어왔지만 오히려 절평이기 때문에 더 안좋은 수업이에요 ㅠㅠ 다 짜게 주시거든요. 매번 과제가 어떤 기준으로 채점되는지도 알 수 없고 4번의 과제 모두 수업시간에 배운 내용으로는 절대 해결할 수 없는 과제였어요. Reading review 역시 매주 있는것도 빡센데 어떤날은 길게써서 감점 어떤날은 길게써도 ok... 네 한마디로 점수가 어떻게 매겨지는지도 아직까지도 모르겠어요  결론 : 듣지 마시고 행여 잡았더라도 이 글을 보셨다면 제발 버리세요 (차라리 계절이나 다른 평 안좋은 강의가 상대적으로 봤을때 훠얼씬 나아요),1
말이 안나오는 수업. 아래 평가들처럼 가르치는 건 “이러이러한게 데이터 과학이다~~~”인데 과제는 데이터 과학을 응용한 서술형 문제. 그런 과제를 4번 해야 한다. 매주 책이나 저널을 읽고 써머리와 느낀 점을 써야 하는데 이런거에서도 점수가 깎인다. 과제도 교수님 마음대로 채점하신다.  기말고사는 객관식과 서술형 혼합형인데 기말고사로 변별력을 내기에는 애매하다고 생각한다. (피피티 그대로 수업 그대로 내용임)  결론은 학점도 짜고 시험도 이상하고 과제는 진짜 많다. 소프트웨어 영역 이수하고 졸업하기 너무 힘들다,1
홍철 없는 홍철팀. 딥러닝 없는 딥러닝 수업. 수업명은 딥러닝이지만 인공지능을 전공하지 않은 교수님께서는 “딥러닝 사실 별거 없다”를 강조하시며 딥러닝을 알려주려고 하지 않으신다. 심지어 딥러닝에 대해서는 상당히 비관적이시다(“딥러닝은 보기보다 그렇게 뛰어난 기술이 아니다”). 딥러닝을 배우고 싶어서 신청했는데 그와는 상당히 거리가 먼 일반 탐색 알고리즘등을 위주로 지금까지 수업을 나갔다. 그리고 강의자료와 관련해서도 할말이 많은데 강의 슬라이드를 보면 빼곡한 글자와 정보들로 가득차있다. PPT 라기보다는 그냥 관련 내용들에 대한 스크랩 뭉치라고 해야할 판이다. 또한 딥러닝과 관련해서는 하나도 알려주지 않으셨지만 논문을 강의 자료로 올려놓으시고는 시간을 내서 한번쯤 읽어보면 도움이 될 것 이라고 말씀하신다. 교수님이 과연 이 수업을 위해 준비를 하시기는 하시는지 의문이다. 수업에 핵심은 없고 자꾸 변죽만 울리는 느낌을 받았다. 인공지능이 아닌 다른 컴퓨터 공학 분야를 전공하셨기에 되도록 아는 분야 위주로 설명하시려고 하시기에 애초에 딥러닝은 메인 토픽이 아니다. 또 하나의 단점은 아는 지식의 경우에는 청자에 대한 고려 없이 그대로 발화하신다. (예시: 의사결정트리에 대한 설명 없이 “의사결정트리는 이럴때 쓸 수 있겠죠?”) 문과 학생들 입장에서는 딥러닝에 대한 막연한 트라우마가 생길 수 밖에 없는 수업이라고 생각한다.,2
아주 친절하게 잘 가르쳐 주신다. 과제도 바로 코드실습이 아니라 환경 세팅부터 세심하게 써있다고 느껴졌다.,2
점수는 잘주시는데 팀 과제는..행운을 빕니다,2
문고생 들은지 3주차인대 수업을 아무리 열심리 들어도 뭔지 모르겠습니다  이해가 어려운게 아니라 불가능합니다 저도ㅠ듣기 너무 싫고 힘든데 졸업하려면 들어야한다고 학교에서 하니까 듣기는 듣는데 해도해도 너무 한 듯…  진짜 생각나는대로 비유하자면 피아노 배우려고 학원 들어갔는데 이정도는 칠 줄 아시죠? 이게 뭔지는 아시죠? 하고 바로 연주 가르치십니다,2
코딩 좀 한다고 깝치는 공대들은 다른수업들어라 물론 코딩할줄알면 도움됨 근데 ai관련으로 공부해본적 없으면 고민좀 해볼필요가 있다 시간 꽤 듦 중간이고 기말플젝이고 채점기준을 미리 고지해주면 좋겠다 교수님이 뭐만하면 가점가점 거리시는데 가점 준다는거 무조건 챙겨라 안챙기다가 감점당하더라(이게맞나?).... 추가로 하면 가점줄 것처럼 적어져있는거 안했다가 점수가 낮아서 문의했더니 난이도별 차등으로 점수매기더라 이러니까 최종적으로 가점 풀로 다받은사람이랑 안받은사람이랑 8점까지 차이나더라(만점 30점기준 27-35점) 기말플젝에선 우선 팀을 잘만나야하고 두번째론 채점자의 마음에 잘들어야한다(기준은 몰루?) 나같은 경운 팀원한분 그냥 없다시피 진행했고 스트레스도 같이 받았다;; 채점자는 총 네 분있는데 5점짜리항목에서 세 분은 5점주셨는데 한분은 0점 줄만큼 지멋대로임 그리고 평가항목에 점수를 더 주고싶은가? 가 있음ㅋㅋ 가점형식도 아니고 감점형식임 수업 안들어도 되는점은 편했지만 그만큼 다른요소에서 스트레스 받으니 참고하길,2
* 데이터 다룬 적 있고 코딩 잘 하시는 분들은 우스갯소리로 봐주세요. ^-^  일단 공부 안하고 A+ 맞았다 학점 잘주네 라는 평들 쌉구라니 거르고 교과목 포트폴리오 가서 검색하고 학점 비율 먼저 보셈. 절평인데 공대 상평급이다. 그리고 다른 AI 과목들 보셈. 같은 절평인데 A+ 60%이상임. 즉 이 과목은 수업 도입부 말씀대로 F는 웬만하면 안 맞겠지만 그렇다고 학점을 삽으로 퍼주지는 않는다. 문과 노베면 이거 듣는 순간 C나 D를 맞는 귀중한 경험을 할 수 있고 좀 치는 사람도 할게 많고 A+이 누워서 떡먹기는 아니다. 문과 노베가 실수로 이거 골랐으면 과목 정정 기간에 반드시 드랍하자.  본인 문과에 컴퓨터 고자인데 흥미삼아 이거 선택했고 정말 제대로 물먹었다. 가장 큰 문제는 수업내용과 과제 시험 연관이 1도 없다. 다시말해 -너는 수업으로부터 실제 점수에 도움되는 어떤 정보도 얻을 수 없다- 이말이야 ㅋㅋ 수업은 이론이고 실제 평가는 코딩임 수고하셈. 아 물론 창컴 창프 정도 수준 절대로 아니니까 "나 문과지만 창컴 창프 A+에 코딩 좀 치는데?"하면 너는 시XX재 재종에서 수학으로 깝치는 확통 3등급임. 나도 꼴랑 GitHub 하나로 컴퓨터랑 누가 먼저 쓰러지나 맞짱뜨는 수준인데 창컴 창프는 공부 하나도 안 하고 A+임. 자기객관화 먼저 하셈. 문과 노베인 당신은 코딩 하는거 하나하나 인터넷 찾아서 해야 하고 그 과정에서 수많은 에러를 마주치고 눈물샘이 마를 날이 없게 될 것임.  과제는 두 번이고 윈도우 환경에서 잘 안됨. 근데 수업에서도 안 알려주는데 내가 그걸 어떻게 아냐? 덕분에 다른 분들 도움받아서 고생 진탕하고 간신히 냄. 과제는 대부분 다 잘함. 근데 산 넘어 산이라고 중간고사로 코딩 보는데 갑자기 R 쓰는 문제 나오니 혈압 올라서 뇌진탕 걸릴뻔함. 참고로 R은 통계 데이터를 주로 다루는 프로그래밍 언어고 파이썬보다 까다로움. 이 과목 절평이라 좀만 까여도 위협적인데 이 문제 쌩으로 날리면 A+은 물건너 간거 ㅋㅋ 아 물론 다른 문제들도 문돌이 입장에서 만만치 않았다. 어쨌든 여기까진 괜찮은데 기말 프로젝트는 정말 지옥도가 따로없음. 코딩이랑 글쓰기 있는데 글쓰기 고르면 반나절만에 프젝 끝내고 너의 점수는 하늘나라 간다. 농담아님. 사실 프로젝트 자체는 팀원 잘 만나면 쉬운데(느그들이 알아서 짜라는 식이니 못 구하면 개망함 다른 문과 분 하나 팀원 못 구하셔서 1인 프젝하다 결국 못해서 점수 핵폭격맞으심.) 문제는 채점임. 채점 정말 깐깐하게 함. 얼마나 깐깐하냐면 이 분이 좋아하시는 sk 공모인지 나발인지 해도 고득점이 보장이 안됨. 여튼 나는 문돌이라 내 눈에는 몇개 빼고 다들 겁나 삐까번쩍 잘했는데 만점자가 없음. 24점 만점인데 20점 맞으면 어마어마하게 잘한거임. 근데 이거 30점 환산으로 치면 5점정도 까여서 이미 A+ 간당간당함.(내 추측이라 정확한 환산기준은 모름) A+ 맞으려면 과제랑 중간고사의 보너스 주는것까지 빡세게 하세요. 물론 나는 귀찮아서 안함 ㅋㅋ  그래도 여튼 한 학기동안 힘들었고 꾀죄죄한 결과물에 비해서는 학점도 괜찮음 그래서 1점 주려다 2점 줌. 나는 솔직히 평가 요소들만 열심히 챙기고 수업은 거의 안 듣고 딴 짓함. 재밌음. 혹시 정정기간 놓친 문과 노베면 수업 듣지 말고 롤 하셈. 플레감. 여튼 너무 긴데 요약하면 문과에 노베면 하지마라. 문과가 적진 않은데 데이터 다루고 관련 직종 종사하시던 분들 많아서 일반 문돌이랑 급이 다름.   그리고 문과 노베가 이거 잡았으면 시험 정보에 올려둔 정보들 정정기간 전에 꼭 먼저 확인하셈. 이 수업에서 요구하는 코딩의 수준이 어느정도인지 직감 가능할거임. 그래도 수개월전의 나처럼 열정이 넘쳐서 4차산업혁명에 걸맞는 혁신인재가 되기 위해 이 수업을 꼭 수강하기겠다는 문과 노베분들 말리지 않음. 나는 어차피 이 수업 들으면서 점심먹고 수면시간 낭낭하게 챙겼고 학점도 괜찮게 받고 끝냈으니 이 강의평 보고도 굳이 도전하겠다는 문과 노베들 어찌되든 알빠노?  덤으로 조교분들 한가득 있는데 출석체크랑 강의 잘 뜨나 체크하는 봇들임. 이분들한테 모르는거 질문해도 너가 원하는 답을 얻을 확률은 0에 수렴한다. 근데 좀 이해 안되는게 평소에는 장승마냥 있다가 기말 프젝 채점할때 갑자기 난입해서 점수를 왜이리 염전마냥 짜게줌? 이 수업에서 내가 해결 못한 최대 난제임.,2
데이터를 전공하고 있는 입장에서 이 수업의 난이도는 전반적으로 쉽다라는 생각이 들었습니다.(참고로 주전공은 상경입니다) 데이터를 아예 모르는 친구들은 고통을 받는 것을 봤는데 아예 이 분야를 모르고 들으시면 많이 힘드실 수 있습니다. 참고로 수업 내용이 과제에 그렇게 도움이 되는가도 잘 모르겠습니다. 과제의 경우 모델링을 할 필요도 없이 실행만 시키면 되기 때문에 평상시에 git이나 허깅페이스를 이용해서 모델을 사용(Inference)해보신 분들이라면 과제 및 중간은 무조건 만점입니다. 그리고 팀플과 관련해서는 SKT 연구과제에도 참여할 수 있으니 미리 작년 연구주제들과 관련된 리서치들을 찾아보면 주제도 유추가능하고 미리 준비하실 수 있습니다.(교양이라 이렇게까지 할 사람이 있을지는 모르겠습니다만...),2
유일한 장점 딴짓해도 됨 과제 2개는 프로그래밍 스킬이랑 크겐 상관없는 주어진 데이터 가지고 주어진 코드 미니콘다로 돌려보는 거고 핵심은 그 과정에서 오류 해결하는 정도.. 중간고사 기말프로젝트 정도가 코딩 실력 필요하려나 싶네요,2
프로그래밍 베이스가 아예 없다면 비추천이고 창의적 컴퓨팅에서 수월하게 A+ 이상 맞으신 적이 있다면 추천합니다. 딥러닝에 대해 알수 있는 좋은 기회였습니다. 다만 중간중간 나가는 과제에서 과제 코드가 윈도우와 호환이 안되어서 코드 일부를 수정해야 한다던가 하는 상황이 난감하기는 했습니다.,2
도망가! 절대 안 해요!  시간이 너무 필요해서 절대 안 선택해요,2
문돌이이고 창컴과 창프 다 에이플 받아서 나름 할만할거같은데 했지만 전혀 아니네요.. 코딩과제 몇 시간씩 걸려서 겨우 냈고 중간 대체 과제도 시간 정말 할애했는데도 결국 다 못했어요 따라가기 어려운 건 둘째 치고 수업 내용을 통해 과제에 대해 어떠한 도움도 받을 수 없어서 너무 힘들고 수업도 재미없어요 ㅜ,2
쫄지마라 얘들아 컴알못인 나도 a+맞았다 그냥 하루1시간씩만 공부하고 복습해도 쌉가능한 혜자과목.,2
중간은 코딩테스트로 집에서 보고 기말고사는 프로젝트로 대체됩니다. 이 과목의 가장 큰 문제는 수업과 시험이 따로 놉니다. 아무리 수업에 집중했어도 과제(설명대로 하면 오류 나는데 정상이고 조교와 교수는 절대 답변 안 합니다. 잘하시는 학생 분들의 대답을 참고하세요)랑 중간 못 풉니다. 애초에 중간 전에 코딩을 안 배웁니다. 저는 기존 실력으로 만점 받았지만 정말 어이가 없습니다. 게다가 기말 프로젝트 점수를 엄청 깐깐하게 줍니다. 과거 블로그 한번 보시면 잘 하신 분들꺼 몇 개 있는데 최소 3점 이상씩은 다 깍였다고 보면 됩니다. 만점은 없습니다. 절대평가인데 상평보다 점수 잘 안 나오니 학점을 기대하려면 듣지는 마세요. 웃기긴 한데 유일한 장점은 이 강의 덕분에 구글링 능력이 향상 됐습니다. 요즘에 chatGpt 유행인 거 같은데 그거 시험 볼 때 사용해 보시는 거 추천드립니다.,2
비전공자임. 국제학부 학생인데 진짜 조모임 때문에 개빡치는거 말고는 괜찮았음. 에이쁠 받았고 정말 수업도 따라가기 쉬움. 대신 다른 공대 수업을 어느정도 들었을 때 기준임. 성적은 너그럽다고 느낌,2
과제로 나오는게 gan 같은건데 수업을 수강하기 전에는 하나도 몰랐던 개념이라 좋았습니다. 중간고사는 집에서 풀어오는데 교수님께서 올려주신 자료들 보면 풀 수 있습니다. 팀플은 저의 예상보다 점수가 낮게 나왔습니다. 글 쓰기를 열심히 하셔야 될거 같습니다,2
어렸웠지만 오픈톡방에 질문하면 잘 대답해주시고 오류 고쳐가면서 힘들게 완료하니까 확실히 배운 느낌,2
과제는 지피티로 전부 해결 가능 당연히 티 안나게 수정은 좀 필요함. 기말고사는 집어주신 부분만 암기해가면 A+ 최종과제가 살짝 어려운데 수업 열심히 들었으면 무난하게 하고 안들었어도 하루정도 투자하면 충분히 완성 가능.,3
과제가 그리 어렵지 않고 기말시험만 잘 암기해서 보시면 성적 잘 나와요,3
수업 널널하고 편해요. 조별과제도 없습니덩. 다만 출석은 직접 부르셔서 꼭 수업 참석하세요,3
교수님은 성적 너그럽게 주시고 설명 잘하셔서 좋으신데 집중이 잘 안됩니다 수업시간에 자는 사람도 진짜 많이 봤어요 매주 하는 과제는 피피티 보고 따라하면 되는데 마지막 과제가 어려워서 그걸 잘하면 될듯해요,3
시험 쉬움. 매주 나오는 과제는 쉬운데 마지막 과제가 좀 어려움. 1학년 비전공자인데 피피티 보고 따라서했더니 마지막 과제도 다 하고 a+ 넉넉히 받아감,3
배운것도 많고 너무 재밌게 수업했습니다! 과제도 그렇게 많지 않아서 교양으로 할만한 것 같습니다!,3
학점 잘주고 배우는 것도 나름 있는 꿀교양.. 아주아주 라이트하게 머신러닝에 대해 배우기 괜찮다. 이론 수업은 정말 쉽고 실습 쪽이 약간 분량이 있다. (이론은 시험으로 실습은 과제로 평가합니다.) 개인적으로 실습 교수님 설명이 깔끔해서 만족스러웠습니다.  개인차는 있겠지만 워낙 상세하게 설명해줘서 비전공자고 코딩 잘 몰라도 수업 따라가는데 무리없다고 생각합니다.  (과제도 ppt랑 수업 내용에 다 있습니다.),3
오늘 총 성적 나온거 보니깐 개 갈았는데 A+ 나왔음. 비전공자라 과제하는게 조금 힘들었음. 특히 마지막 과제… 확실히 클러스터링 되서 점수 보정이 A+ 만들어준듯  성적이 잘 나올 뿐이지… 밑에 댓글들 처럼 비전공자들도 파이썬 교양만 들으면 할 수 있다 이정도는 아닌듯 교양에서 배운 파이썬 4주차 정도만에 싹다 빼버림…ㅋㅋㅋㅋ 그 다음부터 이론은 몰라도 실습은 따라가기 힘들었음 현실적인 강의평이다. 나는 성적만 잘 받으면 된다& 그냥 배우다가 막히는 거 있어도 넘어가도 된다 하시는 비전공생들은 들으셈 BUT 나는 좀 얻어가는 게 있어야 한다 생각하시는 비전공생들은 STAY……………..,3
과제 두개중에 마지막꺼가 좀 까다로워서 힘들긴했지만 그래도 뭐 전공채워주는 수업치고 이정도면 쉬운것같아요 시험도 공지에 올려주시는 시험대비사항 맞춰서 대비하시면 크게 문제없이 에이쁠 얻어가실수있을것같아요,3
과제 큰 과제가 2개로 줄었는데 수업 대충 다 들었으면 두개 다 몇시간안에 가능. 꼼꼼히 체크 안하고 다 구색만 갖춰도 될 것 같아서 스트레스가 적었음.  시험 전주에 알려주는 시험유형 그대로 나왔음 대충 그 문제들에만 답할 수 있으면 됨  경영전공으로 추천 매주있는 과제도 창컴창프에서 파이썬 배워봤으면 10분컷임,3
나름 괜찮긴했는데 과제가 거의 매주있어서 시험에만 올인하는 스타일이라면 많이 귀찮을수도있음 과제는 뚝딱 되는것도 있는데 가끔씩 좀 어려운 과제도 있어서 성실하게 해야함 시험은 기말에 한번보고 전주에 거의 다 알려주심,3
에쁠 달달하긴 한데 과제도 좀 많긴 해서 고생한만큼 받아가는 느낌?  전체적인 난이도가 엄청 높은건 아닌데 할게 좀 많아서 엄청난 꿀강까지는 아닌듯. 그래도 성적 확실히 넉넉하게 주시는 거 같으니까 열심히 해서 학점 챙기고 싶은 사람이라면 좋은 것 같다.,3
코딩이 처음이라 어려웠는데 실습 교수님께서 친절하게 알려주십니다 매주 출석과 온라인 영상 잘 챙겨보면 돼요,3
걍 줌수업 해주면 좋겠늠...ㄹㅇ 솔직히 집중도 잘 안되고.... 듣는사람 3명은 되려나 .. 난 걍 수업시간에 과제함,3
매주 숙제는 할만해요 다만 과제 두 번째는 좀 심한 거 같은뎅.. ㅠ,3
매주 과제 있는게 귀찮긴 한데 ppt에서 잘 찾아서 풀 수 있는 정도임. 매주 있는 과제 말고도 비중이 큰 과제도 있음.,3
전공심화 인정해주는 과라면 진짜 꿀강이고 교양으로 들어도 괜찮은 과목입니다. 인공지능 역사랑 인공지능 기술을 아주 간단히 알려주는데 나름 재밌습니다 수업 전후로 퀴즈있지만 수업 잘들으면 쉽게 풀 수 있는 수준으로 나옵니다. 시험도 한번인데 8주차에 안보고 몇주뒤에봐서 시험기간 안겹쳐서 좋았습니다. 계속 봤던 퀴즈들 위주로 가볍게 공부하면 시험도 거의 틀릴 일없어요. 시험 잘못본 사람들은 따로 기말고사 한번 더 보게 해줍니다.,4
매주 과제 하는게 좀 귀찮지만 그렇게 어렵지는 않아요 시험이 다른 과목들과 겹치지 않아서 좋아요,4
내용이 매우 쉽고 시험도 큰 어려움 없이 해결할 수 있습니다. 성적 챙기실 거면 들어보시는 것도 좋은 것 같습니다,4
문과인데도 수업 이해 안가는 부분 거의 없었을 만큼 설명 자세하게 해주심. 근데 좀 졸린건 어쩔 수 없었음. 그래도 인공지능에 대해 가볍게 듣기에는 정말 좋음.,4
최고의 수업. 매주 플립러닝 과제가 있어서 귀찮을 수는 있지만 하라는 것만 하면 A+가능합니다. 어렵지 않고 잘 보면 기말고사도 없어요! 추천드립니다,4
출석은 강의 시작 후 30분 뒤에 조교님들이 직접 돌아다니면서 체크하십니다. 강의는 플립러닝 형식으로 매주차마다 짧은 영상 시청과 관련 과제가 있지만 과제는 간단한 객관식 문제나 의견을 묻는 것들로 크게 부담되지 않습니다. 시험은 2회 치는데 첫번째 시험에서 a이상의 성적을 받는다면 두번째 시험은 칠 필요가 없습니다. 첫번째 시험 성적은 개별적으로 공지되며 첫번째는 객관식만 두번째 시험은 어려운 서술형이 나온다고 하셨는데 전 두번째 시험을 보지 않아서 잘 모르겠네요.  교수님은 친절하시고 강의영상도 따로 올려주십니다. 수업에 어느정도 참여한다면 a에서 a+은 간단히 받을 수 있습니다.,4
소프트웨어 영역 못채워서 들었던 수업인데 의외로 배울 점도 많았고 성적도 후하게 주셔서 편했습니다. 이정도면 진짜 꿀강이라고 생각함. 매주 과제 있기는 한데 그냥 간단하게 복습퀴즈+서술형으로 생각적기 정도고 중간고사 잘보면 그대로 에이쁠 주시고 못봐도 기말고사로 만회 가능합니다. 교수님 강의력도 좋고 과제 피드백도 정성스럽게 주셔서 좋았습니다~,4
최고의 소프트웨어 영역 꿀 강의. 중간 잘보면 기말 없습니다,4
수업은 재미없지만 과목 자체는 재밌었음. 개념 확실히 잡고 과제문제랑 연습문제 좀 풀다보면 시험은 잘 볼 수 있을듯. 영전이라 학점 비율이 나쁘지않아서 공부한만큼 학점은 나오는듯.,4
진짜 개꿀수업입니다 소프트웨어영역 이걸로 채우세요  하라는것만 잘 하면 무조건 a+이고 중간고사 잘 보면 기말고사 안봐도 돼서 다른 과목 더 공부할 수 있어요,4
그저 빛 그저 갓 할거만 다 하면 에이쁠 보장 일교시 수업이라도 출석은 점수에 반영안됨 그저 힐링교양,4
성적은 열심히하면 잘 나오지만 할게 진짜 많아요,4
퀴즈 시험 모두 강의 올려주신거 보면서 응시가능 공부할 필요 하나도 없도 시험은 한번 푼 문제는 다시 못풀고 일주일동안 풀 시간 줘서 한문제 풀고 나갔다가 다시 들어와서 응시하는건 가능 시험성적 그냥 출석하고 시험문제 강의보면서 풀기만해도 에이쁠 주심 따로 공부할 필요가 없는 과목 그냥 개념적으로 궁금한 내용이 있을 때 보기 좋고 직접 프로그래밍을 한다더나 통계적 개념을 깊숙하게 다루지 않아서 비전공자도 충분히 들을만함 그냥 개꿀과목,4
1교시가 아니라면 수업은 들었을텐데 맨날 자기만 해서 죄송합니다. 매주 꾸준히 동영상보고 퀴즈 열심히 풀면 중간고사만 보고 에이플.  수업 안 들으러가도 되요. 이번학기 최고의 선택!,4
공부도 대충하고 하라는거만 했는데 에이쁠입니다. 수업이 조금 지루하지만 성적을 매우 잘줍니다. 하라는 거만 하세요. 꼭 점수가 높을 필요도 없어요.,4
진짜 하라는것만 하면 에이플….. 진짜 하라는것도 대충하긴했는데 에이플 떠서 놀랬음,4
수업이 어랴웠어요 저에게는.. 화이팅하세요,5
교수님이 굉장히 착하심 하지만 수업내용은 비전공자가 따라가기 어려우니 잘 생각해보고 들으시길..,5
관심이 있는 분야라면 흥미롭게 들을 수 있지만 관심이 없다면 어려울 수 있습니다. 프로그래밍 과제가 여러번 주어집니다.,5
클라우드 사용법 및 데이터 수집에 대해서 정말 많은걸 배울 수 있었습니다. 하지만 코인과 관련된 경제 용어 익히는 것은 조금 힘들었습니다. 그래도 성적은엄청 후하게 주십니다. 작년 강의평이랑 완전히 다르게 출석과 과제만 대략 노력한 흔적만 보이면 a0 이상은 보장받는 것 같습니다.,5
노베로 따라가기엔 조금 힘든 부분이 있습니다...,5
점수 너무 짬… 친절하게 설명해주시지 않음… 너무 어려움,5
파이썬 조금만 해본 사람이라면 솔직히 과제는 쉽습니다. 근데 수업내용이 극악. 한시간만에 네트워크 이해시키려고 하심. 그리고 점수 진짜 짬.,5
시간이 좀 아까웠습니다.. 정말 할수 있는 것도 없도 무기력하게 수업 들었단 기억이 나네요..,5
수업 내용이 어렵다고 생각해서 비제만 나와도 안고 가겠다 생각했는데 코딩 몰라도 주신 코드 참고해서 과제 해서 냈고 완벽하게 해내진 못했지만 매번 과제 다 냈더니 에이플 받았습니다. 교양 수준으로 하기엔 어려운 내용이긴 하나 교수님이 좋으시고 질문도 잘 받아주시며  수업도 어렵지만 재밌긴 했어요  한 학기 잘 들었습니다,5
알고리즘 트레이딩이 뭔지 감을 잡을 수 있습니다. 이번학기에는 데이터 수집  쪽에 힘을 더 주셔서 데이터 분석 쪽은 많이 다루지 않았습니다. 과제나 프로젝트는 파이썬이나 판다스를 다뤄보지 않으셨다면 낯설게 느껴지실 수는 있기에 어느 정도 수업 외 추가적인 학습은 필요합니다.,5
하 ic-pbl이고 절대평가라 기대했는데..ㅋ 비전공자는 피눈물 흘리고 갑니다 점수 진짜 잘 안주심,5
소프트웨어 교양학점 채우려면 제발 다른거 들으세요.,5
너무너무 어렵고 뭐하는지 모르겠어요... 암호화폐에 대한 교양 수준의 지식을 얻을 수 있을거라 생각했는데 그룹과제+개인과제 죄다 코딩입니다. 뭐하는지도 모르고 그냥 교수님 따라하는데 그것조차 잘 안됩니다 ㅠㅠ,5
교양강의라서 들었다가 수업내용은 전공 수준이라서 미치는줄 알았습니다...,5
프로그래밍 숙련도의 문제가 아닙니다.. 강의 내용과 평가 내용의 연결성이 매우 떨어지고 강의를 듣고 시험 과제를 처리하는게 불가능한 수준입니다. 기본적인 프로그램 세팅에 대한 내용도 딱히 없어서 강의를 듣고 공부하기 보다는 따로 공부하는게 더 효율적인 수준입니다. 평소에 알려주시는 것이 시험에 나오면 공부해서 시험을 보겠으나 전혀 관련없이 프로그래밍을 하라는 식의 시험과제가 나와버립니다. 교양과 전공의 차이가 잘 드러났으면 하는데 전혀 그런 것 없이 수업이 진행되니 열심히 해도 좋은 결과물이 나오지 않아 답답할 뿐입니다. 평소에 쉬운 과제부터 차근차근하여 숙련도를 쌓아가는게 아니라 갑자기 툭  던져주시니 비전공자들이 듣는 교양의 의미가 떨어지는 것 같습니다. 다른 Ai 관련 교양을 듣는데도 이렇게 불친절한 수업은 처음입니다.,5
무슨 생각으로 교양 강의를 만든 건지 모르겠다 비전공 학생들은 하나도 이해 못 함,5
교수님이 딴소리 자주 하시는데 나름 재밌음.껄껄껄티비하고 보게 되네요.,6
잘 가르쳐주시고 재밌어요 좋아요 문과 라고 걱정할 필요없음,6
교수님 딴이야기도 많이하시고 그러시지만 선하신게 너무 좋아요,6
머신러닝에 대한 기본적인 지식들을 학습할수 있어 좋습니다. 내용이 깊지 않아서 초심자에게 추천합니다.,6
교수님 착하시고 너무좋아요!! 수강생들 불만이 왜 많은지 모르겠네요,6
강의 재미있음. 강의 중에 잡담 한다고 싫어하는 사람 있던데 나는 잡담 재밌었음.,6
인지계 필수라서 듣는 거지만 기본 적인 것만 알려주고 시험도 오타가 너무 많네요.. 필수가 아니라면 시간이 조금 아까울 것 같아요,6
문제에 오류가 좀 있긴한데 점수를 엄청 후하게 주십니다. 시험 망한 줄 알았는데 에이쁠 받았어요! 또 수업은 그렇게 내용이 어렵지 않고 잘 설명해주십니다.,6
교수님 재밌으심 근대 계산은 조 어려음 그래도 재밌음,6
굳ㅋ 수업 중 딴 소리 많이 하심! 재밌는 분이신듯,6
교수님이 재미있으시다보니 내용도 유익하고 강의도 즐거웠습니다. 기본적으로 어렵진 않아요. 수강생도 필연적으로 많다보니 성적도 잘 가져갈수 있습니다.,6
문과지만 교수님이 강조하시는거 중심으로 반복적으로 보고 시험치니깐 에이뿔 나왔습니다 학점도 너그럽게 주시는 것 같아요 다들 들으세요~,6
매너 있고 유머 있는 수업을 진행합니다. 어차피 들어야 되는거 치고 나쁘지 않습니다,6
교수님너무웃겨요ㅋㅋㅋㅋㅋㅋㅋㅋㅋㅋㅋㅋ 강의평봐주세요 안나무랄게요,6
교수님이 잘가르치시고 재밌으세요 좋은 강의!!,6
교수님이 친절하시고 수업도 괜찮아요 추천하는 강의입니다!,6
It's an absolute evaluation. It only depends on the test results.,7
정정메일도 무시하고 모든게 필수니까 자기 멋대로 하는 강의 진짜 개별로,7
잘 선택하세요. 이 수업은 절대 평가로 출석 10 과제(매주 총14번 정도) 30 중간 30 기말 30입니다. 시험은 30점 만점으로 하나만 틀려도 취득 점수에 바로 직빵으로 연결됩니다. 중간 기말 합쳐서 시험 두 세개만 틀려도 A+은 물 건너간 거예요. 출석 과제 만점이지만 시험에서 미끄러지면 바로 D F 나옵니다. 기본 점수 그런 거 없습니다. 개인적인 의견이지만 절대평가란 그늘 아래서 모든 걸 합리화하는 느낌입니다.,7
absolute grading. 이 수업을 선택한 것을 후회합니다.,7
