0	20대의논어읽기_서신혜
1	Capturing the Essence of Outliers: Exploring the Minds of Innovative Leaders_Stacey Eujung Choi
2	Globalisation, Ethics and International Development_Michael William Brandon
3	Reading in Science Fiction_Luke Oliver Allum
4	과학클래식:과학과 상상의 인간_우미영
5	과학클래식:과학기술의문화사_김호연
6	과학클래식:과학에게정의를묻다_이채리
7	과학클래식:과학의풍경들_박민아
8	과학클래식:생명과문명의융합적세계관을향하여_정혜경
9	과학클래식:화학의변명_김민경
10	동서양사상을통해본정의_박영미
11	문학과역사적상상력_김치성
12	미디어로세상읽기_이영희
13	분석과비판_민찬홍
14	사마천과의대화_황인건
15	사회클래식BL:사랑의역사와문화정치학_김현주
16	사회클래식BL:성과인간의대화_임은희
17	사회클래식:국가발전의원리_김진수
18	사회클래식:상상의낙원유토피아_서신혜
19	사회클래식:자서전의힘_김현주
20	생명이란무엇인가?정신과물질_채지형
21	수사학으로읽는미디어와대중문화_이동재
22	역사로읽는테크노사이언스_박민아
23	예술클래식BL:신화로읽는동화_강민경
24	예술클래식:도시와문학_우미영
25	예술클래식:일상과예술,그리고상상력_강민경
26	예술클래식:천재와광기_임은희
27	옛소설과현대와의대화_서신혜
28	은유와프레임전략_전지은
29	인간과음악적상상력_정경영
30	인문클래식BL:삼국지와인간_박동욱
31	인문클래식BL:언어의비밀_전은진
32	인문클래식:독서의기술_전은진
33	인문클래식:마음의이해_민찬홍
34	인문클래식:문학으로읽는음식과인간_김지선
35	인문클래식:인간과가족_박동욱
36	자유란무엇인가_박찬운
37	자유란무엇인가_좌세준
38	종의기원과진화_채지형
39	하루키와함께읽는고전_김지선
