매주 한페이지 분량 과제고 중간 기말은 대체과제라 공부할 건 없는 거 같습니다 출석은 항상 호명하세요 줌으로요	0
매주 제출해야하는 과제가 조금 귀찮긴 하지만 하라는것들만 잘 해서 내면 성적 잘 받을 수 있습니다. 매주 다른 분들이 수업을 해주셔서 다양한 이야기를 들을 수 있습니다.	0
과제만 날짜 맞춰서 잘 보내고 시험 열심히 적어내면 무조건 A+ 받습니다 완전 꿀강이에요	0
개꿀강의!!! 매주 강의 듣고 ppt 보고 한 페이지 정도 요약해서 내는 과제 있음 시험도 제출한 과제 보고 복붙하면 됨 제출만 하면 A+	0
매주 내야하는 과제랑 출석만 잘하면 에이쁠 받아갈 수 있는 것 같아요 시험걱정도 없어서 점수 잘 받고싶으시면 추천하는 교양	0
꿀입니다 매주 보고서만 잘 작성하면 됩니다 교양으로 좋았어요	0
다른 수업들은 안하는데 줌인데도 굳이굳이 출결을 한명씩 직접호명해서 해요 왜 하는지를 모르겠어요 그거 말고는 매일 강의요악하는거밖에 없습니다 배우는건 없어요	0
개인적으로 매주 현직에 있는 분들의 특강을 들어서 만족했습니다.	0
나름 재밌는 꿀강이었습니다 과제가 좀 있긴한데 시험은 과제대체로 내용	0
그냥 출석만하고 과제 개대충해도 에쁠나옵니다 ㅋㅋㅋ과제 한번당 5분 걸린듯 시험도 그냥 한척만 하면됨 성적은 그냥 다 에쁠 그러나 배운건 없다	0
뭐했는지는 모르겠다. 네 교수님 한 기억밖엔,,	0
매주 레포트 쓰는게 은근 힘들지만 열심히 하면 성적 잘 주시는거 같아요 만족스러운 강의입니다	0
교수님 진짜 사랑합니다.. 비대면+대체과제2번+시험 없음 시험 대체 과제도 24시간 내에 수업내용 정리만 하면 됩니다. 비대면 줌으로 수업하는데 출결할 때만 비디오 켜고 대답하면 됩니다..! 이 과목 첫 주차 오티부터 과제 내줘서 탈주자가 좀 있었던 걸로 기억하는데 사실 그건 페이크 이번 학기 들었던 과목 중에 가장 힐링과목이었습니다:) 중간중간에 조금 수준 떨어지는 강연들이 있고 같은 내용이 반복되는 경향이 있으나 저는 재밌게 들었습니다..! 교수님도 날먹 학생들도 날먹 강의지만 모두가 행복하니 그걸로 된 것 같습니다! 행복합니당 하하핳	0
진짜 편하게 에쁠 가져갑니다… 평가기준이 애매할 것 같아 걱정했지만 거의 다 잘 주시는 듯 하네요	0
개꿀강.. 대체과제에 A쁠 퍼주심 매주 보고서도 써야하지만 30분도 안 걸려요	0
내년엔 어떨지 모르겠는데 올해는 에이쁠 폭격하시는 것 같네요. 그냥 한 주 강의 듣고 요약문 대충 쓰기만 하면 되고 중간기말도 대체로, 하루동안 7주차 상당의 내용 중 질문에 해당하는 부분을 요약정리하면 됩니다. 학점이 어떻게 나올지 조금 걱정한 부분도 있는데 에이쁠 잘 받아갑니다. 강의내용 주제가 겹치긴 하지만 유심히 들으면 도움되는 부분도 많고 4차 산업혁명과 여러 신업분야를 엮어서 설명해주시기 때문에 지식쌓기 좋은 교양다운 교양입니다.	0
밑에 쓰신분들이 A+폭격이라고 표현하셨는데 정말 맞아요! 진짜 A+받기 쉬운 수업입니다. 매주 줌으로 수업을 진행했고,캠은 꺼둬도 괜찮았습니다.수업 내용 A4용지 한페이지 12pt글자크기로 요약하는 과제가 있었는데, 조금 귀찮을 수 있지만 제한시간 24시간에 오픈북 형식으로 진행되는 시험에 그대로 복붙하면 되기때문에 미리 잘 해놓으면 좋아요! 대부분의 강연자분들께서 ppt를 제공해주시지만 간혹가다가 제공해주시지 않는 분들이 있고, 이런 분께서 강연한 주에 제대로 안들으면 요약과제할때 고생 많이 할 수 있습니다. 하지만 ppt제공이 안해주시는 분 범위는 시험문제내는 교수님도 내용을 몰라서 시험에 안나오는 것 같더군요. 간혹가다가 자기 회사 홍보하러 나오셨나 싶은 분도 있었지만 대부분 강연자들께서 좋은 수업 해주셨습니다.	0
A+ 폭격하시는 중 다들 빠르게 진입하세요. 수업 자체에서도 간간히 얻어갈 수 있었던 내용들이 있어서 수강하길 잘했다고 생각했습니다🤤 비대면 효과 톡톡 누리는 과목인듯 !	0
역대급 날먹과목 A+ 폭격과목 개꿀임 진작에할껄 ㅠ	0
개꿀강의.... 오프라인 되기전에 모두 들으세요 ㄹㅇ 개꿀	0
시험 때 잘 못 봐도 수업시간에 질문 많이하시면 에쁠 받으실수잇어용	1
학점미화 제대로인 강의 교수님은 굉장히 귀여우시고 학생들을 좋아하셔요. 하지만 강의는 개인적으로 문과인 저는 이해하기 힘들었어요. 피피티에 설명이 되어있는 것도 아니고 교수님 설명으로 진행되기 때문에.. 전 그냥  편하게 앉아있다가 왔어요 특강 자주 오시는데 질문해야 가점 주시니 꼭 챙기세요! 팀플 한번, 과제 레포트 한번인데 금방 하고 시험은 구글링으로 준비해서 암기해갔는데 점수 생각보다 잘 주셔서 감사했어용	1
강의력은 별로이나 과제와 질문가점을 성실히 받고, 기말고사를 구글링을 통해 준비한다면 무난히 에쁠 가능	1
교수님은 좋으신데 강의력은 별로 팀플 과제 (단독 희망 시 단독 진행 가능) 1개 레포트 2개 (기말대체) 중간고사 출결 중요 2학점짜리 교양인데 완전 꿀강까진 아닌거 같음	1
핵심 기술 배워보고 싶어서 들었는데 교수님 강의보단 시험 공부하면서 더 알게된 것 같아요 절대평가라서 성적 받긴 괜찮아요 질문 가산점받아서 안정적이게 a+받으세요 과제는 총 두 번 시험은 한 번 칩니다	1
사실 교수님 강의 듣는 것보다 초청강의 듣는 게 더 재밌었습니다 시험 같은 경우에는 미리 문제 주시는데 답안 작성해서 외워서 그대로 쓰면 됩니다 그리고 특강 할 때 질문하면 가점 얻을 수 있는데 질문 좀 해서 가점 얻어두면 나중에 시험 볼 때 부담감 덜합니다	1
일단 교수님이 너무 좋으시고 학생들 배려 잘 해주심.. 이 강의 자체가 외부에서 특강자 오시는 형태여서 솔직히 본인이 4차 산업기술과 관련해서 관심이 많고 또 특히 스타트업을 생각하고 있다면 오시는 분들 개인적으로 더 연락드려서 질문이나 조언도 많이 할 수 있어서 아주 유익할 듯  난 그런 거에 관심은 없었지만 기술의 원리에 대해서 대략적으로 알아가서 좋았음 물론 교수님 강의력이 좋으신 건 아니지만, 어쨌든 시험 공부할 때 답안 찾아놓는 과정에서 기술원리를 어느정도 이해하고 조사해야하기 때문에 자연스럽게 알게 됨 거창하고 너무 어려운 기술얘기는 아니니까 엄청 걱정 안 해도 되고, 수업 자체가 뭘 많이 시키지도 않아서 부담은 안 됨 다만 출석점수가 크니까 출석을 열심히 하세요  점수도 잘 주고 관련 분야에 관심 있다면 이미 아는 내용이겠지만 스타트업 실무 조언 필요하다면 구할 수 있어서 좋음 그게 아니어도 그냥 교양으로 가볍게 듣기 좋다	1
기말시험 한 번, 레포트 2번  강의력은 솔직히 그렇게 좋지 않습니다 중간고사 이후 외부조청강사들을 부르시는데 출튀하는 분들이 많습니다. 그치만 학생들 배려해주시고 기말기출문제도 미리 업로드해주셔서 조아요	1
과제 2번 있었고 시험 1번 쳐요 교수님이 수업을 좀 못하다는 것 빼곤 꿀강인듯	1
성적 최대한 주시려고 노력하시고 특강도 중간중간 재밌었어요	1
외부인사 초청해서 강의 해주시고 다양한 분들 만나서 좋은 듯 시험은 외운거 쓰고 좀 세세하게 써야함	1
숨은 꿀강 시키는 것만 하면 에쁠 아 근데 출석은 무조건 해야 됨 빠지면 이유불문 2점 감점이라 출결만 신경 쓰면 에쁠 나옴 기말도 문제 다 찝어주시고 과제도 기한만 지키면 거의 만점 주시는 거 같고 강연 들을 때 질문 좀 하면 쉽게 에쁠 받아가는 꿀강	1
이번에 에이쁠 받은 사람인데 진짜 받기 쉽습니다.. 사실 문과여서 걱정도 많이 했는데 교수님 강의력은 그렇게 좋지 않지만 피피티 만드는 과제 하나, 중간고사는 늦게 치고 기말은 레포트 대체인데.. 중간고사는 예상 문제 내주시고 서술형인데 그냥 구글링해서 그거 외우면 돼요! 기말 레포트도 초청 강의 소감 쓰는 건데 자료보고 구글링도 하면서 쓰면 되고.. 중간고사 시험 때 대부분 학생들이 제대로 안쓰고 나가더라고요.. 시험 때만 빡세게 외우면 무조건 에이쁠이에요	1
좋은 강의인가? 라고 물으면 그렇다고 못하겠음.. 체계도 안 잡혀있고 나한테는 그냥 딴짓하면서 시간 때우는 강의 시간이었다 절대평가니까 성적은 무난무난하게 받아갈 수 있어요	1
기말과제를 준비하다가 현타가 와서 작성합니다. 일단 교수님 강의력은 다른 강의평과 같이 많이 아쉽습니다. 교수님께서 설명하실 때 주술관계가 불분명할 때가 많고 말 끝을 많이 흐리셔서 수업을 굉장히 주의깊게 듣지 않으면 이해하기 어렵습니다. 그나마 다행인 점은 교수님이 강의하시는 내용은 인터넷에 찾아보면 설명이 잘 되어있는 글들이 많다는 점입니다. 교수님께서 중간고사 2-3주전 쯤 예상 문제를 알려주시면 각자. 알아서. 인터넷으로 공부하시면 중간고사 준비에 큰 문제는 없을 것이라고 생각합니다.(시간은 조금 걸림) 문제는 기말 과제입니다. 이번 기말 과제가 외부 초청 연사 특강 내용을 정리하고 이를 이용하여 나의 진로 계획을 작성하는 것입니다. 그런데 외부 초청 연사의 특강에서는 어떤 기술이나 서비스의 이론적인 내용보다 연사 자신의 사업에 대한 설명이 주를 이루는 경우가 많았습니다. 이러한 내용을 바탕으로 특강 내용 요약과 나의 진로 계획을 작성하려니 어떻게 작성해야할지 막막합니다. 저는 교수님께서 특강 내용을 잘 숙지하지 않고 계신 점이 이러한 문제의 원인이라고 생각합니다. 외부 연사 초청 시 교수님께서는 외부 스케줄로 인해 강의실에 계시지 않아 어떤 주제로 특강이 진행되는지 모르시는 것 같습니다.  요약하자면 개인적으로 이 강의는 비추드립니다. 사람마다 차이는 있겠지만 개인적으로는 시험 기간에 시간 할애를 많이 해야하지만 그만큼 얻어가는 것은 없는 것 같습니다.  P.S 상대평가가 아닌 절대평가로 성적을 산출합니다.(저는 정말 이해가 안됨.) 기본적으로 시험 만점에 레포트 만점 받고 결석 없이 출석 점수까지 만점이어도 A0입니다. 이 점수 다 받은 상태(만점)에서 외부 초청 강연에서 질문 2-3개 해야 A+ 받을 수 있습니다.	1
특강때문에 중간고사를 미룬 날짜가 11월 17일이었습니다. 그러다 갑자기 일부 학생들의 일정이 불가능하다며 12월 1일로 막무가내로 또 미루셨습니다. 이게 중간고사가 맞는건가 싶네요. 기말에 레포트도 2개씩이나 써야 하는데 다른 학생들의 편의는 생각 안하시는것 같습니다. 또 교수님 성향 자체는 착하신 분 같지만 강의럭은 매우 안 좋습니다. 수업 시간에 이무리 집중하려해도 말을 흐리시는 경우가 많아 잘 들리지 않습니다.	1
팀플이 없어서 좋았습니다. 교수님이 매우 착하시고 학생들을 좋아하시는데 다만 강의력이 좋으신진 모르겠고 말씀이 잘 안들립니다 ㅠㅠ 중간고사 전까진 교수님께서 강의하시고, 중간부터 기말 사이에는 외부 연사를 초청하여 옴니버스식으로 진행됩니다. 중간고사는 모두 서술형이고 문제를 미리 몇개를 알려주시고 그 중 몇개만 나오는 식으로 출제됩니다. 다만 문제의 답을 구체적으로 쓰기를 원하시는 것 같습니다. 그냥 대충 두루뭉술하게 답쓰면 많이 감점됩니다 ㅠㅠ 기말고사는 리포트 작성인데 외부 연사가 강의한 주제 중 2개를 선정하여 2편을 각각 4장씩 작성하게 하십니다. 보통 이건 다 만점을 주시는 것 같아요. 외부 연사 강연 때 질문을 되도록 많이 하셔야 그 개수만큼 가산점을 얻을 수 있습니다. 중간고사 때 깐깐히 채점하시니 이 때 질문을 많이 해야 에쁠 맞으실 수 있을거에요. 특히 AI 선형 회귀 분석은 잘 들어놓으세요. 과제 한번 있는데 그 회귀분석 원리에 대해 리포트 2장 쓰는 것이 있었습니다. 문과생이라 리포트 쓰는 것은 물론 수업 내용을 이해하기 좀 벅찬 감이 있는데 질문 가산점으로 95 넘겨서 에쁠 맞았습니다. 확실히 교수님이 친절하시고 배려 많이 해주셔서 완전 꿀은 아니지만 편한 교양이었습니다.	1
성적은 되게 잘 주세요! 교수님 강의는 이해가 잘 안되지만, 중간고사 예상문제도 알려주시고 기말은 보고서 쓰는 거라서 부담없이 성적 잘 받을 수 있는 강의입니다	1
내용 자체는 그렇게 어렵진 않은데 교수님의 강의력 특히 말솜씨가 좋지 못합니다. 시험은 중간만 봤고 기말은 외부 초청강사의 강의 중 2개에 대한 레포트를 쓰는 것으로 대신했습니다. 점수는 잘 주시는 것 같습니다.	1
성적 진짜 잘 주시는 것 같아요... 출결은 두번 결석에 중간고사도 그럭저럭 본 수준인데(1번에 딸린 세부문제 3개 아예 못적고 뒤에 서술형은 나름 채움) 에이쁠 나왔네요.. 교수님은 정말 착하시고 귀여우신 분 같아요. 피드백 잘해주시고 질문하는거 굉장히 좋아하십니다. 중간과제 하나 있는데 자료조사해서 올리는거고 분량도 두페이지로 정해주셔서 하나도 부담 안되는 과제였어요. 중간고사 예상 문제를 주시긴 하는데 좀 많이 내주셔서 이럴꺼면 왜...? 하는 생각도 들지만 미리 문제를 안주시면 시험 날 백지 냈을 것 같긴해요. 그리고 기말 없이 레포트 대체인게 정말 꿀입니다.	1
최고입니다 무조건 들으세요 그냥 출석만 하면 되는 수준입니다	2
중간 기말 대체 레포트만 제출하면 됩니다. 수업도 듣고 싶은 것만 들어도 돼요.	2
들으면서 배울점도 많고 편하게 들을 수 있었음 꿀교양	2
배울점 많았어요 두번 결석까지 괜찮아요 레포트도 부담 전혀 없습니다 추천드려요	2
강의 매번 새로운 내용입니다. 보통 1시간 40분 정도 진행하시고 생각보다 재미는 없습니다.. 매주 퀴즈가 있고 퀴즈만 잘보면 시험 잘 볼 수 있습니다.	2
개꿀 무조건 들으세요 진짜 개꿀개꿀 꿀이 떨어진다	2
고학년 학점 남을때 등록금 뽕뽑기용 강의 중간기말 전부 챗gpt 돌리고 출튀 몇번하면 2학점 가능	2
꿀교양입니다~ 2학점 부담 덜어내기 딱 좋네요	2
꿀교양 중 하나 인 것 같습니다! 추천드립니다!	2
몇번안가도됩니다. 시험없고 그냥 가서 듣기만 하고 레포트 한두개만 제출하면되어서 편했습니다.	2
과제도 없고 시험도 레포트 대체여서 편하게 들을 수 있는 수업입니다.	2
출석은 전자출결로 하지만 가끔 직접호명도 하십니다. 시험없고 레포트 제출만 하면 되니 3,4학년분들은 꼭 잡으세요	2
꿀교양입니다 많이 들으세요!!! 시험 없고 중간 1장 기말 2장 레포트가 끝입니다	2
강연듣는게 너무 좋았습니다 배울점도 너무 많고 부담 하나도 없어서 좋았습니다	2
개꿀띠ㄹㅇ그냥 중간기망 한번씩만 레포트쓰고 딴짓해도 됨 급하면 출튀도 가능함 그냥 학점채우기 피에프	2
꿀강입니다.. 다만 조금 졸릴 수 있어요. 그래도 과제 제출과 출석만 잘하면 점수는 잘 받을 수 있습니다	2
숨겨진 꿀강...중간기말 각각 2페이지 분량 레포트랑 출석만 신경 쓰시면 P 가져가실 수 있어요! 출석은 수업 시작할 때 조교님이 직접 호명하셔요~	2
강의 중에 한 개 골라서 중간 레포트 한 번 기말 레포트 한 번만 쓰면 됨	2
꿀중에 꿀. 결석 3번까지 가능. 출튀 달달하다	2
개꿀강 근데 어차피 2번인가 3번까지 결석 봐주시는데도 출튀하는 양심없는 놈들 보면 개패고싶긴함	2
이 분야에 관심이 있다면 얻어가시는 게 정말 많을 것 같은 수업입니다! 배려 정말 많이 해주시고, 성적도 너그럽게 주십니다... 시험도 단답형 / 서술형으로 나오는데 PPT 한두번만 읽으면 쉽게 푸실 수 있음.	3
교수님 넘 좋아요 성적두 잘주심 세시간 좀 힘들었긴 한데 교수님 좋아서 괜찮음	3
정말 교양수업으로 알맞은 강의라고 생각합니다. 같은 말씀을 반복적으로 하시긴하시는데 이번 강의가 처음이라 겪는 시행착오라 생각이 됩니다. 내용적으로는 일반 교양에서 들을 수 없는 신선하고 현직자의 얘기를 들을 수 있어서 좋았습니다. 이번이 첫 강의라 성적을 잘 주신것 같아요.	3
한양대 최고의 유명인사 그는 정말 엄청나다 시험도 공부하면 너무 쉽다 진짜 학점 너무 잘 주신다 감사하다 정말	3
Ot는 되게 거창했는데 막상 수업은 알맹이가 많이 없고 교수님이 첫 강의셔서 우왕좌왕해서 하기로 했던 것들을 겉핥기만 하고 끝내 아쉬웠어요. gtp 사용이나 토론 이런거 전혀 안하시고 그냥 대충 간단한 아이디어 발표가 다였어서 시간이 지날수록 좀 뭘 배우는지 애매해진 것 같아요. 미래를 예측하는 법도 너무 간단하게만 익히고, 미래기술도 너무 간단하게 익혀서 수업이 끝난 후에 얻은게 명확하게 떠오르지 않아서 아쉬웠어요..   다만 교수님은 너무너무 좋은 분이시고, 학생들을 매우 아껴주십니다. 그리고 점수도 잘 주십니다. 만약 욕심이 있는 학생이라면 비추, 그냥 꿀교양 찾으시는 학생이면 추천드려요.	3
교수님이 첫 수업이라서 부자연스러운 부분이 있긴있었으나 크게 불편하지 않았고 원래 관심있었던 내용의 수업이라서 듣기 편했습니다. 시험도 1번만 보기때문에 만족했습니다.	3
뭔가 깊게 배우고싶다면 비추지만 좋은 학점과 넓고 얕은 지식을 갖고싶다면 이게 최고같음	3
이때까지 들은 교양중에 제일 편하게 들었던 수업.. 참여점수에도 별로 차등을 두지 않으시고 기말만 잘보면 좋은 성적 받을 수 있는 것 같습니다. 그렇다고 기말도 어렵지 않고 수업시간에 늘 반복하시던 핵심 내용 위주로 문제 내시기 때문에 전혀 부답스럽지 않아요 교수님도 처음 대학 수업하셔서 그런지 수업체계를 찾기 어려웠지만,, 미래기술에 대한 지식을 쉽게 얻어갈 수 있고 성적도 잘 주시니 추천할만한 수업인 것 같습니다	3
이번 학기가 첫 수업이었어서 교수님께서도 시행착오를 많이 겪었고, 차후 수업이 어떻게 변할지는 모르겠지만, 이번 학기 기준으로는 큰 부담없는 교양다운 수업이었습니다. 수업시간 자기 의견 말하는 자잘한 발표빼고는 크게 조별로 미래 시나리오 작성하는 활동이랑 미래 인물 페르소나 완성하는 활동 2가지를 수업시간에 했고, 시험은 기말 한 번 보는데 수업 듣고 자료 위주로 공부하면 됩니다. 성적은 잘 주시는 것 같습니다. 교수님이 말이 많아서 딴 길로 새거나 수업시간을 꽉 채우긴 하지만 내용은 재밌고 의미있었다고 생각합니다.	3
교양다운 수업이었고 교수님이 정말 좋으십니다..  3시간 모두 풀강하는 거만 빼면  사실 시험 본다길래 공부를 어떻게 해야할지 감이 안왔는데 이론 위주로 보면 충분합니다 ㅜㅜ	3
배울게 굉장히 많은 강의입니다, 절평이라 점수도 잘주셔요! 강의 초반에는 어떻게 들어야할지 감이 안잡히실수도있는데 듣다보면 감이 잡힙니다. 과제는 거의 없어서 부담이 적으나, 수업을 시간 꽉채워서 하십니다. 그래도 쓸데없는 내용으로 채우시는게 아니고 중요한 내용으로 시간 꽉 채우셔서 얻어가는게 많아요!  추추추천입니다. 최고라고 생각해요	3
교수님 정말 좋으세요:) 매주 새로운 인사이트를 얻고 갑니다. 중간은 없어요!	3
나름나름 재밌을거 같음  아마 첫수업이라 같이 배워나가는게 있는데 이게 또 재밌네  성적만 잘주면 좋을거같다...	3
좋은 수업이다. 시험 없고 과제 별로 있다. 교수님도 멋있다고 생각합니다	4
The worst of the worst classes. The worst professor award goes to this professor. If you’re an attentive student that wanna learn something from class, DONT TAKE THIS CLASS. The professor gaslights you by his sophistry. He blames students for every possible problem in his class. This professor should not be a teacher. He doesn’t deserve to be a lecturer at all. He also has favorite students and he becomes too harsh if he doesn’t like the student. He is the trouble. Prof. Kim is 너무 별로에요.	4
This course is not what I expected at all, I can’t even tell you what I learned by the end of a class.	4
it's definitely a breather course and a nice rest from other hectic courses. As it is a general education course, I wouldn't advise you to expect a lot from the lecture content. It is mostly the students giving their opinions on a matter. So if you are looking for something outside of that you should take another course.	4
학기시작부터 종강까지 뭘 배웠는지도 모르겠다 나 이 수업 진짜 싫어해..그냥 듣지마..스트레스만 받을거야	4
최악. 시험도 없고 과제도 많지 않은데 정말 배운거 하나도 없음. 교수님이 맨날 “what should we do today”하고 수업 계획 하나도 없는거 너무 티 남. 학생들도 참여 안하고 스트레스만 받는 수업임. 심리 건강 지키고싶으면 절대로 듣지마셈.	4
The content of the class is strange and boring but anyway as long as your attendance is maintained and all assignments are submitted you can get an A+ easily haha	4
그냥 일단 헛소리라도 좋으니 말을 하기만 해도 성적은 크게 문제 없을 것 같습니다 시험 없고 출석 40%라 안 빠지고 몇 마디하고 나머지는 악으로 깡으로 버티면 a+ 무난히 나옴	4
두시간 정말 힘겹게 지나가지만 성정은 잘 챙겨주십니다. Public speaking에 대한 부담을 느끼시는 분들은 한번 더 고민해보고 듣는걸 추천합니다. 조모임 많습니다.	4
This class is just gonna waste your evening. Just don’t sign up for it.	4
교수님 정말 대단하신 분…! 수업 초반에는 배우는 것도 딱히 없는거 같아서 불만이 많았지만 나름 얻어가는 교훈? 같은게 생긴 것 같은 특이한 수업이었습니다. 발표를 적극적으로 해야 교수님이 알아보시고 점수를 잘 주시는 것 같으니 영어가 편하신 분들께는 추천해드리고 싶네요	4
시험이 없어서 좋아서 들었는데 진짜 교수님이 이상하심. 수업 방식이 너무 이상하고 그냥 이상한 수업임	4
교수님이 대단한 분이세요... 학점도 잘 주고 수업도 너무 조아용	4
수업참여도가 높으면 학점은 잘 나와요.  얻어가는 것도 있었지만 강추하진 않아요.	4
토론식 수업이라서 토론을 할 준비 자세가 안되어있으면 학점을 잘 못 받는다. 개인적인 의견과 학생들의 지도로 진행하는 수업이라서 솔직히 우리가 많이 알던 수업과 많이 다르다. 인생에 도움이 되는 수업이라고 생각은 한다. 그리고 교수님 스펙도 너무 너무 너무 높아서 깜짝 놀랐다. 아니 한국 Goldman Sachs에 파트너였고 현재 중견기업 대표인데 솔직히 그것 만으로 들을 가치가 있다고 생각한다.	4
처음에는 진짜 무슨 수업인지 감이 안와서 많이 헷갈리고 힘들었지만 점점 익숙해지면서 현실적으로 배울 수 있는 게 많아 좋았습니다! 특히 교수님께서 해주시는 말들이 다 너무 좋은 얘기였어요 명대사 처럼 인생에 좋은 말들 많이 해주셨습니다👍 저는 참여를 엄청 많이는 못했지만 그래도 교수님이 하시는 얘기 그리고 다른 학생이 하는 얘기 집중해서 잘 듣고 팀플도 열심히 참여했더니 성적 잘나왔습니다! 전체적으로 인생에 도움이 많이 되는 수업이었고 생각했던 것 보다 매우 좋았습니다! 교수님 진짜 너무 좋으세요 ㅠㅜ	4
새로 배우는 건 없고 끊임없이 본인 객관화 하게 되는 시간..? 열심히 참여하면 점수는 잘 주는 것 같습니다 발표 많이 하세요	4
듣지마 그냥 듣지말라면 듣지마 묻지도 말고 따지지도 말고 그냥 하지마	4
1주일마다 과제를 주시는데 성실하게 해오면 A는 받습니다. 하지만 강의의 질은 낮았습니다..	4
노답노답노답노답 하지마셈 팀플 많고 교수 쓸데없는걸로 꼬투리잡아서 계속 얘기	4
B0받은건 진짜 순수 본인 실력임 ㅋㅋㅋㅋ 배우는 게 많지는 않으나,  기본적인 개념등을 알 수 있고 결국 시험이 비중 젤 커서, 수업시간 잘 참여하고 시험 잘 치고 팀플 평타만 쳐도 무조건 에이쁠임  배태준 교수님 성적 잘 주심 ㅇㅇ	5
수업 시간때 배우는거 하나도 없고 그냥 금공강하는개 낳음. 그래도 꽤 열심히 했다고 생각하는데 b0가 말이 되나. 교수님이 너무 자기 중심이시고 진짜 이 수업 들은거 만큼 후회되는개 없네… 진짜 듣지 말아요….	5
Don’t EVERRR TAKE THIS COURSE!!!!   The professor doesn’t understand anything students say!  Horrible grading!  Too much work!  He has a horrible attitude!  The curriculum is not clear and he does not give clear instructions!  He feels superior to the students and puts them down!  Literally, i watch two people cry because of this class!   Don’t everrr take this!  The professor is very irresponsible and bad	5
우선 한학기 내내 너무 힘들었습니다. 전부 영어로 진행되다보니 생소한 창업용어 및 비즈니스 아이디어를 즉석에서 영어로 답변하는 것들이 어려웠습니다. 시험은 피피티만 봐도 충분하고 시험전 교수님이 예시문제 보여주시는데 그것만 봐도 충분합니다!	5
기업가 마인드셋과 창업에 필요한 각종 이론들을 알려주는 강의로써, 강의를 다 들으면 창업 프로세스의 큰 숲을 그릴 수 있다고 생각한다. 기업가가 되기 위한 내적 자질과 외적 환경에 대해 논의 하는 것 부터 시작해서 비즈니스 아이디어, 비즈니스 모델, 마케팅 전략, 마지막에는 재정 계획까지 광범위하게 다루어 주신다.  수업을 듣다 보면 테크노 경영 수업에서 다룬 내용들도 많이 나온다.(SCAMPER, 전략 캠버스 등) 하지만 내 생각에 이 강의의 가장 큰 장점이자, 창업에 관심있는 사람들에게 추천하는 이유는 교수님이 종종 학생들에게 기업가로서 생각 해볼만한 질문을 던지고 그에 대해 생각해볼 수 있는 기회를 제공하기 때문이다. (예를 들어, 에어비엔비와 Dropbox의 차별화 전략이 무엇이였을지, 자율주행 시대가 오면 어떤 사업 아이템이 생겨날 것인지, 투자자들에게 자신의 사업을 설명하는 기업가의 영상을 보여주고 이 사람이 투자유치에 성공했는지 실패했는지? 등등) 실제로 많은 학생들이 자신들의 생각을 음성으로나 줌 채팅으로 활발히 표현 해주셔서 좋았다.  하지만 3시간 동안 영어로 진행되는 수업을 듣는 건 힘들다. 필자는 수업 들으면서 메모장에 필기를 했고 시험보기 하루 전에 싹 정리하고 시험에 들어갔더니 1~2 문제 빼곤 다 풀었고 A0 나왔다. 팀 발표는 다른 팀들에 비해 못했는데 시험 점수가 중요한 것 같긴 하다. 수업을 열심히 들으면 시험 준비엔 많은 시간 투자가 필요하지 않다고 생각한다. 물론 교수님이 시험 전에 실강 녹화한걸 LMS에 올려주셔서 녹화 영상보며 내용 정리했었어도 시험 공부가 오래 걸리진 않았을 것 같다. (참고로 다음에는 녹화영상 안올려 주실 수도 있다)  그리고 교수님의 콩글리쉬 발음이 인상적이였다. 유노 와나민~? (you know what i mean?) 캔뉴 이매애진? (can you imagine?) 터어어어언스~ 오브 (tons of) 발음은 콩글리쉬지만 쉬운 단어들을 사용해서 강의하시기에, 집중하면 웬만해선 알아들을 수 있다고 생각한다.	5
솔직히 수업자체는 재밌어요! 학점이 아쉽지만 ㅠㅠㅠ	5
함국어 설명 없었습니다. 옛날과 다르게 계획하신 듯합니다.  중간고사 끝난 이후 자신은 영어강의 학점엔 관대하다면서 “everyone can get A+”라 하시며 격려하렸는데 아닌가 봅니다 어떻게 디제로를 던지셨지..?   아무튼 Most important하다 하신 시험으로 사실상 학점이 결정되고, very important하다 하신 조별과제(시험보다 훨씬 할 거 많고 머리아픔)는 말미에 조별로 slightly different한 점수를 주신다 말씀하셨어요.   그러니 그냥 시험만 잘 보면 될 듯. (교수님의 실제 표현을 가져와 적었습니다)  강의진행이 느려서 오히려 집중력을 잃기 쉽습니다. 3시간 꽈꽉 채워진 강의 녹화본 처음부터 돌려보면서 시험공부 하는데 따분해서 혼났습니다. 사용하시는 피피티 안 올려주십니다. 무조건 3시간 봐야해요. Zoom으로 녹화한 거라 페이지 책갈피도 없어요.	5
ㅋㅋㅋㅋㅋㅋㅋㅋㅋㅋㅋㅋㅋㅋㅋㅋ 예전에 뜬 강의평가만 보고 수강 시작했는데 최악의 강의였어요. 우선 지난 강의평가 잘못된 점 말해보자면 1. 100% 영어입니다^^ 교수님이 한국어 하는거는 교수님이 학생 이름 물어볼때 빼곤 들은 적이 없어요 ~  그냥 이 교수님은 시험 잘 보면 성적 잘줘요!! 캠은 키라고 하는데 끄면 마이너스 준다고 하는데 그런거 없는듯^^ 팀플 잘하고 출석 좋고 캠도 켜고 과제도 냈는데 영어 못해서 시험 망쳤더니 D0 주셨어요 ㅋㅋㅋㅋㅋㅋㅋㅋㅋㅋㅋㅋㅋㅋㅋㅋ 물론 시험은 쉬운 거 같아요!! 제가 영어를 못해서 못봤어요 교수님께 영어를 못해서 시험은 못봤지만 다른 걸로 노력했다고 성적이의했는데 바로 보시고 답장도 없었습니다 ㅋㅋㅋㅋㅋㅋㅋㅋㅋㅋㅋㅋㅋㅋㅋㅋ 뭐 기말 30 중간 30이라 그렇게 주실 수도 있다곤 생각하는데 캠을 끄면 마이너스 줄거다. 시험 못봐도 포기하지 말아라 이렇게 말하셔서 끝까지 열심히 했는데 이 점수받고 못하는 영어로 스트레스 받으면서 열심히 한것을 생각하면 억울하네요 그냥 영어 잘하는 사람이 들으세요. 교수님이 수업 때 굉장히 많이 질문하시는데 그것도 스트레스, 팀플도 스트레스.  진짜 졸업하려고 영어학점 채운다는 생각을 하고 듣는거면 후회합니다 벗어나세요	5
영어 강의여서 걱정했는데 생각보다 편하고 쉬운 수업이였어요!  영어로 된 내용은 한국어로 풀어서 말해주십니다. 시험은 피피티 내용 그대로 나오니까 정리해서 외우시면 편해요!	5
영어 강의임에도 교수님이 친절하게 한국어로 끝나고 정리 요약해주고, 시험 볼 때도 해석 어려운 영어 질문 있으면 최대한 풀어서 영어로 설명해주심. 시험은 꽤나 쉬운 편. 나올거 같은 부분들만 나옴. 절대 꼬아서 내지 않음. 굉장히 좋음. 무난히 A+	5
교안 없고 직접 내가 만들어야됨. 시험은 서술형 빼고는 나쁘지 않음. 근데 진짜 서술형 점수 배점이랑 시간 압박 너무 심했음. 레포트 하나 있고 그냥 댓글 여러번 달면 끝	6
시험은 족보 구해서 공부하면 괜찮았고, 기말 대체 과제로 레포트 하나 써야 하는데 그렇게 부담되지도 않음 경영학 입뭄용으로 좋은 수업	6
분량이 정말정말 많아요.. 저는 직접 타이핑해서 교안 만들었는데 정말 울고싶었어요 꼭 들으시려면 친구랑 들으세요	6
시험 제일 일찍보고 성적 제일 늦게 나옴 중간 성적 안 알려줌 문제 엄청 많음 뒷부분은 서술형인데 배점 오바임	6
에타 검색창에 기경비 검색해보세요 ㅋㅋ 사랑의 실천급 폐급 과목 ㅇㅇ	6
과가 경영이라 전공이랑 겹치는 내용 좀 있어서 그나마 괜찮았는데 매주 수업 분량 엄청 많아서 따라가기도 힘듦 시험 두번 보는데 문제도 지엽적이고 근데 과제도 있음.. 싸강의 이점이 하나도 없습니다	6
공부량 진짜 겁나 많고 출석도 빡세고 토론도 개많고 그냥 전공 수준 ? 도움도 안되는 이 싸강 다들 선택하지 마세요	6
Ppt는 따로 안주고 공부량은 많고 성가신 부분들이좀 있네요.	6
수업과 중간기말고사 외에 토론과 과제가 너무 많음	6
매주 토론 작성은 약 300자 정도로 lms에 올리면 됨. 사실상 참여에 의의를 두고 한두줄만 작성해도 무관해보임. 마감기한을 두지 않아 몰아서 해도 되지만 은근 부담스러움. 이와 별개로 토론2개, 과제1개가 주어지고 중간 기말 둘 다 봄. 과제는 보고서 형식으로 작성할 뿐 토론과 똑같음. 문제는 시험인데, 분량이 많아서 학기 중에 따라가기 어려움. 타이핑된 교안을 구하길 추천함. 교안 없으면 절대 비추!	6
시험 시간 너무 타이트해요 공부 안한 내 잘못이긴 하지만 성적은 어떻게 나올지 모르겠습니다 계절학기에는 과제1 매일 토론(성적 반영되는지 모르겠음) 매일 퀴즈(성적반영X) 시험 1	6
보고 공부할 수 있는 ppt나 pdf파일이 없어서 알아서 강의 보고 자료 만들어서 공부해야 함. 공부해야 할 양이 교양의 범위를 넘어섬. 매주 토론 참석해야 하고 과제로 또 토론 2번, 보고서 1번 제출해야 해서 매우 귀찮음. 시험 또한 상당히 지엽적으로 나와서 난이도 또한 높음. 하지만 너도 나도 다 못하기 때문에 의외로 A+ 받기에는 좋을 수도 있음.	6
교안이 없고 내용이 방대합니다. 저는 기존에 경영학개론을 들어 겹치는 내용이 많았고 어려운 내용을 다루지는 않아 듣기엔 수월했지만 그래도 분량이 너무 많다는 생각이 들었습니다. 학점을 채우려고 듣기엔 할애하는 시간이 너무 크며 시험 외에도 토론 과제 2개, 보고서 과제 1개가 있어 쉽지 않은 과목입니다. 그래도 왜 배우는지 모르겠던 교양에 비해 내용 자체는 유익했다고 생각합니다. 또 걱정했던 것에 비해 최종 점수가 높게 나와 다같이 어려웠던 과목이 아닐까 생각합니다.	6
정말 많은 강의 내용과 내려도 내려도 끝이 없는 피피티  매 주 있는 토론 과제와 기말 쯤 더해지는 과제들까지.. 이번 학기 가장 힘들게 했던 강의  내용이 엄청 어렵거나 과제가 어렵거나 이런 건 아닌데 시험 범위가 많고 강의는 정말 교수님이 고개 하나 까딱하지 않고 어딘가에 시선이 고정된 채 말씀을 주루룩 하시기 때문에 듣기가 힘들었어요 오죽하면 대면으로 들었으면 괜찮았을까 생각하게 되는..  싸강이 정말 정말 간절하고 이거라도 열심히 해서 학점을 얻어야겠다 하시는 분들에게는 추천합니다. 스트레스는 받아도 성적은 나름 잘 받을 수 있는 것 같아요.	6
"교양임에도 막대한 분량, 존재하지 않는 교안" 일단 분량이 많습니다. 네, 그냥 많아요. 막학기에 3학점 교양 찾다가 듣게 됐는데 상당히 시간을 많이 요합니다. 분량이 많은데 교안은 없어서 수업을 다 듣고 PPT를 캡처해야 합니다. 매우 귀찮은 부분. 수업 내용적으로는 경영학 전반에 대해 다루기 때문에 경영대 학생이면 한번쯤은 들어봤을 내용들이긴 합니다. 저도 그래서 비교적 난이도가 있다고 생각되진 않았습니다. 성적을 노리거나 그냥 저냥 학점채울 요량으로 듣는 과목으로는 비추합니다.	6
PDF 자료 제공 없어서 대략 1시간 되는 분량 일일이 캡처해야 합니다. 같이 듣는 분이랑 자료 공유하지 않는 이상 힘들거예요. 시험범위 내에 양도 많아서 경영 전공 아닌 분들이 듣기엔 효율이 떨어질 것 같습니다. 교양으로 듣기엔 부담이 될 양이니 잘 생각하고 신청하세요. 아 물론 경영 전공이신 분들도 양은 부담스러울 겁니다 참고하시길 매주 토론 과제, 중간시험 끝나면 2개의 부가적인 토론 과제와 1개의 보고서 과제, 그리고 이후 기말시험 이렇게 되어있어요. 시험도 있고 과제도 있고 절대 만만한 강의 아닙니다 꼭… 많이 고민한 후 신청하세요	6
경영에 대한 전반적인 기초 지식을 배우는 수업, 경영학개론과 비슷한 수업이라고 생각하시면 될 것 같습니다!	6
공부량이 매우 많고 별도의 PPT 제공 없음. 필기량 많음.	6
아주 좋은 수업입니다.그런데 양이 너무 많아요.	6
수업은 좋은데 양이 너무 많아요... 정말 많더라구요	6
수강인원이 얼마 없어서 절대평가였기에 학점 고민은 크게 안하고 들었지만 유용했는가..는 장담 못함	7
강의에 tmi가 많다. 게임에 대해서 많이 알아가긴 하지만 다양한 장르의 게임을 하지 않는다면 정말 수업이 재미없다고 느껴질 수 있다. 그래도 게임과 관련된 많은 내용을 배워갈 수 있어서 좋았다.	7
학점은 잘주고(본인은 A+), 수업 내용은 편차가 좀 커요. '오 괜찮은 내용인데'부터 '음 이건 왜 배우지?'까지 나와요. 게임을 잘하거나 게임계를 잘 아는 사람보다는 ★★★ 문학,철학 좋아하는 사람이 듣는게 이로워요. ★★★ 교수님 만약 이 글을 읽으신다면, 제발 이 과목은 절대 평가 해주세요.(과목이 과목인만큼 사실 점수 차이가 날 부분이 거의 미미함, 그럼에도 점수 차이가 나야하니, 피해자가 생기는편) 수업 분위기를 서로 토론하고 의견을 충분히 주고 받게 하고싶은 의지가 강하지만, 그렇게는 안 되는게 아쉬울따름... 교수님이 가끔 혼잣말하시거나, 작은 목소리로 다른 말하시는 경우가 있어서 맥이 조금 끊기는 감이있어요.	7
밑에분 설명에 동의합니다. 저기에다가 학생들 편애하는 것이 눈에 보이는 교수이며 우수과제의 기준을 모르겠음. 빨리 내는 것이 우수과제인지, 아니면 독창성이 기준인지 알 수 없는 교수.	7
이번학기에 A+를 받은 과목이지만 최하점을 준다. 그 이유는 크게 세 가지정도 인데,  첫 번째는 평가방식의 애매모호함이다. 예를 들자면, 중간고사에서 본인은 수업용 PPT와 일치한 답안을  적어냈다. 그럼에도 불구하고 오답처리되어 연유를 묻자,  만점인 답안을 보여주며  "이것보다 잘 썼다고 생각해요?"라는 말도 동문서답을 하셨다.  두 번째는  수업 내용의 부실함 아무리 처음 개설된 강의이라고는 하지만 3시간 동안 앉아있고나면 머리속에 남는거라고는  교수님 아드님에 관한 이야기,  "인원이 너무 많아서 지쳐서 수업을 못하겠음..: 이런 얘기를 매 수업때마다 하시니  학생의 입장에서도 심히 거슬린다. 수업 자료 관련해서도 할 얘기는 많다. 목요일 12시 수업이었는데 1~2번을 제외하고는  수업 자료를 1시간 전 쯔음 업로드 하신다. 심지어 기말때 쯤 가니까 11시 54분...에 업로드 된적도 있다. 그렇다고 PPT의 질이 매우 좋으냐? 절대 아니다. 정말 엉성함이 묻어있는, 성의가 거의 보이지 않는 PPT가 많다.(공백인 PPT도 상당) 수업을 준비하는데 있어서 많이 노력하셔야 할 듯 보인다.  세 번째는 자신만의 기준으로 가산점을 부여한다는 것 일단 이 과목의 중간/기말 시험은  표준편차가 상당히 낮았다. 기말 점수는 공개하지않아서 알 수없지만, 중간고사의 경우는 20점 만점에 평균 17점을 기록했다. 따라서 1점 1점이 되게 소중한 상황이었다. 우수 과제를 선정하여 가산점 2점을 부여한다고 하였는데 여기에 교수의 지극히 주관적인 기준,  '남들이 해보지 않은 게임을 주제로 보고서를 쓴 사람'을 도입하여  실제로 PPT도, 발표도 엉망인 학생들이운좋게 가산점을 부여받았다. 여기에 정말 불만이 많았다.  우수하다=새롭다? 라는 것은 도대체 어느나라 평가방식인지...  17년 2학기 최악의 수업.	7
아무래도 커리큘럼이 체계가 없는 것은 사실인 것이 제대로 정립도 안 된 신생학문이다. 다만 내용 자체는 아주 흥미롭고 재미있으며 게임을 즐기는 사람이라면 더욱 재미있게 강의를 들을 수 있다. 게임에 깔려있는 기반 이론 등을 심리학/게임학 등으로 풀어내는 것이다. 그리고 다양한 사례들을 통해 최근의 게임 트렌드 및 장르에 대해서도 알아볼 수 있다. 시험의 경우 피피티 내용을 기반으로 내며 서술형의 비중이 크다. 내용도 내용이지만 사례와 연결지어 설명할 수 있어야 한다. 개인적으로 아주 강추하는 수업. 그리고 교수님도 열정적이시다. 교수님 수고하셨어여~	7
게임과 게임산업에 관심있는 분이라면 추천!!	7
들었던 수업중에서 뭔가를 직접 해보는 재미를 가장많이 느꼈던 수업 커리큘럼도 나름 짜임새있어서 좋음	8
수업도 정말 재밌고, 교수님들도 친절하십니다. 시험은 실습으로 보는데 수업만 잘 따라오신다면 크게 어려움 없이 진행하실 수 있으실 겁니다.	8
가벼운 마음으로 수업듣고 시키는 실습만 잘 따라해도 성적 잘 나옵니다. 실습도 재밌어서 강추	8
심풍수 교수님 수업은 금방 끝나고 이재수 교수님 수업은 수업 풀로 채우는 경우도 있습니다. 시험 난이도는 수업때 참여먼 하면 누구나 쉽게 풀 수 있으니까 꼭 이거 듣고 icpbl 채우세요	8
이재수 교수님 수업시간 거의 맥스를 찍긴하나  나름 한 줄기의 편안한 강의라고 생각합니다.	8
랩뷰를 다루는 수업과 코봇을 다루는 수업이 있다. 둘 다 체험하는 관점에서 보면 괜찮지만, 관련 전공자가 듣기에는 깊이가 얕은 감이 있다.  랩뷰는 프로그래밍 언어를 조금이라도 공부해봤으면 딱히 공부할 부분이 없고, 코봇은 로봇이 움직이는 건 신기하지만 블럭코딩에서 반복되는 부분을 편하게 코딩할 방법이 딱히 없어 후반으로 갈수록 반복되고 피로해진다.   기본적으로 둘 다 코딩할때의 입력수단이 키보드가 아니라 꽤 피로하다.	8
코딩을 이용해 로봇(자동차, 로봇팔)을 다루는 수업입니다. 이런 활동은 접할 기회가 많이 없을텐데, 덕분에 보람있게 경험을 쌓을 수 있었습니다. 1학년때 배우는 창컵정도의 지식만 있으면 수강 가능하고, 경험위주의 수업이라 특별히 지식이 많이 필요하지는 않습니다. 재미있게 수강하다 갑니다. 교수님 두분도 친절하시고 좋으십니다.	8
일단 재밌습니다! C언어나 아두이노 할 줄 알면 랩뷰는 수엊시간에 한 걸로 충분합니다.(수업시간에 만든 예제들 시험시간에 불러와서 쓸 수 있음.) 코봇 같은 경우 프로그래밍은 직관적인데 뭔가 생소한게 많아서 따로 나와 연습하고 시험 봤습니다. 개인적으로 코봇이 좀 더 힘들고 시험 시간도 초과했지만 절대평가에다가 평가 기준이 덜빡세서 그런지 에쁠 나왔습니다.	8
로봇이랑 기본적인 프로그래밍에 관심 있다면 매우 재미있게 들을 수 있는 수업임. 전공이 아니라 교양인 만큼 교수님들도 다양한 실제 현장 정보 등을 알려주셔서 좋았음. 실습만 잘 따라해도 시험은 쉽게 볼 수 있어서 여유롭고 재밌는 수업을 신청하고 싶다면 강추함.	8
수업 때 집중하시고 제대로 이해만 하시면 충분히 에이쁠 가능합니다. 질문도 잘 받아주셔서 공부하는데 수월했네요. 강추!	8
교수님 두분 다 친절하시고 강의 내용이 흥미롭습니다! 시험은 수업 내용만 잘 이해하고 계시면 쉽습니다!	8
엄청나게 개꿀! 까진 아니지만 성적 잘 주시고, 배우는 것도 흥미로웠습니다. 랩뷰, 협동로봇 관심있으시면 들어보세요! 다만 프로그래밍 아주아주 기본정도는 알아야할듯하고, 정말 난 태어나서 코딩 한번도 안해봤다 정도면 처음엔 조금 어려울지도? 그래도 교수님이 친절하시구 잘 알려주셔서 즐거운 수업이었습니다	8
두 교수님이 8주씩 각각 다른 주제로 수업을 하십니다. 한번은 Labview, myrio 이용해 자동차 조립하고, 조작해보는 수업이고 다른 한번은 협동로봇으로 코딩하고 조작해보는 수업입니다. 교수님들이 열정있게 수업해주시고 내용자체도 어렵지 않아서 한학기 재밌게 수업들을 수 있었습니다. 시험은 수업때 잘 했으면 문제없이 할 수 있는 내용이라  부담도 없습니다 !! (일주일에 한번이긴 해도 3,4시간 풀 수업하는게 단점이라면 단점...ㅋㅋ)	8
밑에 강평 첫 줄 보고 엄청 웃었습니다ㅋㅋㅋㅋㅋㅋ 정말 현대와 삼성의 기업이미지를 그대로 가지고 계신 두 분입니다. 두 교수님 모두 좋으시고 진로나 취업 관련 상담도 잘 해주십니다. 기업에 오래 계신 분들이다 보니 일화도 종종 들을 수 있습니다. 수강생의 실력에 따라 수업의 난이도가 다르게 느껴질 것 같기는 하지만, 충분히 따라갈 수 있으며 실습의 가치는 충분히 있다고 생각합니다.	8
현대의 시원함과 삼성의 체계를 잘 느낄 수 있었음... 교수님들 성격이 같은듯 다른듯 하네요 ㅎㅎ 수업이 너무 쉬워서 돈아깝다라는 생각이 들었습니다. 하지만 학점잘주시고 학생들에게 관심이 많으십니다.	8
실습으로만 진행되며 재밌고 교수님 두분 모두 잘가르치십니다. 시험은 엄청 쉬워요	8
들었던 수업중에서 뭔가를 직접 해보는 재미를 가장많이 느꼈던 수업 커리큘럼도 나름 짜임새있어서 좋음	9
수업도 정말 재밌고, 교수님들도 친절하십니다. 시험은 실습으로 보는데 수업만 잘 따라오신다면 크게 어려움 없이 진행하실 수 있으실 겁니다.	9
가벼운 마음으로 수업듣고 시키는 실습만 잘 따라해도 성적 잘 나옵니다. 실습도 재밌어서 강추	9
심풍수 교수님 수업은 금방 끝나고 이재수 교수님 수업은 수업 풀로 채우는 경우도 있습니다. 시험 난이도는 수업때 참여먼 하면 누구나 쉽게 풀 수 있으니까 꼭 이거 듣고 icpbl 채우세요	9
이재수 교수님 수업시간 거의 맥스를 찍긴하나  나름 한 줄기의 편안한 강의라고 생각합니다.	9
랩뷰를 다루는 수업과 코봇을 다루는 수업이 있다. 둘 다 체험하는 관점에서 보면 괜찮지만, 관련 전공자가 듣기에는 깊이가 얕은 감이 있다.  랩뷰는 프로그래밍 언어를 조금이라도 공부해봤으면 딱히 공부할 부분이 없고, 코봇은 로봇이 움직이는 건 신기하지만 블럭코딩에서 반복되는 부분을 편하게 코딩할 방법이 딱히 없어 후반으로 갈수록 반복되고 피로해진다.   기본적으로 둘 다 코딩할때의 입력수단이 키보드가 아니라 꽤 피로하다.	9
코딩을 이용해 로봇(자동차, 로봇팔)을 다루는 수업입니다. 이런 활동은 접할 기회가 많이 없을텐데, 덕분에 보람있게 경험을 쌓을 수 있었습니다. 1학년때 배우는 창컵정도의 지식만 있으면 수강 가능하고, 경험위주의 수업이라 특별히 지식이 많이 필요하지는 않습니다. 재미있게 수강하다 갑니다. 교수님 두분도 친절하시고 좋으십니다.	9
일단 재밌습니다! C언어나 아두이노 할 줄 알면 랩뷰는 수엊시간에 한 걸로 충분합니다.(수업시간에 만든 예제들 시험시간에 불러와서 쓸 수 있음.) 코봇 같은 경우 프로그래밍은 직관적인데 뭔가 생소한게 많아서 따로 나와 연습하고 시험 봤습니다. 개인적으로 코봇이 좀 더 힘들고 시험 시간도 초과했지만 절대평가에다가 평가 기준이 덜빡세서 그런지 에쁠 나왔습니다.	9
로봇이랑 기본적인 프로그래밍에 관심 있다면 매우 재미있게 들을 수 있는 수업임. 전공이 아니라 교양인 만큼 교수님들도 다양한 실제 현장 정보 등을 알려주셔서 좋았음. 실습만 잘 따라해도 시험은 쉽게 볼 수 있어서 여유롭고 재밌는 수업을 신청하고 싶다면 강추함.	9
수업 때 집중하시고 제대로 이해만 하시면 충분히 에이쁠 가능합니다. 질문도 잘 받아주셔서 공부하는데 수월했네요. 강추!	9
교수님 두분 다 친절하시고 강의 내용이 흥미롭습니다! 시험은 수업 내용만 잘 이해하고 계시면 쉽습니다!	9
엄청나게 개꿀! 까진 아니지만 성적 잘 주시고, 배우는 것도 흥미로웠습니다. 랩뷰, 협동로봇 관심있으시면 들어보세요! 다만 프로그래밍 아주아주 기본정도는 알아야할듯하고, 정말 난 태어나서 코딩 한번도 안해봤다 정도면 처음엔 조금 어려울지도? 그래도 교수님이 친절하시구 잘 알려주셔서 즐거운 수업이었습니다	9
두 교수님이 8주씩 각각 다른 주제로 수업을 하십니다. 한번은 Labview, myrio 이용해 자동차 조립하고, 조작해보는 수업이고 다른 한번은 협동로봇으로 코딩하고 조작해보는 수업입니다. 교수님들이 열정있게 수업해주시고 내용자체도 어렵지 않아서 한학기 재밌게 수업들을 수 있었습니다. 시험은 수업때 잘 했으면 문제없이 할 수 있는 내용이라  부담도 없습니다 !! (일주일에 한번이긴 해도 3,4시간 풀 수업하는게 단점이라면 단점...ㅋㅋ)	9
밑에 강평 첫 줄 보고 엄청 웃었습니다ㅋㅋㅋㅋㅋㅋ 정말 현대와 삼성의 기업이미지를 그대로 가지고 계신 두 분입니다. 두 교수님 모두 좋으시고 진로나 취업 관련 상담도 잘 해주십니다. 기업에 오래 계신 분들이다 보니 일화도 종종 들을 수 있습니다. 수강생의 실력에 따라 수업의 난이도가 다르게 느껴질 것 같기는 하지만, 충분히 따라갈 수 있으며 실습의 가치는 충분히 있다고 생각합니다.	9
현대의 시원함과 삼성의 체계를 잘 느낄 수 있었음... 교수님들 성격이 같은듯 다른듯 하네요 ㅎㅎ 수업이 너무 쉬워서 돈아깝다라는 생각이 들었습니다. 하지만 학점잘주시고 학생들에게 관심이 많으십니다.	9
실습으로만 진행되며 재밌고 교수님 두분 모두 잘가르치십니다. 시험은 엄청 쉬워요	9
편하게 들을수 있는 강의 스타트업에 대한 내용이 많다	10
다양한 대표님들 만날 수 있어서 너무 좋은 수업이다 그냥 간단하게 감상평만 쓰면 되는거라서 크게 부담 가질 건 없다.	10
좋긴한데 간혹 이상한 스타트업 대표와서 헛소리 하다가는거 보면 좀 빡침	10
줌 참석만 열심히 잘하고 매주 과제만 잘 해서 내면 돼요!	10
매주 소감문 쓰는게 귀찮지만 여러 분야 ceo님들의 이야기를 들을 수 있어서 조아용	10
강연듣는다고 생각하면 됩니다 매주 소감문 쓰는것도 분량이  440자만 채우면 됨	10
다양한 분야에 관련된 대표자들에게 다양한 조언을 들어볼 수 있습니다!	10
정말 부담 없이 들을 수 있는 강의입니다. CEO분들 강연 듣고 간단한 글 작성만 하면 돼요.	10
매번 ceo분들의 강의를 들으면서 얻는 것도 많고 좋아요. 매주 감상문 쓰고 기말고사만 보면 되는 부담없는 수업입니다.	10
부담없이 들을 수 있는 강의. 하라는거만 다 하면 된다. 평균 수준의 성실함을 가지고 있다면 전혀 문제없이 학점 가져갈 수 있음.	10
여러 CEO분들이 오셔서 강의하고 가셨는데 도움이 많이 됐어요. 성적 얻기도 쉬워요	10
유익한 강의 소감문 출석 다 했어도 기말 에세이 안내면 F입니다 ㅜㅜ	10
강의 부담없고 pass받기 쉽습니다. 들을 수 있으면 들으세요	10
그냥 부담없이 강의를 듣고 부담없이 강의평 쓰고 부담없이 강의요약시험보면 끝납니다.	10
매주 감상문 적는게 귀찮을 수 있지만 그것만 하면 끝	10
중간 시험은 없고 기말 에세이 한번만 쓰면 됩니다. 매주 과제가 있지만 금방금방 할 수 있는 것들이에요. 교수님이 말씀하신대로 출석과 과제 횟수만 지키면 충분히 패스받으실수 있습니다~	10
중간고사에는 시험이 없고 기말고사에는 레포트 작성해서 제출했어요 매주 과제가 있긴 해서 해야할 게 없진 않아요	10
Pf 치고 너무깐깐해서 개꿀은 아님  잘 챙겨야 p가능	10
Pf라서 부담이 없고요 수업 듣고 매주 쓰는 레포트만 제출하면 됩니다. 레포트 분량도 많진 않아요	10
개꿀임 개꿀 수강신청이 제일 어려움ㅋㅋ 강연도 재밌었고 유익함	10
개꿀 이렄 꿀이없다 무조건 들으세여 매주 700자 이상 쓰기만 하면 돼여	11
1시간 30분만 하시고 끝내주시는 강연자님들 많음. 매주 과제가 있다는 게 귀찮지만 막 적다보면 또 금방해요 다만 지정좌석제라서 가운데 걸리면 중간에 들어가고 나가기가 힘들 수도 있다는 점...	11
개꿀 PF! 과제가 매주 있지만 그정도는 감수할 만함. 다만 강연은 영양가가 있다고 보기는 좀 그럼. 출석 지정좌석임..	11
빡빡한 시간표에서 쉬어가는 P/F 넣어둔다고 생각하면 나쁘지 않은 선택	11
진짜 개꿀과목 과제는 10분이면 다 하니 부담 없음	11
시험대신 대체과제에 한시간 반동안 앉아있다가 과제 제출하면 되는 개꿀과목	11
매주 특강 다른 분들 오시는데 은근 다양한 분야에서 오셔서 너무 재밌었고 몇몇분은 진짜 도움이 많이 되서 꿀교양입니다!!꼭꼭 들으세요!! 과제도 쉬워요 ㅎㅎ	11
꿀강인 건 맞는데 강의가 항상 재미있진 않다는 점 참고하도록 1시간 반은 꽤 길다	11
굿굿 한주현(가수 진보, 한양대 경금)님도 인정한 꿀강	11
앉아서 좋은 얘기 듣고 주중에 하나씩 얼마안되는 강의평만 쓰면 되서 이보다 더 좋은게 어디 찾기쉬울까 싶음	11
매주 강연듣고 레포트 제출하면 됩니다! 700자 이상 작성하는건데 쓰다보면 금방 써요	11
꿀강이에요 강연이 의미있는지는 잘 모르겠어요	11
매주 과제 좀 귀찮긴 하지만 강연 내용 대충 메모해놓으면 금방 쓸 수 있고 큰 노력 안들이고 패스 받을 수 있습니다	11
그냥 자다가 중간에 강의내용 찍어 놓으면 충분히 소감문 적어 낼 수 있어요! 생각보다 유익한 강의가 많습니당	11
문비리 완전 편해요 !!! 왜 이걸 안 들으세요? 무조건 들어요	11
좋아요~~ 매주 과제는 있습니다 그래도 피에프라 편해요	11
출석만 잘하고 과제 제출만 하면 무난한 수업입니다. 강의도 유익해서 꿀강이에요	11
강연보고 적당히 끄적이면 패스… 결석만 안하면 무난무난	11
꿀강 + 강연하시는 분들이 진심을 다해서 강연해주심 감상평 몇 자만 적으면 과제 끝	11
매주 강연의 주제가 달라지고 강연자에 따라 수업의 질이 결정됐어요. 시험과 과제가 적으니 꿀강의라고 할 수 있는 것 같습니다	11
과제가 없고 출결을 늦게 하는 게 장점 올려주시는 피피티랑 강의에 쓰는 피피티 내용이 다른 게 있어서 집중해야 했고 시험이 쉬운 편이라고 느껴졌음 고등학교 경제 수업을 들었다면 수월할 듯	12
과제 없고 시험만 봐서 좋아요 그치만 분량이 너무 많습니다...	12
편해요... 과제 없고 시험도 객관식과 단답형으로 이루어져 있음 근데 강의가 재미없다는 게 단점	12
그냥 좋습니다 공부 좀 하면 에이쁠 가능 꼭 들으세요	12
따로 과제나 팀플이 없는 점은 좋습니다! 단점이라 함은 제가 경제 비전공자여서 그랬을지 몰라도 양이 많아 버거웠습니다ㅠㅠ 시험은 피피티에 나온 내용들을 바탕으로 괄호 채우기(용어 위주로) 형식으로 나오는데 따로 이해를 필요로 하지 않아 공부하면서 살짝 현타가 왔습니다...	12
꼰대식ㅋㅋ 근데 성적은 잘줌ㅋㅋ 기말고사 주관식 45개 나와서 식겁함ㅋㅋ	12
내가 경제에 관심 없다 쌩암기 자신없다 하는 사람은 듣지 마세요. 그래도 성적은 나름 너그러우신데, 수업 듣느니 맨큐한번 읽는 게 더 빠릅니다.	12
피피티에 있는 핵심 문장 단어 그냥 모든걸 다 외우면 됩니다 어려운 계산 그래프 해석 없어요 몇개 틀려도 에이쁠 가능~ 꿀강 추천합니다	12
시험말고는 할게없어서 좋아요 범위는 많은데 시험이 정말 쉬워요 용어위주암기	12
과제 출결에 대한 스트레스가 없어 편하게 들을 수 있던 수업입니다!	12
경제에 대한 전체적인 설명해주십니다. 11시에 출결하셨고 출결 너그러우신 편입니다. 과제 없고 팀플 없고 중간 기말 시험 두번있습니다. 시험기간 되면 피피티 보고 공부하면 됩니다! 추천추천	12
음.. 그냥 경제에 대해서 한 번 알아갈 수 있는 느낌? 시험은 공부한 거에 비해 너무 쉽게 나와서 속상했어요..	12
과제 없음 시험 쉬움 수업은 들을 필요 없고 책만 보면됨	12
과제 없고 팀플 없습니다. 올려주시는 ppt하고 수업시간에 하시는 ppt가 달라 사진찍으시는 분도 계십니다. 시험은 개념 위주로 나오고 복잡한건 출제하지 않으시는 것 같습니다. 경제에 대해 몰라도 충분히 들을 수 있고 교수님도 굉장히 좋으십니다. 나름 꿀강이고 경제에 관심있다면 얻어가는 것도 많은 수업이라고 생각합니다.	12
강의자료랑 ppt가 달라 수업시간마다 찰칵소리가 난무하는 특이한 강의. 수업 1시간 후 전자출결 진행	12
교수님이 수업하시는 피피티와 학생들에게 나눠준 피피티가 다릅니다. 수업은 이해가 됩니다.	12
맨큐의 경제학 필요 없다고 하셨는데 공부하려면 필요한 것 같아요 그거 준비해서 읽어보는 거 추천합니다 강의용으로 쓰는 피피티랑  올려주시는 피피티랑 내용이 달라요	12
경제에 대해 좀 안다고 공부를 아예 놓지말고, 용어중심으로 이해에 기반한 암기를 해야합니다!	12
꿀강꿀강 시험은 용어위주 벼락치기 교수님 자기자랑ㅋㅋㅋㅋ	12
물론 배워가는 건 1도 없음. 교수님 강의력도 좀 심각함. 그래도 정말 좋으신 분이시고 학생들을 생각하는 마음은 따뜻하십니다. 용어 위주로 암기만 잘하면 a+ 아주 쉽게 챙겨갈 수 있습니다.	12
시험이 굉장히 지엽적으로 나옵니다 그래프와 연결시켜 수업에서 다룬 사회 이슈들이 서술형으로 나옵니다	13
강의력이 좋은지는 모르겠으나 배경지식있으면 어렵지 않음	13
과제는 최근 경제 이슈에 관한 주제로 A4 3장 적어서 내는 게 끝이고 중간 기말 난이도는 그냥저냥입니다. 공부 거의 안 한 거에 비해 학점이 후해서 좀 놀랐습니다. 경제 관련 수업 듣고 싶어서 들었는데 후회하진 않습니다. 별 4개인 이유는... 수요일 1교시 경금관까지 가는게 너무 힘들고 교수님 강의력은 개인적으로 별로였기 때문입니다	13
아침 수업이라 싫긴 하지만 맨큐 책 보면서 피피티 중요한 거 외우면 그래도 성적 잘 주십니다 ㅎㅎ	13
수업  잘듣고 피피티에 있는 그림 좀만 공부하면 에쁠 주십니닷	13
시험도 쉽고 학점 따기도 쉬운 것 같네요! 교수님 강의력도 좋아서  예시만 잘이해하시면 충분히 좋은 학점 받으리라 생각합니다<	13
열정적이심.... 근데 시험은 그닥 안어려워요	13
열심히만 하면 A+ 받을 수 있는 시험. 중간고사 점수를 채점하고 교수님께서 점수가 엄청 낮다고 말씀하심. 60점 만점에 평균이 33점이었나 그랬음. 본인 43점인데 5손가락 안에 든다고 말씀하셨으니까, 열심히 피피티 외우고 교수님이 PPT 외 내용에서도 한 두문제씩 문제로 내니까 수업도 열심히 들으시길.	13
강의를 듣지 않아도 좋은 성적을 받을 수 있다는 점만으로도 이 수업의 가치를 짐작할 수 있으리라. 다만 시험점수 자체는 깐깐하게 주는 편.	13
1교시 수업인 점만 제외하면 전반적으로 무난했던 수업입니다. 교수님의 강의력이 뛰어나신 편은 아니라서 수업만 듣고 이해하긴 어렵지만, 범위에 맞춰서 교재 보고 독학하시면 큰 문제 없이 따라가실 수 있습니다.  이번 학기의 경우 과제는 없었습니다.	13
교재 사지 마세요ㅠㅠ 비싸고 돈아까움 강의는 무난합니다. 경제가 안맞는지 전 좀 어려웠지만... 전체적으로 나쁘지 않았음	13
교수님이 착하셔서 잘 알려주는 거 같지만 강의력은 잘 모르겠습니다 ㅠㅠ 수업 내용 자체는 따라갈만해요	13
교수님은 정말 좋으신 분인데 강의 중간중간에 약간 엥스러운 부분이 있어요	13
확실한건 교수님이 엄청 착하신 것과, 독학이 편하다는 것입니다. 시험 문제는 쉽고, PPT와 맨큐의 경제학만 추가로 몇번 읽으면 충분합니다.   근데 교수님이 해주시는 PPT 밖 이야기들은 꼭 필기를 하든 녹음을 하든 하셔요. 특히 중간에서 그런 문제가 나왔어요. 그리고 생각보다 재밌는 얘기 많이 해주셔요. 정작 개념들을 수업때 얻어가진 못한게 흠이지만요	13
강의 안들어도 되고 그냥 맨큐로 독학 빡세게 하면 바로 에쁠입니다 독학이랑 1교시 출석호명시간랜덤이라 그 둘이 관건	13
교수님 강의는 상당히 지루해서 재미없지만 내용 자체는 쉽고 시험도 쉬워용	13
커리큘럼을 받아 정해진 시간에 맞춰 공부한다는 느낌으로 하시면 될 듯... 강의력이 좋으신 편이 아니라(ㅠ) 수업에 집중하긴 힘들어요 맨큐의 경제학 사서 진도 맞춰 독학하시는 게 나아요 어쨌거나 강제적으로 경제학 기초 공부하고 싶은 사람들에게 추천	13
얻어갈 거는 좀 있지만 강의를 듣는 것보다 강의록을 보면서 혼자 공부하는 게 더 효율적인 수업입니다. 멘큐의 경제학을 보면서 수강하는 것을 추천합니다. 수업 난이도는 무난한 편이지만 지루하고, 앞에서 얘기했듯 독학이 더 나을 수도 있습니다. 시험 난이도는 높지 않은 편이지만 다소 깐깐하게 채점하십니다.	13
-강의력:처참함(말하다 자기가 틀림) -과제: 매우 쉬움 -시험: 적당함(꿀은 아님) -기타: 팀플 없음, 출첵 직접 호명인데 시간은 랜덤.	13
교수님 설명이 조금 잠오고 중간에 쉬는시간이 없었지만 내용 자체가 나름 재밌었기에 잘 들었던것 같습니다. 맨큐 책 직접 사셔서 수업과 같이 병행하면서 더 깊게 공부하는것도 좋은 방법인거 같네요. 성적은 공부한만큼 나옵니다. 너무 쉽거나 너무 어렵지는 않아요!!	13
성적을 잘 주시고 다른 학우분들과 이야기할 수 있습니다 수업 내용은 크게 얻어갈 부분를 모르겠습니다...	14
교수님이 조금 감정적이시긴 하지만 결론적으로 나온 프로젝트 결과를 보면 뿌듯하긴 함. 학점도 잘 주심	14
성적은 잘주나 커리큘럼이 없는 강좌. 객관적으로 조 발표 좋았는데 억까하고 팀플 억지로 하게 만듦ㅋㅋㅋㅋㅋㅋ	14
교수님이 무엇을 해야하는지 명확히 제시해주시지 않지만, 학기가 지날수록 이해가 됩니다. 코로나 시대 이후 학생들에게 가장 결여되었다고 일컬어지는 소통이나창의적 사고 등.. 듣는다면 분명 얻어가는 것은 있는 수업. 단, 교수님이 조금 무서우심..ㅠㅠ	14
점수를 잘 주긴 하는데 들이는 시간도 많아서...전공도 이정도 시간 들이면 에이플 쌉가능이긴 해요 근데 에이플 보장이긴 함...	14
성적을 잘 주는거 같아서 듣고 있긴 하지만 지금까지의 강의를 돌아보자면 굉장히 괴롭습니다. 교수님께서 원하시는걸 제대로 안 말하시고 바라시는 것은 많으신 거 같습니다.	14
밑에 강의평 너무 잘 써주심 그래도 교수님 말 잘 듣기만 하면 점수 잘 받음 여러가지 체험을 해서 좋은 수업이었음	14
밑에 강의평에 100% 동감합니다. 교수님 책임감도 없고 학생들에게 감정적으로 말 훅훅 내뱉습니다. 본인 감정에 휘둘려서 Ic-PBL인데 조모임 해체시킨게 진짜… 아직도 어이없네요 ㅋㅋ 교수님 제발 이성적으로 학생들 지도해주세요	14
1. 성적을 잘 주시는것은 맞지만, 얻어갈 수 있는 지식은 0에 수렴하고 가장 최악인건 교수님. 도무지 어른이라고 보이지 않았습니다.  2. IC-PBL수업이라 팀플이 필수인데, 중간점검 시간에 학생들 결과물이 마음에 안드신다며 수업시작 30분도 안됐는데 다음 수업시간부터는 팀 해산이라며 멋대로 강의실 박차고 나가셔서 돌아오시지 않음.   3. 이래놓고 개인발표 준비 다 해갔더니 팀을 다시 합치라고 하심.   4. 학생들 발표하면 맥락 , 의도 파악 안하시고 본인이 가장 꽂힌 부분을 본인이 생각하시는대로만 말씀하시는데 말을 해도 통하지를 않으니 설득하고 싶지도 않게함.   5. 아무리 성적을 잘 주셔도 대학생활 하면서 만난 어른들 중에 가장 최악이었어요. 중고등학생때 이럴거면 너네 수업도 듣지말라고 일방적으로 협박하시는 최악의 선생님들이랑 똑같았음.  6. 결론: 성적을 잘 주시는건 맞으니 배움을 얻을 수 있는 부분은 전혀 없고 그렇다고 교수님께 인간적인 면모를 기대할 수도 없음	14
교수님께서 어떤 아이디어를 좋아하는지 잘 캐치할 것!	14
하라는대로 하면 무난히 에쁠나옴. 과제나 발표의 퀄보다는 그냥 하는 것에 의의를 둬도 학점 잘 따갈 수 있음.	14
마이 베네핏의 버추얼메이트라는 기구를 어떤 방식으로 발전시킬 수 있는지에 대해 생각하고 그것을 조별모임으로 PPT제작하여 발표함	14
버추얼 메이트라는 기업 제품을 어떻게 발전해 나갈 것인가에 관한. 새로운 생각 해볼 수 있는 재밌었던 수업	14
단순히 운동만 하는 게 아니라 기계 문제점이나 보완할 점을 계속 찾고 새로운 아이디어를 계속 내야함 교수님은 친절하시고 학생들한테 다가가려고 하는게 보여서 좋았음 학점도 열심히 참여하고 성실하게 임하면 좋게 주는 듯 다만 교수님이  말로 과제나 팀플을 설명하시다보니까 이해가 안될 때도 있고 과제나 팀플, 발표할 때 혼란스러울 수 있음	14
그냥 너무 좋지도 않고, 싫지도 않았습니다. 그저 그럼	15
그냥 그저그런 수업이였음. 블록체인에 대한 기본적인 지식전달수업 이였고 중간까지는 약간의 실습 중간이후부터는 대화식의 강의였음. 블록체인에 대해 공부하고싶은 사람은 책 한권읽는게 더 도움될 것이고 혹시 블록체인기술 기반으로 창업을 하고 싶다면 다방면에 질문을 할 수 있기에 추천. 교수 이외에도 외부에서 파트별 개발자들 불러 강의하는 수업이라 여러 사람에게 질문할 수 있다는 장점이고 성적은 절대평가 였는데 딱 잘라 줬고 본인은 에제를 받았지만 평가를 어떤 방식으로 했는지 알 수 없다	15
장점: 조별과제(발표) 1번있긴하지만 모일필요도없고 조별과제라 하기도 뭐함, 과제도 거의 없다고보면된다. 블록체인 erc20계열 토큰 만들어볼기회, 졸업하기까지 들었던교양중 가장 부담이없었다 단점: 학점이 후하진않다, 코인투자자들많아서 마니아층좀있다  장단점을 떠나서 학점을떠나서 이정도 암호화폐에 인사이트하고있는 교수님의수업들을수있다는것 자체가 축복이다. 앞으로 스마트컨트랙트, nft사업자체가 엄청 커질것이고 자본이 모이게될거라고생각한다. 제테크,코인,코딩관심 조금이라도 관심있는 학우는 꼭듣길. .	15
딱 이정도의 수업이다 블록체인의 큰 형태를 알 수 있다	15
매번 카메라 켜고 수업듣는데 학생 한명한명한테 질문할 때가 많아서 집중 잘해야해요..그리고 대부분 창업하시거나 블록체인에 애초에 관심많으신 분들이라서 학점따기 힘들었어요..	15
다른 강연에서 사용했던 수업과 조금 맞지 않는 수업 자료를 사용합니다. 두루뭉술한 수업이었습니다. 얻어 가는 것도 없고 손에 꼽을 정도로 별로인 강의였습니다. 가급적 듣지마시길	15
블록체인이 뭔지 모르는 사람이 들으면 어떤 원리고 사업 모델이 어떻게 운영되는지 알 수 있는 강의이다. 과제도 딱히 없어 학기중 부담없이 들을 수 있었다.  다들 기존에 이쪽 분야에 대해 알고 있는 학우분들이 많아서 불만이 있는지 모르겠는데 이건 그냥 교양이고 깊게 다룰려면 컴퓨터에 대한 기초지식이 없으면 절대 못따라 갈것이라 본다.  전반부 : 기술 분야이며 권건우 교수님이 해당 파트를 설명하신다. 블록체인의 구조와 원리를 비트코인 기준으로 이론으로 배우고 프로그램을 설치하여 실습해본다. 설명서에 필요한 명령어가 다 써져있지만, 리눅스 환경을 자연스럽게 사용하시고, 컴퓨터 관련 전공 용어도 그냥 사용하시는 경우가 많은데 그냥 아무것도 모르고 듣는 사람은 어떻게 따라올까 걱정되기도 하였다. 다행히 시험은 교수님이 찍어주시고,  핵심적인 수업만 잘들으면 풀수 있는 단답식이라 전혀 문제될것이 없었다. 개인적으로 만족하는 수업이었다. 여기서 더 깊게 들어가면 따라갈 수 있을까?.. 후반부 : 블록체인의 비지니스 부분을 다루며 이장우 교수님이 수업하셨다. 기술 파트에서 배운 내용이 어떻게 사업적으로 쓰이는지 알 수 있다. 과제가 나오는데 수업중에 5분정도 자기가 맡은 분야에서 서비스를 사용해보고 후기를 알려주는 내용으로 발표를 하는것이다. 발표만 하면 다들 같은 점수를 받아서 부담이 거의 없는 편이다 다만, 이 발표로 인해 매주 수업 시간 절반을 학생이 수업한다... 외부 초청 강연까지 오면 교수님이 설명하는 내용은 수업시간에 절반도 안된다. 이부분에 대해선 강평에 불만이 없는건지 모르겠다. 이번 강의에서 제일 불만족 스러웠던 내용인거 같다. 아직 강의를 안들었는데 다른 학우들이 준비한  발표를 듣는다고 내가 이부분에서 이해를 할 수 있는것도 아니고,  개개인마다 발표 준비 수준도 차이나는데 왜 이렇게 진행하시는지 모르겠다  본인이 블록체인에 대해 알고 싶으면 분명히 얻어갈 수 있는 수업이다. 다만 이미 기존에 알고있는 학우들은 크게 얻어갈 수 없는 수업이다.	15
권건우 교수님이 실습을 진행하시고, 이장우 교수님이 비즈니스모델 부분을 진행하부분다.  실습은 굉장히 실망입니다. 중간고사도 지엽적으로 나오고, 심도있는 블록체인에 대한 담론은 전혀 없었습니다. 코로나 때문이라고는 하지만 실습도 잘 진행하지 못했네요.   비즈니스 모델에 대한 내용은 좋았습니다. 업계 현직자 분들이 더 많이 와서 강연해주셨으면 더 좋았겠지만, 코로나 시국이니만큼 이해가 됐습니다. 다양한 비즈니스 모델에 대해서 알 수 있었습니다.  덧붙이자면 A+나왔는데, 학점 따긴 쉽지만 깊이는 부족한 그런 강의였습니다. 블록체인 기술에 대해 깊이있게 알고 싶으신 분들에겐 비추입니다.	15
교수님 두분 진행 권건우 교수님. 본인 자랑만 주구장창 하심. 자칭 업계 최고 전문가. 남들은 틀렸다는 식의 발언들은 듣기 좀 불편함. 다루는 범위는 작지만 또 그닥 디테일하지도 않고, 그것만 배우면 전부 활용가능하고 비트코인이더리움 마스터한 거라고 말씀하시지만.. 실상 활용 불가능 .. 수업일정도 이틀전에 변경하거나 늦은 공지가 잦음. 최악.  이장우교수님. 후반부 담당. 넓고 얕게 다루심. 코로나발로 아마 연사님들  강연 들을 기회 적은 것 같으나, 교양 수준의 적절한 내용. 위에 언급했던 단점들과 대비됨. 간단한 리서치 발표1회 소화해야 함. 시험은 두분다 무난한 편. 이교수님 베이스로 수업이 재편되어야함.	15
점수는 fair함.  영어단어장같은 블록체인 카드 주는데 그거만 달달달 외우면 A+ 가능함.  그래서 A+맞았냐고 묻는다면 설마 그것만 낼까 싶어서 적당히 외웠더니 안나옴.  1)비지니스 모델을 알고싶다면 추천함. 매주 초청하여 강연듣는데, 어떻게 돌아가는지 인사이트를 배울수 있음. 물론 노력한다면 인터넷에서도 충분히 알수있는 내용이긴하지만 발표자의 사견또한 들어볼만함.  2)블록체인을 한번 만들어보고 싶다, 팀짜서 프로젝트 한번 해보자 하면 절대 절대 절대 듣지 마셈.	15
교수님 두 분이서 진행하십니다. 전반부는 권건우 교수님이 진행하셨습니다. 처음 3주는 같은 내용이 많이 반복되었습니다. 나중에는 실습도 약간 하기는 했는데 그냥 ppt에 있는 명령어 넣어보고 결과 보는 거라 별로 의미는 없었던 것 같습니다. 차라리 기술적인 내용을 다루는게 블록체인에 대한 이해가 더 깊어지지 않을까 싶습니다. 이장우 교수님 수업은 초청강연이 많았는데 그런 짱짱한 분들을 어떻게 모셨는지 교수님의 인맥이 궁금했습니다. 시험은 카드에 있는 내용 외에도 ppt에 있는 내용도 나왔고 키워드를 주로 쓰는 형식이기 때문에 쉬운 편입니다.	15
일단 학점은 B+를 받았습니다.(학점을 먼저 얘기하는 것은 최대한 제 후기가 공정해보였으면 하는 바람입니다.) 담당 교수님은 이장우 교수님으로 되어 있지만 사실은 두 분이서 담당합니다. 중간고사까지는 권건우 교수님이 담당하시고 그 이후에는 이장우 교수님께서 담당하십니다. 두 분의 수업목표가 조금은 다릅니다. 권건우 교수님은 실습을 중시하시는 편입니다.(하지만 이번 학기에 실습을 하지는 못했습니다.) 그래서 본인 회사에 재직하시는 직원 분을 데리고 와서 실제로 실습하는 수업도 있습니다. 다만, 이 수업이 컴퓨터공학과 학생들만 듣는 것이 아니고 교양수업이다 보니 실습을 따라가지 못하는 학생들이 상당히 많았습니다. 이장우 교수님은 블록체인이나 비트코인을 실습하는 것 보다는 이를 활용한 비즈니스 모델이나 기업들을 알려주시는 데에 초점을 두시는 것 같습니다. 이장우 교수님 총 3시간 수업 시간 중에 1시간 30분 정도는 매주 외부 강사들(기업에 종사하시거나 기업을 운영하시는 분)이 오셔서 사업 모델을 설명하십니다. 교양과목인 만큼 교양을 쌓겠다는 생각으로 들으시면 나쁘지 않습니다. 교수님 두 분도 학생들을 최대한 생각해 주시는 편이고요. 시험도 쉬운 편입니다만 일부 문제는 블록체인-암호화폐 카드 뿐만 아니라 수업시간에 교수님께서 다루신 내용이나 중간중간에 흘리신 말들도  시험문제에 나오기에 수업에 집중하셔야 합니다. 학생들이 공부를 대체로 열심히 하는 편이고 시험도 단답식으로 쉬운 편이어서 하나 틀리면 학점이 많이 내려가실꺼예요... 원래 이번 학기에 팀플이 예정되어 있었는데 시간 관계 상 과제로 대체되었고 블록체인-토큰 이코노미를 활용한 기업 또는 비즈니스 구상해오는 과제여서 큰 부담은 없습니다.(왠만하면 과제 점수는 다 잘 준다고 말씀하셨고요)다만 이번 학기에 처음 개설된 수업인 만큼 시행착오가 존재하였던 것 같습니다. 개인적으로는 이장우 교수님 수업 방식이 훨씬 더 마음에 들어서 앞으로 이장우 교수님 의 지향방향으로 수업이 진행되었으면 좋겠다는 바람도 드네요.	15
남는건 카드밖에 없다고 한사람 진ㅋ짜 자체 무뇌 인증하시는듯.. 솔직히 블록체인 직접 코딩해보는부분은 강의력은 정말 떨어지긴 했지만 그 뒤에 블록체인 조금만 관심있어도 알법한 유명한 블록체인 회사 대표 혹은 임원분들 직접오셔서 강의해주시고 관련사업영역에 흔치않은 간접경험을 얻을수 있는 강의였음. 그런분들 초빙하려고 노력하신 흔적이 보이는데 남는거 카드밖에없었다는 후기보고 빡쳐서 들어와서 난생처음 후기적어봄.	15
원리 위주 수업  첨에는 교수가 수업하다 나중가면 교수회사직원이  수업 함  그것도  제대로 된 실습 안되더라  나중가서 못 나가니 포기 걍 암기수업임  끝나고 남는건  블록체인 카드밖에 없음	15
교수님들 두분이 강의하시는데 특강도 자주오고 진짜 재밌고 유익함. 시험도 쉽고 수업태도만 좋으면 점수 잘 주실듯!! 진짜 진짜 강추.. 권건우 교수님 이장우 교수님 감사합니다~~	15
이전이랑 강의 방식이 바뀌고 한 교수님이 다 진행하심. 할 것도 많지 않고 성적은 잘주심. 시험없고 중간고사는 공모전 영상, 기말은 팀플 발표인데 앵간하면 다 에쁠 주시는 듯	16
해야하는게 많고 귀찮을 수도 있지만 얻어가는게 많았던 수업! 빅데이터, 사물인터넷 자체에 대해 배우는건 별로 없지만 교수님께서 인문학적 상상력과 연결해서 수업을 진행해주셔서 다양하게 얻어가는 건 많았음. 특히 다양한 과 분들과 이야기를 많이 할 수 있어서 시야를 넓힐 수 있었던 좋은 기회였음. 토론하는 것도 부담스럽지 않고 괜찮았음!!	16
참여도기 높은 수업이라 재밌음 따로 준비해갈 거 없어서 부담도 없음 시험 없는 교양 하나 듣고 싶다+학점 채우고 싶다> 매우 좋음  과제는 토론 댓글 달기인데 좀 귀찮을 수도 있음 그치만 쓰기만 하면 점수 주심	16
성적을 너무 잘 줘요 진짜 다 하기만 하면 근데 교수님이 무슨 생각을 하시는지는 잘 모르겠어요 학자로의 신념 이런건 안 느껴져요	16
대학교 수업의 로망. 참여도가 높은 수업인데 부담감이 없다. 수업전 봐야항 영상이나 토론은 다수 존재한다. 하지만 쉬움. 공대생을 싫어하는지 모르지만 성적 배분이 이상한거 같음.  그냥 비쁠 교양 채우기용으로는 좋음	16
성적 부여하는 방식이 주관적이어서 꿀강의인지는 잘 모르겠습니다	16
수업 내용은 전반적으로 이해하는데 어렵지 않고 흥미로운 주제로 많이 하심. 성적 잘 주시는 것처럼 말씀하시지만, 꼭 그렇지는 않음. 과제가 귀찮기는 하지만, 제출만 하면 상관없음.	16
중간고사는 대체 보고서 기말고사는 보고서 쓰기입니다. 과제는 말 그대로 써서 내면 만점 주십니다. 토론 위주이지만 딱딱한 토론 보다는 가벼운 의견 교환에 가까운 것 같습니다. 출석과 과제 늦지만 않게 신경써주면 좋은 점수 받을 수 있습니다.	16
얻어가는게 정말 정말 없는 수업 별개로 교수님은 좋으신분일수도.	16
꿀강 아님 열심히 했는데 비쁠나옴. 과제는 제출시 만점이고 상대평가는 기말 하나였는데 그냥 글쓰기 시합임 잘 생각하고 수강해보길	16
** 갓수업인 이유  1. 수업의 주제가 살아있는 논쟁이기 때문에 책을 따로 구비하지 않고 그때그때 페이퍼(논문, 뉴스) 주신다고 하심 >> 때문에 형식에 얽매인 수업이 아니라 갑자기 관련 동영상이 생각나서 유튜브를 보여주신다거나 사례 살명해 주신다거나 하셔서 편하고 부담없이 수업에 참여할 수 있었음  2. 질문을 많이 하심. 주로 영상 같은 거 보고 "어떠셨어요? 그냥 막 드는 생각이나 느낌 아무거나 말해 주셔도 돼요~" 하셔서 사람에 따라 불편할 수도 있겠지만, 첫 수업에서 <질의응답을 분명 불편하고 부담스러워 하는 학우가 있을 거라 생각된다. 그건 개인의 생각 표출 방식이 말이 아니기 때문이라는 것을 알고 그게 잘못된 거라 생각하지 않으니 부담스럽다면 메일이나 디엠 보내면 절대 질문하지 않겠다. 또 이것 때문에 성적과 관련해 부당한 처우도 없을 것이니 편하게 연락 달라고 하심.>  3. 수업에서 다루는 주제도 재밌고, 다양한 학과에서 학우분들이 오셔서 저런 과에서는 저런 걸 배우고 저렇게 연관시킬 수 있구나 배울 수 있었음. >> 교수님의 가르침뿐만 아니라 수업 분위기 자체가 상호소통에 활성화되어 있는 느낌이 커서 배울 수 있는 영역이 광범위했음  4. 학생들의 편의를 최대한 봐주시려고 함. 16시 수업인데 16시 10분부터 출석체크하심. 또 중간이나 기말도 최대한 부담 안 가고 편하게 할 수 있도록 날짜 조정해 주시거나 난이도 조절해 주심.   5. 전체적으로 봤을 때 걍 갓성희 교수님이셨음.  **정리 배움O, 재미O, 상냥함O, 시험 부담X	16
[강의 포인트] 1) 수업 참여가 가장 중요한 수업 (질의응답 적극 참여) 2) 교수님께서 과학철학전공하시고  교육사업참여 많이 하셔서 에듀 테크를 중점으로 배움  교육, 과학 기술에 관심있는 사람들 추천 3) 교수님께 상담요청할 수 있음 (매운 맛..현실자각) 4) 수업중에 가끔 간식주심. 교수님께서 먹는 거 좋아하심.  발표:2번 -팀플 발표 1번 (부담 없음) -개인 발표 1번 (중요)  지필고사: 1번 중간 x ,기말 0 (오픈북)  교수님께서 질문 많이 함 (돌아가면서 근황 얘기하라 함) 수업방식 : 유튜브 강연/ 뉴스기사 보여주고 질의응답 + 팀플 발표하고 토론 및 질의응답  과제: 하 (논문이나 보고서, 영상 보고 매주 질문 2개 작성해야 함.  개인적으로 재밌었는데 귀찮아 할 수도 있을 듯)  시험 난이도: 중상 (시간 40분이라 너무 촉박함.  큰 점수 문제부터 쓰는 걸 추천)	16
중간 대체 과제 1번, 기말고사 1번, 매 싸강마다 토론 달기 있습니다. 대체 과제는 만점 기준이 높은 것 같지만 비중이 적어 기말고사가 중요합니다. 족보 얻어서 풀면 나름 할만합니다. 꿀까지는 아니지만 나쁘지는 않았던 듯하네요	17
중간 과제 한번 기말 시험 한번입니다 싸강이라는 메리트가 있기 때문에 나름 나쁘지 않은거 같아요 ..ㅎ	17
과제1개 기말시험 한번으로 진행됩니다. 중간시험 안보는 건 좋지만 은근 해야할게 많아서 엄청 꿀은 아닙니다	17
족보랑 교안 제대로 된 거 구하면 그걸로 시험문제 다 풀 수 있음 과제가 좀 귀찮긴 함 그리고 매주 뭐 써야되는 것도 있어서 귀찮은데 나름 꿀강이라고 생각	17
정리본 잘보면 됩니다. 개인적으로 노력 좀만 하면 꿀이라 생각함	17
아직 초반이지만 강의평을 왜 작성하냐면 이 강의를 들으면 들을수록 상상력은 개뿔,, 점점 멍청해지고 바보같은 제 자신의 모습을 발견할 수 있었습니다. 교수님의 강의도 별로고, 수업 내용 자체도 너무 지루합니다.	17
으…여러분 듣지마세요  수강후 상상력이 떨어짐..	17
진짜 그냥 꿀빨료고 듣는거같은게 그렇게 꿀은 아님ㅋㅋ ㅠ	17
열심히하면 좋은 점수 주는 강의 과제 하나랑 시험 한번이 끝이에요	17
교안, 족보보면 굳. 교안을 좀 공부해야하긴 함.	17
시키는 건 없지만 상대평가라 원하는 성적을 못받으실 가능성이 큽니다.. 처음에 에제나왔다가 주관식 누락된 점수 추가돼서 에이쁠 턱걸이 받았네요	17
꿀 교양은 아닙니다. 교수님 수업도 내영 때문인지 많이 애매합니다. 그래도 열심히 하면 성적 잘 받아 갈 수 있습니다	17
레포트 제출 + 기말으로 성적 레포트 어디에서 깎이는지 얘기 안 해줌 기말도 이상한 걸로 변별함... 중간 안 보는 건 좋지만 꿀강은 아닌 거 같습니다	17
중간은 레포트 대체과제(분량 p3), 기말이 수업 전범위입니다. C타입 꿀강처럼 아무것도 안 듣고 시험 때만 족보 갖고 풀 수 있을 정도의 교양은 아니지만 이 정도면 들을만한 수업이라 생각합니다. 본인은 강의 수강 후 시험 전 교안만 1회독만 했고 중간기말 모두 만점 받아갔습니다. 조금만 신경쓰면 충분히 좋은 점수 받아갈 수 있는 강의라고 생각합니다.	17
매주 토론 쓰는 것과 중간대체과제가 조금 귀찮긴 하지만 금방 끝낼 수 있는 분량이에요. 기말은 지엽적이고 난해한 문제가 몇 문제 나와요. 대체과제 2점 감점되고 기말 1개 틀려서 A+ 뜨긴 했는데 기말 문제가 좀 당황스러웠어요...	17
trash 듣지마라 ㄹㅇ 듣지 말라면 듣지 마 그냥 듣지 마 좀	17
군e러닝 기준으로 족보는 잘 안겹침 근데 교안으로만 풀면 100% 에쁠	17
군 e러닝으로 들었습니다. 족보에서는 거의 안 나와서 교안을 1순위로 챙겨서 봐야함. 과제가 있지만 성적에 반영 되지는 않고 본인의 생각 적음. 기말고사는 한 번만 보면 돼서 편하게 들을 수 있다. 에쁠 냠냠	17
중간레포트 점수 어디서 깎인 지 안 알려주십니다... 그리고 기말 점수 안 알려주신채로 학점 나왔네요. 전반적으로 쉬웠던 건 맞지만 학점을 잘 주시거나 쁠을 채워주시는 교수님은 아닌 거 같습니다. + 족보 없으면 절대 못함.	17
내용 시간 아까울 정도로 황당하고 중간을 진짜 이상한 데서 냄	17
배우는 내용 쉽고 싸강이고 과제도 쉽고 다 좋은데 교수가 종종 설명을 틀리게 하는 경우가 있음.(피피티 내용과 반대되게 설명)그리고 말을 조리있게 못하셔서 가끔 이해가 어려운 문장이 꽤나 있음. 내용 상으로는 꿀이 맞긴 한데 후반부로 갈수록 계속 똑같은 내용을 배우고 있다는 느낌을 받음. 각 주차 별 내용이 뭐가 다른지 모르겠고 좀 헷갈리기도 함! 추천 안 함	18
과제도 많고 토론도 올려야하고 싸강치고 할게 너무 많음...꿀강 싸강은 절대 아니고 이거 들을바엔 대면 꿀강이 나음	18
강의 보고 해당 주차 토론 올리면 되는 거라 수강은 편함	18
뭔가 자꾸 많이 시킴… 싸강 중 시험도 빠른 편 이게 싸강이 맞나 싶으니 안듣는것을 추천함	18
장점: 싸강임 단점:교양 치고 양이 너무 많음. 피피티 가독성 최악임.  그린 챌린지라고 15개 친환경 활동 인증 과제 해야하는데 좀 귀찮음.  결론: 듣지마세요	18
범위많고 문제 어렵고 시험 혼자서는 절대 뒤져도 에이쁠받기 힘들며 매주차 써야하는 토론도 열심히 써야하고 그린챌린지 15개는 귀찮음	18
과제많고 시험범위가 너무 많아요  외워야될게 너무 많아요..	18
온라인 수업이라 들음 별론데 온라인이니까 괜찮	18
군 학점으로 군대에서 수강하였던 강의였습니다. 아무래도 사이버 강의라서 실제 대면 강의보다는 질이 낮다고 생각하였지만 생각보다는 내용적인 측면은 좋았습니다. 하지만 질문을 할 수 있는 방법이 많이 없었다는 점과 시험 수준이 높기도 높았지만 짧은 시간 내에 많은 문제를 풀어야 하는 점이 아쉬웠습니다. 과제는 매 수업을 듣고 질문에 대한 답변 달기 정도가 있었습니다. 중간고사는 없었던 것으로 기억하고, 기말고사는 객관식으로 출제하였습니다.	18
양치좀 하고  머리 좀 감고 수업했으면 좋겠다 앞자리는 좀 힘듬	18
ppt 내용이 너무 많고 매주 토론 댓글적고 그린챌린지 15일하는게 꽤 귀찮습니다. 그래도 강의 안 듣고 하루전에 피피티 내용키워드 어느부분에 뭐 있는지 대강 써놓고 보면서 시험쳤더니 망한줄알았는데 나름 잘 나왔습니다. B+성적이었는데 올려주셔서 A0받았습니다. 다른 시험보다 1-2주 전에 시험 끝나서 편합니다.	18
들어야할 강의량은 많지만 오픈북 시험이어서 꿀이었음 ~ 문제를 헷갈리게 내시긴 함	18
수업 제때제때 듣고 시험 적당히 잘 보면 성적 나쁘지 않게 나와요 그린챌린지만 안 밀리면 괜찮을 듯 합니당	18
귀찮고 시험범위 양도 되게 많아요 대신 오픈북이라 공부했으면 많이 어렵지는 않았음 피피티가 가독성이 좀 떨어지고 옛날 자료같다는 생각땜에 좀 빡치긴 했음 그래도 시험만 잘보면 에이쁠 나옴 나 지각 4번함..ㅋㅋ	18
그린 챌린지 15점 (은근 귀찮) 중간 32+기말 80 = B0  점수 잘 받음요 ㅎㅎㅎ 추천 합니다	18
그린챌린지 15번 (환경 관련 활동사진이랑 간단한 설명 써서 업로드) 영상시청/ 토론 작성 중간기말(사지선다 + 서술 1-2개)  이렇게 하면 끗입니다 시험은 양이 적은 건 아니지만 오픈북이라 교안 컨엪해서 풀면 돼요 하루 전에 쭉 읽으면서 내용 정리하고 암기했더니 타임어택 못 느끼고 여유있게 풀 수 있었네용 이정도 투자에 에이쁠 받아갈 수 있었으니 굿굿 추천추천	18
할게 은근 많고 공부하기는 싫었던 과목 성적은 나쁘지 않게 주시는 듯함..	18
15일동안 올려야 되는 그린챌린지가 좀 귀찮긴 한데 기간이 넉넉해서 설렁설렁 해도 괜찮다.  시험은 PDF로 컨트롤F만 해서 A0. 조금 귀찮지만 무난한 싸강이라고 생각함.	18
그린챌린지 한 달에 열다섯 번 올리는 게 조금 귀찮지만 시험이 오픈북에 족보랑 매우 비슷해서 편해요	18
중간 기말 다 외울 거 너~무 많은데 시험이 오픈북이라 괜찮았음 ㅇㅇ 과제나 토론도 자잘하게 있는데 어려운 건 아니라서 지각 안 하고 잘 내면 됨	18
과제만 기간 안에 잘 제출하면 무난 카메라 켜라고 하시고 줌으로 진행	19
시험 및 과제 없고 한학기 통틀어서 자소서 하나 제출하면 됨. 교수님 학생들 편의 많이 봐주셔서 좋음	19
그냥저냥 들을만 합니다. 캠은 켜셔야 하구요. 기말 때 자소서 과제만 제출하면 끝입니다	19
누군가에게는 잔소리처럼 느껴질 수 있지만 정말 도움이 많이 되는 정보라고 생각합니다  취업에 관련된 다양한 정보를 배울 수 있습니다	19
교수님 꼰대맞지만 얻어가는건 많아요. Zoom이라서 공휴일도 수업하시고 풀강하십니다.	19
그냥저냥 … 어차피 들어야 하는 인턴십 과목… 어떤 교수님 수업을 들을까 고민했는데 다 비슷한듯...?! 조아여!	19
2학점 감사합니다! P/F라 부담없이 수강했던 과목	19
시험 없고 자소서 기말대체 과제 있음. 3문항 골라서 작성해서 제출하면 되고, 출석만 잘 챙기면 됨.	19
교수님 잔소리는 많지만 다 도움되라고 하는 소리이니 나쁘지 않아요. 취업에 도움되는 말도 많이 하시고 캠은 켜두면 감점될 일 전혀 없습니다 자소서는 양식 맞춰서 쓰면 되는 정도	19
캠 키고 성실히 출석하고 자소서 하나 쓰면 끝! 교수님이 학생들 편의를 최대한 봐주십니다. 덕분에 행복하게 인턴십 채웠습니다.	19
캠은 켜두기만 하면되고 출석 중요함 한번 결석하면 8점 까인다고하심 14주차쯤에 기말과제 양식지켜서 성의있게 내면 그냥 패스입니다	19
인턴십 달달하게 채워가요 그냥 무난하게 p주시네요	19
자소서만 쓰면 되고 예시같은거 알 수 있어서 도움됐습니다. 비대면이라 좋아요	19
pf 수업이라 수업 들을 필요도 없고 캠만 열심히 켜면 됨 과제 하나 제출하면 끝	19
그냥 모두가 생각하는 인턴십을 위한 강의 과제 3쪽 썼더니 만점	19
가볍게 듣기 좋음. p/f라 부담도 없고 기말과제도 예시보고 적어서 제출하면 됨	19
당시 비대면이었는데 교수님이 꼭 캠을 키게 하셨음. 이외에 시험없고 과제 제출만 있는 강의였는데 요즘은 어떨지 궁금하네요	19
pf 과목 과제 잘하고 수업 들어면 부담없어요…	19
피에프라 부담이 없고 교수님께서 굉장히 적극적으로 수업하십니다! 만족스러운 강의였습니다.	19
학기 내내 교수님 특유의 꼰대스럽고 강압적인 말투가 굉장히 불편했습니다. 그래도 수업 자체는 간단한 과제 하나만 제출하면 돼서 꿀강입니다	19
따로 과제도 없고 교수님이 친절하게 설명해주셔서 자소서나 최업 관련해서 많은 정보를 얻을 수 있었습니다.	20
인턴십채우기 개꿀과목 별로 요구하는것도 없고 싸강으로 잘들엇어여	20
내용도 유익하고, 교수님이 열정적이심.  인턴십 부담없이 채우기에  좋음.	20
인턴쉽 영역 채우기에도 부담없는 과목이고 교수님께서 엄청 착하십니다!! 인턴쉽 영역 못 채우신 분들은 이 과목으로 채우는거 추천드려요	20
인턴쉽 채우기에 정말 좋음 온라인수업인데다가 카메라 안켜도 됨 근데 중간에 작은 과제같은거 하나랑 조별로 모여서 활동하는거 하나 있었는데 부담되진 않음 =꿀강의	20
교수님께서 정말 친절하시고, 도움이 많이 됩니다	20
얻는게 없음 한학기 수업 듣고 얻은 것 = 유튜브 한시간짜리 자소서 강의	20
꿀강! 교수님 깅의력이 좋아요! 취업과 관련된 실용적인 지식을 배웠어요. 수업 에 이력서와 면접의 관계를 설명할때 단순한 자료가 아니라 질문을 받기 위해 쓰는 것이 가장 기억에 남았어요. 취업이 주동적인 일이라는 생각이 들 정도로 단번에 마음이 격려되었어요.	20
한번도 강의를 제대로 들은적이 없는데 패스라뇨. 꼭 꼭 들으세요. 한 학기 동안 출석만 채우면 됩니다. 줌 들어가서는 카메라 킬 필요도 없이 걍 잤어요	20
교수님은 친절하시고 숙제도 없고 실용과목도 많이 배우십니다.	20
취업에 대한 전반적인 내용을 알 수 있었고 시험이 없어서 편했습니다.과제도 부담되지 않고 편하게 들을 수 있는 수업이었습니다.	20
얻어가는 건 없지만 꿀강입니다 영역채우기용....	20
면접이랑 자소서 준비하기 좋은 수업 큰 기대 안했는데 굉장히 유익했음	20
꺼억 2학점이랑 핵심교양영역이랑 인턴쉽 잘 채우고 갑니다 심지어 유용한 내용임 취업할때 쓸 내용 시험 없고 과제없고 줌들어가고 한숨 푸우욱 자면 하루가 행복함	20
최고의 교수님 학점 채우기도 좋고 얻어가는게 정말 많으시니 꼭 들으시길 추천드립니다.	20
할 거 별로 없어서 정말 편하게 들을 수 있는 수업이에요! 인턴십 채우기 딱 좋아요ㅎㅎ	20
도움 많이 되었어요 PF라서 부담없고, 인턴쉽도 채워지고  꼭 들으세요	20
취업에 있어서 기초적인 내용들을 잘 알려주셨습니다.	20
취업에 대해 잘 알려주십니다 교수님이 매우 열정이 넘치시는 열정맨이심 고학년이면 도움 많이 될 거예요	20
교수님이 인사 쪽에서 실력이 있으시고 취업 정보 등 열의를 가지고 알려주시려고 함. 취업 앞두고 있으면 듣는거 ㄱㅊ. 교수님은 자꾸 캠이랑 마이크 키라고 하는데 킨 사람들한테 자꾸 말거니까 귀찮을 것 같은 사람은 안 키는거 추천	20
요약 노트만 작성하면 쉽게 2학점 챙길 수 있어요. 출결이 좀 빡빡하니까 그것만 신경 쓰시면 됩니다.	21
PF라 부담없고 얻어갈게 아주 많은 강의. 들으세용	21
꿀강의! 그냥 쉬어가는 수업 하나 추가하는 느낌	21
오프라인 강의 전자출결을 약 1분내에 해야한다. 과제도 꼼꼼히채점하진 않으시는거 같고 제출만 하면 되는거 같다. 시험도 굉장히 쉬운편이다.	21
꿀교양 강의노트 적는 것 빼고는 별로 할 게 없어요	21
꿀강 중에 꿀강! 말이 필요 없음!! 꿀강 중에 꿀강! 말이 필요 없음!!	21
pf 과목 중 꿀강이에요!! 부담없이 들을 수 있고 매주 짧은 리포트 써야합니다 수업이 조금은 지루할 수 있어요 ㅎㅎ	21
피에프 꿀강. 다만 매시간 강의노트 써야 돼서 귀찮음.	21
PF 너무나 괜찮은 꿀 교양 생각보다 괜찮음. 너무나 어려운 내용 아니어서 쉽게쉽게 들을 수 있을듯.	21
p/f에 꿀강입니다  그리고 매주 창업하시는 분들이 오셔서 강의하는데 재밌습니다	21
스타트업 관련된 분들께서 오셔서 강연해주시는 식으로 수업이 진행됩니다. 사실 어느정도만 해도 p는 나오기 때문에 되게 좋았어요	21
휴식하는 느낌으로 강의 참석해도 될정도로 편한강의라고 생각해요	21
개꿀이고 결석 많이해도 f 맞을 정도만  아니면 pass 나옵니다	21
P/f라서 부담감도 없고 꿀강이라고 생각합니다.	21
꿀피에프 강의  나쁘지않음  재밌게 들었음 강추합니다	21
창업에 관심이 있으면 재밌는 수업 강의노트만 하면 됩니다 나름 꿀 피에프	21
즐거운수업 선배님들의 창업이야기를 들을수있다.	21
피에프입니다. 출석,대체과제,시험있는데 그렇게 어렵지 않아요. 선배들의 스타트업이야기를 직접 들을 수 있어서 좋아요!	21
강의도 꽤 재밌고 성적 잘 주시는 아주 꿀교양입니다 출코를 너무 빨리 닫아서 못 누르면 가끔 중간에 다시 말씀드려야하는 것만 빼면 다 좋습니다	21
개꿀 피에프 교양 출석만하면 걍 P 대신 강의 개노잼임	21
너무 좋다🫰🏻교수님 재미있게 강의하고 친절했고 좋은 평가 받았어요^ ^	22
처음으로 이 교양을 수강한 한국인입니다;; 우선 저 빼고 다 중국인이었고 수업 자체가 중국어로 진행이 되다 보니 중국어가 가능한 분이라면 한번쯤 도전해볼만한 교양이라고 생각합니다 시험은 없고 개인과제 하나 + 팀별 발표 두번이 있습니다 교수님이 엄청 친절하게 대해주세요 저는 재밌게 들었습니다	22
그저 갓갓갓.. 숨겨진 영전 꿀강의.. 진짜 매주 그냥 쉬어간다는 느낌으로 수업 가면 돼요! 시험 없고 대체과제는 자기 생각 1-2장 쓰기에요. 영전 달달하게 에이쁠 받아갑니다~~	23
중간도 대체 과제이고 자기 생각 잘 서술하면 되는 과목입니다 그리고 절평임.	23
얻어가는건 딱히 없지만 대부분의 교양이 마찬가지라고 생각합니다. 학점은 잘 주시는것 같아요	23
갸꿀 그저 갓갓갓 배우는 건 없지만교수님 천사 약간 지루할 수 있으므로 영어 말하기 직접 하고 싶은 사람은 비추 학점 잘주신다고 들음	23
유쾌하다 교양팀플은 복불복인듯 솔직히 내용은 뭘 말하시는지 모르겠음..	24
나쁘진 않은거 같아용 팀플좋아하면 하세여  과제는 없고 팀플만 잇어요	24
팀플 좋아하고 새로운 친구 사귀는거 좋아하는 사람한테는 추천	24
팀플이 많긴 한데 부담되는 정도는 절대 아닙니다. 에이쁠 꽉 채워서 주십니다.	24
초반부에는 강의형식으로만 진행하시다가 중반부부터는 팀플도 같이 병행됩니다. 팀플 활동은 예상하지 못한 활동들을 하게 되는데 전혀 부담되지 않는 활동들이라 걱정하지 않으셔도 괜찮습니다. 시험은 기말 한 번만 봤는데 평소에 수업 내용 잘 메모해두신다면 문제 푸시는 데에는 지장 없으실 거예요!	24
조원들을 잘 만나야지 즐거운 수업이다 조원들이 꽝이 걸리면 이보다 더 노잼수업은 없다ㅠㅠ 그리고 시험만 잘보면 성적 끝	24
사람 만나는 팀플 좋아하고 그냥 적당히 성적 받고 싶으면 강추	24
편하게 들을 수 있눈 수업임. 다만 필기는 무조건 열심히! 걍 다 적으세요, 기말 시험으로 성적 결정되는듯합니다.	24
즐겁고 철학적인 수업입니다. 팀플위주로 진행하시네요	24
중간은 팀플 과제로 대체했으나 영화 패러디 하기와 같이 쉬운 항목이었고 기말 발표 및 시험이 성적을 좌우하는 것 같음. 수업 내용은 재밌는 편이고 교수님 개그가 잘 통하면 수업 내내 웃다 간다	24
매우 유쾌하고 재밌는 수업이고 여러 과 사람들과 친해질 수 있는 기회가 있음	24
처음엔 재미있었으나 공대생인 본인은 점점 흥미를 잃어감 그래도 수업은 재미있음 팀플도 꽤 가벼운 편 수업을 잘 안 들어서 시험이 어렵게 나온 건지 쉽게 나온 건지는 잘 모르겠는데 지엽적이었음	24
팀플도 있고 기준도 모호하지만 나쁘지 않은 강의	24
여러 가지 내용 배우는데 뚜렷하게 뭐가 주제라고 하기가 애매.. 예술에 관한 내용이 많은 것 같음. 교수님 유쾌하심 그리고 이야깃거리 들려주시듯이 수업하시는데, 피피티나 수업 자료 따로 없어서 말씀하시는 거 다 받아적거나 녹음해서 시험 공부해야 함!! 팀끼리 하는 거 많아서 (중요한 팀플이든 짜잘한 팀플이든) 같이 하는 친구 몇 명 있으면 좋을 듯함. 점수 잘 주시는 듯해요 쁠 채워주시는 것 같음. 출결은 원래 전자출결이았다가 중반인가? 후반쯤부턴 직접호명하셨음	24
저는 에쁠받아서 좋았는데 저희 조 팀원들은 이해할 수 없는 성적을 받아서 성적주는거에 대해서는 이해가 안되지만 교수님은 유쾌하시고 좋습니다. 다만 성적주시는건 진짜 뭐가 뭔지는 모르겠습니다..	24
정효찬 그는 신이다. 출석 성실히만 하시고 팀플 즐겁게 참여하시고 시험지에 뭐라도 써넣으시면 됩니다. 물론 저 세 가지를 충족한다는 전제 하에...	24
타과생들이랑 교류하고 싶으면 이만한 강의가 없음 교수님 재치있음 매주 강의 내용 필기해야 기말고사 필기 풀 수가 있음 마지막 발표 과제는 자유주제로 10분 이내 발표하기임	24
유쾌 그 자체! 하지만 팀플이 메인이라서, 팀원 잘 만나야 합니다 ㅠㅠ	24
팀플 좋아하시면... 학점도 유쾌합니다 강의 녹음은 꼭 해두세요	24
대학생활 드라마 같은 데서 보면 수업 그 잡채임. 팀플이 많긴한데 대체적으로 쉬운 것들이고 (티타임 가지기 뭐 이런거도 함) 무튼 정맣 재밌는데 예술적인 얘기가 많아서 살짝 어렵고 시험이 뒷통수 침 한학기 내내 재밌다가 시험보고 기절함	24
일기 밀리지 말고 쓰고 보고서 작성 여러번 하면 좋은 수업 입니다. 사람들과 얘기하는 거 좋아하는 사람한테 적합한 수업 같아요	25
일기 쓰는 게 가장 귀찮음 하지만 수업 자체가 재미있고 부담이 덜함	25
여기서 친구 만들고 갑니다 일단 수업시간에 떠드는게 활동이니 친해질 수밖에 없어요. 조원들이랑 따로 술도 마셨어요. 과제만 꼼꼼하게 하시면 성적은 따라서 나옵니다.	25
다른 과 사람들이랑 친해지고 싶으면 들어라 ! 힐링 수업이었음 일기만 정성스럽게 꼬박 쓰면 에쁠받음	25
교수님도 나름 좋으시고 시험도 없어서 굉장히 편하게 수강할 수 있는 강의라고 생각합니다. 다만 매주 조별활동이 있어 성격상 소심하거나 처음 만나는 사람들과 친해지기 힘들 것 같으신 분들은 부담스러운 수업이 될 수 있을 것 같습니다. 극외향적이신 분들은 아마 재밌게 수업 들으시고 과제만 성실히 하면 좋은 성적 가져가실 수 있습니다.	25
최고의 꿀강. 교수님 강의-조별활동으로 이루어져 있는데 교수님 강의도 내용 가볍고, 조별활동도 교수님이 주시는 질문들 대답해서 공유하고, 남은 시간 친목하는거라 전혀 부담도 없어요. 일기가 있긴 한데 꾸준히 쓰면 부담 안되고 자기성장보고서라는 과제도(주마다 주제에 맞는 자기 경험 및 성찰 서술) 한 네다섯번 내니까 에쁠 나왔어요 무언갈 얻어가고 학업적인 진전이 있고 이런건 아니지만 꿀교양을 찾는다면 무조건 추천합니다!	25
한양대학교 최고의 강의… 엠비티아이 i로 시작했는데도 친구 많이 얻어갑니다!	25
일기를 최소치만 쓰지 말고 오버해서 많이 쓰면 학점 잘 주시는듯요	25
N수 생활로 사회성을 잃어버린 새내기한테 도움이 되는 과목 의외로 고학년 분도 많으셨다. 연애보다는 친목 위주의 교양이라 보면 됨   하라는 것 만 대충 하니깐 b+  출석 다 채우고 하라는 과제 기본만 하고 일기 정말 분량만 채우고 24개 쓰고 자기성장 보고서 1개 발표 딱 한 번	25
소수과인 사람이 타과 친구를 만들 수 있는 최고의 수업	25
교수님도 정말 좋으시고 수업 정말 재밌습니다. 그간 들었던 교양 중 가장 마음에 드는 수업이었습니다. 일기나 다른 과제들이 조금 많긴 했지만.. 그래도 수업 자체가 너무 즐거워서 괜찮았습니다.	25
다른건 다 좋다 알기가 내 발목을 잡는다 조원들끼리 밥도 먹고 말도 놓고 친하게 지낼순 있음 신기하게 잘 맞는 사람들끼리 조가 잘 짜진것도 같긴 한데 진짜 좋은 사람들 많음 다양하고	25
ㅎㅎㅎ재밌어요. 힐링 수업이고용 타과생 친구들 생겨서 좋고용 과제 부담도 없어서 좋고용 일기 열심히 쓰세용 저는 자기성장보고서도 재밌어서 계속 냈어용 교수님도 너무 좋아용 인관훈 최고 👍😆	25
그냥 그냥 개꿀강입니다 하라는거다하면 2학점 A플이 내거!	25
꿀이라고 들어서 일단 들었는데 발표 있다고 해서 조금 싫었지만 아예 부담없는 발표들 밖에 없었고 수업듣는 내내 같은 조원분들이랑 얘기도 나누고 좋았음 다만 미리 일기 안쓰면 힘듦	25
정말 활용하기 나름인 강의다 수강자의 적극성에 따라 얻는게 아주 많을수도 아예 없을수도 있다 조원들과 친해지는것도 선택이다. 애초에 이 강의를 수강신청한 사람이면 다른 조원이 친해지자는데 거부할리가 없다 그동안 대인관계가 정말 서툴렀던 사람이 여기서 배운걸 토대로 밖에서 꽤 괜찮은 대인관계를 가지게 된 경우도 봤고 그냥 일기만 형식적으로 쓰고 A+만 샥 받아가고 끝인 경우도 많다 얻어가는게 학점뿐이라면 너무 아쉬울 강의 여기서 배우는 것들은 인간적인 관계에 도움 되는 것들이라 나같은 뚝딱뚝딱 로봇들도 형식적으로나마 인간적인 리액션을 할 수 있게 해준다. 이제 방법을 '알았으니까'... 아무튼 대인관계 개선에 매우 유익하다 성적 기준이 모호해서 쫄린다면 일기를 매주마다 '공들여' 쓰도록 하자	25
빽빽한 전공 속에 힐링되는 시간이었고 재밌는 대학 교양 느낌이었음 일기도 24개만 쓰고 자기성장보고서도 2~3개만 썼는데도 에이플 받음 중요한 과제 보고서들 3~4개 있는데 얘네를 신경써서 열심히 쓰고 수업시간에 발표 몇 번 참여하면 좋은 성적 나올듯 타과 사람들하고 친해지고싶다면 추천합니다	25
재미는 있었습니다! 학점 잘 받으시려면 다른 과목 추천 학점 잘 받으려면 일기랑 자기성장보고서 기준치보다 무조건 많이 쓰세요 양치기로 성적 줌 ㅋㅋ	25
재밌었어요~ 거지같은 전공 속에서 부담스럽지 않은 수업으로 힐링했습니다 수업 때는 주어진 주제로 조원들이랑 그냥 얘기 나누는건데 사람 좋아하는 저는 부담 제로 수업이었어요 이런더 싫어하시면 듣지마세영	25
다른 과 사람들과 친해질 수 있어서 좋았습니다 일기만 미리미리 작성한다면 최고의 강의가 될 것 같습니다	25
강의가 친절하시고 교수님이 도움이 됩니다 친절하고 자세하게 설명해주세요	26
이런 꿀강이 있다는 건 아무도 모를듯 진짜 ㅜ 에이쁠 그냥 앉아서 받아감	26
문과가 듣기에 쉽진 않지만 들을만 합니다. 과제가 조금씩 있긴하지만 시험은 ppt 안에서 다 나오고 쉽습니다.	26
솔직히 문과여도 문제없이 들을 수 있는 수준임 너무 깊게 들어가는 과정 없고 초반 이론 파트만 잘 넘기면 할만 합니다	26
애들아 전기과 아니면 듣지마셈. 본인 문과생인데 하나도 못알아듣겠으니까 진짜 엄청 수학을 잘하거나 전기관련해서 관심없으면 비추..	26
출석 잘 챙기고 교수님이 올려주신 문제은행 달달 외우면 a+입니다 과제는 가점을 주는 것이기 때문에 그냥 해서 내기만 하면 됩니다	27
학점 잘 주시고 출석만 잘 챙기고 시험 문제은행 한전 보고가면 만점 받을 수 있어요. 잡을 수만 있다면 무조건 듣는거 추천	27
시험문제도 다 알려주시고 성적도 잘주십니다 문제만 보고가면 에이쁠 받으실수있어요	27
ESG 관련된 내용 부담없이 듣기만 하면 되는 강의. 마지막에 개인과제 있는데 부담 안 가져도 됨  꿀강임	27
ESG 입문 + 학점 둘 다 챙길 수 있는 강의 팀플같은 거 없고 시험 부담도 없는 절평	27
3학점 a+ 이렇게 쉽게 가져갈 수 있는 강의 몇없는데 진짜 꿀강의에요... 수업은 그냥 여러 esg 관련 현직자분들이 오셔서 강의해주시는거 듣기만 하면 되고 교수님이 오티때 취업도움준다고 성적잘주신다고 하기도하셨음. 시험은 기말고사 한번인데 문제은행주시고 그안에서 똑같이나옴 시험전에 esg주제로 레포트 5장쓰는것만 제출하고(제출안하면 20점 깍여요) 출석 잘하면 에이쁠입니다	27
내용도 유익하고 평가도 안빡세서 좋아요 리포트 한 번 제출 하는 거 있는데 필수는 아닌듯?	27
갠찮은 수업인듯합다 매주 다른 강사님이 오셔서 강의 해주십니다 이에스지관심있다면 고고	27
매주 ESG 관련 중복되면서도 차이가 나는 내용의 강연들을 들을 수 있어서 ESG 관련 지식을 두텁고 폭넓게 쌓을 수 있는 양질의 강의임	27
너무 큰 기대를 가질 필요는 없지만, ESG에 관한 이야기를 각 부문별로 듣고 싶다면 만족할 강의	27
최고의 꿀강 인정합니다. 여러 Esg 전문가 분들이 오셔서 많은 얘기를 해주시고 부담없이 듣기 딱 좋습니다!	27
매주 ESG 관련 현직에 계신 전문가 분들께서 강연을 해 주시는 수업 수업 내용은 매우 유익하다고 생각함 취업을 준비하기 시작하는 3,4학년이 듣는 게 좋을 거 같기는 함 과제 같은 거 일절 없고, 시험만 기말에 한 번 있음 시험은 어차피 절평이기도 하고 문제은행에서 출제하기 때문에 난이도가 pf처럼 나옴  개꿀강임	27
대단하신 ESG 현직자 선배님들 뵐 수 있어 좋았습니다. 한정된 내용상 비슷한 내용을 매주 듣는 것 같을 때도 있지만 그래도 새롭더라구요. 이 분야에 관심 많은 분들이 들으시면 정말 도움 되실듯 합니다. 그리고 학점까지 완벽. 나만 알고 싶은 수업이랄까..☆	27
최고꿀강.  Esg전문가들 오셔서 강연해주시는 느낌...  사실상 시험도 p/f	27
성적 진짜 잘 주십니다. 레포트 3~5p, 중간기말시험 보는데 모두 어렵지 않았습니다. 강의 자체도 재미있게 잘 해주셔서 강의 때 짚어주시는 부분만 잘 들어도 시험에 큰 무리는 없었습니다!	28
제가 못해서 비쁠나왔지만 교수님 정말 좋으신 분입니다. 배경지식없어도 정말 교양강좌느낌으로 얻어갈게많아요	28
교수님께서 항상 '교양'이라는 것을 강조하시고, 그래서 법학의 기초적인 지식을 정말 잘 배울 수 있었던 과목입니다.	28
A+ 채워서 주는 듯 합니다. 제가 공부를 안해서 요령으로 A+ 맞으려다 B+ 나오긴했는데 지식재산법 뿐만아니라 법학의 베이스를 다지기 너무 좋은 수업인 것 같습니다.	28
리포트 과제 하나 중간,기말 봅니다 교수님 현직 변리사시고 강의력 좋으셔요 법과목이라 범위는 좀 방대했지만 성적미화되었습니다. A+받았고 공부하는만큼 받는거같아요. 추가적으로 교수님 일처리 완전빠르셔서 좋습니다. 최종 성적이 일주일만에 나오네요	28
정말 편함. 교수님 눈에 들지만 않으면 고생할 일이 없다.  과제도 간단하게 수업 때 하는 것만 하면 되고 시험도 없고 최고~~ 출석은 lms 접속기록으로 하신다	29
비대면 줌으로 들었고 하는 거라고는 수업 듣는거랑 진짜 사소한 과제 5분만에 끝나는 거 1개였어요 이 수업 하나로 인턴십도 채워지고 영역도 채워져서 안 좋을 게 없습니다 교수님도 좋으십니다 수강신청만 잘 잡으시면 돼요	29
줌 강의라 강의 들을만한데만 있으면 편해요 시험은 아예 없고 하라는 것만 따라하면 끝	29
줌 강의라 편합니다. 아예 딴짓하는 건 좀 그렇고.. 적당히 적당히	29
줌으로 수업 듣는데 정신 차리니 종강이네요 학점 잘 챙겨갑니다	29
고정멤버만 피하면 설렁설렁 수업만 따라가면서 꿀 빨 수 있는 강의입니다 인턴십도 채워주고 이정도면 나쁘지 않은거 같아여	29
진짜 무조건 꼭 들으셈 명강이라는 느낌은 딱히 없지만 꽁으로 학점가져가기 좋은 최고의 수업	29
특별한 것 없음 그냥 시간써서 학점 채우는 듯한 느낌 그닥 중요한 내용이나 잘 가르치는 느낌은 아님. 수업들을 장소 마련하는 정도의 고민있음	29
첫강의때 교수님한테 (좋은의미로)찍히면 매주 고정멤버 당첨이세요	29
PF고 줌수업이고 그냥 조별 활동 몇 개만 하면 돼서 꿀강입니다.	29
얻어갈 건 별로 없지만 가볍게 듣기 좋아요. 꿀강입니다.	29
Pf라서 편하기도 하고 교수님이 매우 너그러우심 강의 내용도 도움되는듯 함	29
P/f라 듣기 부담이 없고 과제도 많이 없어서 편해요	29
부담없는 수업이지만 추천하지는 않습니다…별로 도움이 되는것 같지않습니다. 교수님 전용 답변 머신이 되지않게 조심하세여	29
출석만 하고 캠 끄고 있어도 되는 아주 좋은 강의입니다	29
초청강의, 팀플 위주 피엪이라 꿀이에요 줌이 풀강도 아니라 좋아요	29
과제도 간단해서 괜찮았습니다 대면일 때 팀플은 있었지만 간단하다고 들었어요 시험이 없어 좋으니 꼭 들으세요	29
강의는 실시간 줌으로 진행됐고, 진로설정이나 기업 취업 탐색 그런걸 주제로 교수님 강의 혹은 초청강연자분 강연입니다 팀플은 말이 팀플이지 그냥 수업시간에 간단한거 작성해서 내는거 정도고.. 캠을 켜달라고 하시지만 대부분 안 키시더군요…. 초반에 교수님의 답변메이트가 되면 화면 출연 기회가 많아지실 겁니다ㅎ 그래도 인턴십 채워지는 패논패라 편해서 좋아요!	29
최고에요 진짜로…비대면에 팀플도 거의 없고 시험도 없습니다!!!!!	29
줌에서 팀플 조금 있긴 한데 부담 없는 수업입니다 교수님이 친절하게 해주십니다	29
교수님 강의 정말 열정적으로 해주시고 학생들 배려도 많이 해주십니다. 다만, 수업시간이 너무 졸리고 지루한 감이 있어 많이 졸았어요.. 그래도 시험공부는 교수님이 올려주시는 피피티만 보고 해도 점수 충분히 나오고 특히 강조하시는 부분이 있으니 그거 위주로 공부하시면 됩니다	30
교수님 너무 착하시고 학생들 배려 많이 해주십니다 수업 열심히 들으시고 사례와 연관지어 이해하는 식으로 공부하시면 좋은 성적 받으실 수 있습니다	30
교수님 좋고 강의력도 나쁘지 않아요! 그지만 이해하기 어려운 수업 파트있고 시험 1번인데… 문제수 장난아님.	30
4년동안 학교 다니면서 학생들 졸린 것 같다고 몇번씩 과자 사주고 음료수 사주시는 교수님은 처음 뵙는다. 수업 잘 안 듣고 있었는데 얻어 먹어서 죄송합니다.	30
교수님 정말로 '착함' 그 자체이심. 컨디션 조절 못해서 졸았던 나와 같이 졸던 몇 학생들한테 "제가 더 재미있게 수업을 준비해보겠습니다"하실 정도로. 교수님 완전 존경하고 졸아서 죄송합니다.	30
시험도 마지막 리뷰만 열심히 들으면 다 풀 수 있고 과제는 자유주제로 종강까지라 널널해요! 그리고 격주로 외부인 특강이 시험 범위에도 들어가지 않아서 편하게 들을 수 있어요!	30
교수님 진짜 좋으세요 다만 법 수업이라 로스쿨 준비하는 분들이 꽤 있으시더라고요 그래서 학점 따기 어려울 수 있습니다만 교수님은 잘 주시려고 노력하시는 것 같아요 상대평가이고 교수님이 이후엔 외부강의도 시험범위에 추가할 수 있다고 합니다 참고하세요	30
1. 4학년 동안 수강한 교수님들중 가장 착하심 2. 수업의 절반 이상이 시험에 들어가지 않은 특강으로 대체 3. 중간고사는 과제로 대체되지만 기한이 종강 전까지로 널널함 4. 기말고사도 직전주 리뷰강의를 들으면 무난히 풀이가능 5. 이번이 첫 강의라 인원이 적어 절대평가(다음부터는 변경예상) 결론. 4학년 동안 들은 모든 수업 중 가장 편하고 좋은 강의였음. 진정한 꿀교양을 찾는다면 바로 신청하세요.	30
쉽고 편하게 듣기 좋아요 다만 기말 공부는 총체적으로 해야해서 조금 힘들 수는 있어요	31
시험도 한번 밖에 안쳐서 부담도 많이 안되고 수업 내용 지루하긴한데 들을만 해요	31
줌으로 듣는 강의가 많이 지루하긴 하나 시험과 과제 부담이 적은 편입니다. 매주 강의 듣고 보고서만 잘 내고 보고서 내용 바탕으로 시험 준비하시면 됩니다.	31
다양한 분양의 스타트업에 대해서 이야기 들어볼 수 있어서 좋았습니다. 시험도 자신의 생각을 서술하는 위주로 크게 어렺지 않았던 것 같아요	31
정말 좋아요. 분위기도 편하고, 많은 것을 얻어갈 수 있었고 여러모로 알게되어서 좋았습니다. 막 엄청 구체적인 그런건 아니지만 지대넓얕의 현실버전이랄까요? 제 자신이 레벨업된 기분입니다. 학점도 잘 받았습니다 ㅎㅎ	31
공학 분야와 관련해서 폭넓게 알아갈 수 있었던 강의입니다. 특히 미국, 중국, 베트남의 최근 트렌드에 대해 알 수 있었던 점이 좋았습니다. 발표 1번에 기말 1번, 매주 주간보고서만 제출하면 돼서 크게 부담되지는 않았던 것 같습니다. 기술적인 부분 중 이해가 되지 않는 부분도 있었지만 시험에 나오지 않습니다. 창업에 관심있으신 분께 추천드립니다!	31
수업은 되게 유용한 내용인 것 같다. 창업이 생각이 있다면 더더욱, 없어도 알아가는 건 많다. 그치만 매주 주간 보고서를 써야하는 것, 강연이 그닥 재미있지는 않다는 것이 아쉽다. 한 번 있는 발표도 어렵지는 않았다.  결론, 몸에 좋은 약은 쓰다!	31
한양대 학생이라면 꼭 이 강의를 들었으면 합니다… 창업 생각 1도 없는 학생이었지만 얻어가는게 굉장히 많았습니다	31
이 강의는 정말 좋습니다! 이 강의는 정말 좋습니다! 이 강의는 정말 좋습니다!	31
시야를 많이 넓힐수 있는 좋은 강의  교수님과 멘토님들 모두 너무 좋으심	31
줌으로 수업해서 듣는 수업 위주라 부담은 없지만 많이 지루하긴합니다.	31
교수님이 워낙 착하시고 너그러우십니다.  이 강의는 정말 들어야합니다	31
최고의 교양인것 같습니다. 우물안 개구리 탈출입니다. 다양한 사람들을 만나서 좋습니다	31
수업: 개별 발표 1시간 듣고 20분 정도 쉬고 멘토단 발표와 질의응답 1시간 20분 정도 해서 2시간 40분 정도 진행됩니다. 멘토단 발표가 정말 진국입니다. 북가주 한양대 동문회 멘토분들이 한 분씩 나오시고, 메타버스, AI, 데이터 사이언스, 자율주행 등 정말 좋은 말씀 많이 들었습니다. 많이 얻어갑니다.  발표: 딱 한 번 하면 되고, 성적에 큰 영향 주지 않습니다. 10분 정도 그 산업 역사와 동향정도 발표하시면 됩니다.  출결: 직접호명입니다. 지각은 안 하시는게 좋습니다.  과제: 매주 주간보고서가 있는데 수업 중에 정리해서 쓰면 되고. 그 보고서 정리해서 기말고사 대비 자료로 사용하시면 됩니다. 보고서 열심히 쓰시는게 기말 대비에 좋습니다.  시험: 기말고사 한 번 있는데 제가 공대라 그런지 그런 시험은 처음이었습니다. 10장이었고, 10문제였습니다. 문제는 두 줄로 간단한데 엄청 써서 내는 시험입니다. 손이 아팠습니다. 예를 들자면, 플랫폼의 장단점을 쓰라거나, 내가 생각하는 스타트업을 써라, 베트남이 유망한 이유를 쓰라 등 주간보고서 잘 정리하셨으면 다 쓸 수 있는 내용입니다. 중간에 2주 정도 대충 해서 2문제를 날렸는데도 에쁠입니다. 힘들긴 한데 컷은 높지 않은 모양입니다.  총평: 열심히 하면 에쁠 충분히 받아가실 수 있습니다. 3학점짜리 교양이다보니 로드가 없지는 않습니다. 당연히 전공보다는 적습니다. 개인적으로는 매우 멘토단 강연이 너무 유익해서 정말 추천 합니다. 에쁠 40에 비쁠 60 주시니 참고하시면 되겠습니다.	31
일단 교수님 그저 빛.. 세계 스타트업 동향을 알 수 있는 강의. 열심히 듣고 받아적고 내 생각 잘 적어두면 나중에 시험 볼 때 도움 많이 됨. 이과적인 내용들이 많은데 지레 겁먹을 필요 없음.	31
단언컨대 한양대 최고의 강의. 전세계 창업과 산업 동향을 알고 이에 눈을 뜨게 되는 매우 유익한 강의.	31
스타트업 종사하시는 분들 세바시를 3시간동안 듣는 느낌 매주 감상문있지만 매우 간단함. 발표도 1번있음 시험은 딱히 공부안해도 자기 생각쓰는게 많아서 매우 쉬웠음 열심히만 하면 에이쁠 가능함	31
우선 매주 주차 내용 정리하는 보고서 있고, 발표 한 번 있지만 할 만하고 열심히 들으면 성적 잘 나옵니다	31
교수님 너무 좋으시고 매주마다 새로운 주제로 멋진 멘토님들께서 강연해주시는 모습이 인상적이었어요! 문과인 저는 이해하기 힘들었던 이과적인 부분도 많아서 조금 힘들었지만 진로에 대한 시야(?)가 넓어진 것 같아 좋았던 수업이었습니다! :)	31
하 교수님도 너무 좋고 멘토님 강의도 정말 좋습니다,,	31
교수님이 무슨 말씀을 하시는지 모르겠음 진짜 모르겠음 정말로 모르겠음..	32
배우는게 많습니다. 해야되는것도 많아서 좀 빡세긴한데 열심히 하면 뭔가 다른수업과 달리 남는 느낌 듭니다.	32
객관적인 평가내용 Zero 강사는 본인 썰풀려고 나오는듯 수업의 정확한 취지 Zero --> 강사 입맛에 잘 맞추는 자가 A+ 받아감 그냥 내 생각이 옳다고 생각하는대로 하기보다, 이러면 강사가 좋아하겠지 싶은 걸 하면 됨. 그럼 성적 잘 나옴.  그래서 내가 잘 나옴.  -> 뭘 배우기보다 강사 잘 빨 생각이면 하셈	32
교수님이 사람좋으시고 대학 강의 방식을 미국에서 차용해와서 하십니다. 강의시간에 카페 가서 커피 사주시고 그럽니다. 재밌게 한 학기 보낸 것 같습니다. 다만, 매 수업에 발표와 조별활동이 있습니다. 그렇다고 신경써야 하고 할 일 많은 조활동은 아니고 그냥 가볍게 의견 나누고 발표자료만 만들면 되는 거라 부담이 전혀 없었습니다. 예를 들어 조별로 영화보고 디자인씽킹 해보기, 동화읽고 디자인씽킹 해보기 같은 것들입니다. 교수님이 주입식이나 암기같은 것들을 끔찍이 싫어하시는 분이라 시험같은 건 일절 없고 흥미 위주로 한 학기 가볍게 듣고 소통하면 A+ 그냥 주십니다.  대신, 창업에 대한 실질적인 지식이 필요하거나 실제 창업을 경험해보려는 학생들에게는 도움은 안 됩니다.	32
자유로운 수업분위기입니다. 팀원들과 주도적으로 과제 진행해야하니 팀원들 잘만나는 것도 중요!	32
창업 수업들 중에 대다수는 교수님께서 본인 썰?! 풀듯이 하는 수업들인데 시간 아깝다는 생각이 종종 듭니다. 알맹이가 없는 수업들이 많은거죠. 이 수업도 그런 수업들 중 하나입니다.  수업에 기승전결이 없고 교수님께서 제대로 수업 준비를 하시는지도 의문입니다. 수업에서 얻어가고 싶은 것은 열정이 아닌 지식인데 참 아쉽습니다.	32
재밌다!  생각 정립 과정에서 혼돈을 중요하게 생각하신다는데, 그래서인지 무슨 말을 하는지 모르겠을 때가 많다.  팀 수업인데, 크지 않은 규모다보니 조금씩 친해지는 느낌도 좋다.	32
이전 교수님과 다르게, 마냥 쉽게 성적을 얻긴 힘들다.  한 학기 내내 팀플이라 팀 잘못만나면 ㅋㅋ;;	32
매우 유용한 강의 열정 넘치는 교수(강사)님  그러나 이게 단점으로 작용. 투머치토커라 수업시간 초과하는 경우가 다반사 중간기말 없고 중간 대체 레포트 (1장짜리)와 팀플로 구성. 팀플 점수가 50퍼, 레포트가 30퍼라 비중 매우 큼.  수업 내내 교수의 말을 믿지 말라, 생각의 주체는 자기가 되어야한다고 재차 강조하셨지만 성적 점수부여는 교수님 자기 주관이 매우 빡셈. 모든 과정 순조롭게 진행하고 팀플도 매우 잘 했기에 당연히 에이쁠 받을 줄 알았지만, 중간레포트 수정본을 '선택에 의해' 제출하지 않았음에도 과도한 점수 깎기. 1차 제출본에 대한 피드백도 안주고, 수정할 사람들은 수정하세요~ 보너스점수 드립니다~ 라는 식의 권유만 해놓고는 수정본 제출 안했다고 에이쁠은 그냥 날아갈 수준의 감점.  이의신청 해도 형평성 어긋난다고 상세점수도 안알려줌.   과정은 유쾌하고 유익했으나 성적이 나오고 교수님의 미스커뮤니케이션과 높은 고집으로 인해 매우 불쾌해진 수업...  외부 강사님이라 그런지 융통성이 없음	32
온라인 전환되고 첫 학기여서 우여곡절 많았음.. 책 나오는게  조금 뿌듯하긴 하지만 할거 너무 많아서 절대 꿀빠는 수업은 아님 조원빨이 큼 교수님들은 굉장히 친절하심 ㅠㅠㅠㅠ	33
책을 출판해보는 수업, 팀원빨이 크고 전공이상으로 시간을 많이쓴다. 교양으로 들을거면 절대 듣지 마시길	33
작년 강의평에 교수님이 애들한테 별로 관심 없으시다고 하셨는데 올해는 안그랬음. 그냥 교양으로 학점 떼우기 좋은 강의	34
교수님 좋아요 수업 부담없이 듣고, 학점은 어떨지 궁금	34
창업에 관련된 내용보다는 일반적인 법률 내용을 가르쳐주십니다. 중간고사는 발표 또는 보고서로 정할 수 있고, 다양한 과의 학우들의 개성있는 발표를 보는 것도 재밌었습니다. 발표할 때 교수님이 직접 과자와 마실 것들을 사주실 정도로 좋으십니다. 대충 학점채우려고 신청했지만, 알찬 내용과 실생활에 도움이 되는 부분도 많이 가르쳐 주셔서 신청하길 잘했다라는 생각이듭니다!	34
교수님 친절하십니다. 몰랐던 기업에 대해 많이 알수 있어서 좋았아요	34
강의 듣는 데 힘든 점 없고 재미있게 들을 수 있습니다! 과제도 그렇게 안 빡세요! 그런데 약간 예측불가능한 느낌..!	34
모르는 기업들에 대해 많이 배워갑니다. 많은 아이디어를 얻어가는 수업입니다.	34
교수님 친근하시고 강의 자체도 나쁘지 않습니다 재밌어요	34
재미있게 들은 창업수업입니다~! 내용도 유익하고 교수님도 좋으십니다ㅎㅎ	34
진짜 개깐깐. 학생들을 너무 대충보심. 학생들을 생각하는 마음이 없는것같고 형평성도 하나도 안 맞춰주고. 아무튼 이 강의는 걍 교수가 시간 때우려고 하는 것 처럼 느껴질 만큼 대충했다. 내용은 나쁘지 않은데 너무 학점이 짜다....	34
에이쁠 받았지만 왜 에이쁠인지 잘 모르겠네요.. 발표도 자리에 없으면 안 해도 된다 하시고  대면 수업 하신대서 지방에서 올라갔는데 굳이 대면할 이유가 없었던 수업...	34
좀 답답한 삘이 많이 난다. 그리고 형평성이 없다. 누구는 발표하라그러고 누군하지말라그러고. 이게 어떻게 형평성이 맞을 수 있나.	34
광장히 학생을 생각하는 마음이 부족해요 중국학생 열심히 준비해온거 발표하는데 초반에 끊고 너는 한국말부터 재대로 공부하라고 하셨어요 시험 평가기준이 대충 읽고 자기 마음에 드는 주제만 높은 점수를 매기고,  점수관련 문의는 다 읽씹하세요	34
전형적 적폐 운빨강의. 기말과제때 기업을 지정해주는데 자기가 좋아하는 기업 뽑힌 학생은 후한 평가, 그렇지 않은 학생들에게는 좋지 않은 평가를 줌. 다들 공감할 듯	34
수업은 실시간 온라인 강의로 진행하다가 대면강의로 진행했습니다. 솔직히 3시간 내내 온라인 강의로 듣다보면 교수님 말투가 좀 많이 지루한데 대면 강의로 들으니까 너무 재밌었습니다! 파괴적 혁신 기업의 다양한 사례를 알 수 있고, 새롭게 창업 아이템을 발굴하는 시각을 찾아부는 강의입니다. 매우 알차진 않지만 창업이라는 새로운 분야에 대해서 알아가기엔 좋은 강의입니다.   중간 시험은 강의 내용과 거의 관련 없는 글쓰기 방식이었고, 기말 시험은 과제 대체였습니다. 기말 과제 발표 때 좀 비판적으로 분석하고 말씀하셔서 당황스러웠지만, 전체적으로 평가하실 때 아이디어의 창의성을 많이 보셔서 평가도 신선했습니다.	34
ㅂㅌㅈ을 이은 새로운 타입의 형태다 딴강의로 도피하라	34
수업도 대충하고 물어봐도 잘 대답도 안해줌 그냥 저냥 시간 채울려는 느낌  학생한테 말도 너무 거칠게 하고 별로임  배우는 것도 그냥 파괴적 혁신 기업 50선 스스로 공부하고 책 몇권 읽는게 몇배는 더 유익함 듣지마셈	34
한양대에서 들었던 수업 중 최고의 수업입니다!  수업에서 이론적인 측면과 경험적인 측면을 함께 다루어 좋았습니다. 보통 이론이 유익하면 재미가 떨어지고, 수업이 재밌으면 크게 얻어가는 게 없는 경우가 있는데 이 수업은 둘 다 충만해서 좋았습니다!  무엇보다 교수님이 굉장히 좋으십니다. 학생들을 진심으로 생각하시는 게 느껴지고 최대한 어렵지 않게 다가가시려고 노력하십니다. ‘학생이 이해 못하면 교수가 잘못한 것’이라 말할 수 있는 교수님은 많지 않을 것입니다.  결론적으로 다양한 경험하는 것을 좋아하고, 다양한 사람들을 만나는 것을 좋아한다면 꼭 추천하고 싶은 수업입니다!	35
지금까지 만나뵌 최고의 교수님이자 최고의 수업입니다. 교수님이 진정으로 수업을 즐기시고 학생과 소통하는 것을 좋아하십니다. 수업 첫날부터 마지막 순간까지 학생들에게 배려와 교육을 아낌없이 쏟아주셨습니다. 수업 내용의 질은 더 말할 것도 없고 그 방식이 학생들이 몰입하고 즐길 수 있는 방향으로 잘 이끌어주는 것입니다. 대학생활을 돌아봤을 때 다시 듣고 싶은 강의와 다시 만나뵙고 싶은 교수님을 하나만 고르라면 고민없이 이 수업과 교수님을 선택할 수 있습니다. 창업에 관심이 있다면 너무나 좋은 수업이고, 관심이 적다고 해도 다양한 인사이트를 얻을 수 있는 수업이니 고민 없이 들으시라고 자신있게 추천드리고 싶습니다.	35
이호영 교수님 정말 최고십니다 .. 학생들이랑 정말 거리낌 없이 지내려고 노력하시는 게 보여요  창업에 관해서는 1도 몰라 처음엔 많이 걱정했는데 정말 창업 관심 유무 불문하고 사회혁신 다전하는 분들이라면 강추합니다!  창업 관련 내용 이외에도 소통이나 삶에 대한 태도 등 정말 여타 수업에선 느낄 수 없는 것들을 얻어 갈 수 있어요 특히 축제기간이었을 때 수업 도중에 나가서 팀원들이랑 가졌던 시간은 못 잊을 것 같습니다 교수님 덕분에 졸업 전에 정말 아름다운 기억 쌓고 갑니다!	35
강의력도 넘넘 좋으시고 수업 엄청 재밌어요 학점도 엄청 잘 주시고 학생들한테 관심도 많으셔서 한 학기 동안 재밌게 들을 수 있어요!! 배워가는 것도 많고 다양한 경험을 할 수 있는 강의입니당	35
그저 갓갓갓.. 여러분 졸업 전에 이거 꼭 들으세요 한학기 동안 너무 재밌게 들었습니다	35
최고의 수업.. 최고의 교수님..다신 없을 명강의.	35
창업에 대한 관심은 없었으나 강의평이 좋아서 선택한 수업이었고, 세상에!  지난 4년간 학교 다니면서 들었던 강의 중에 제일 유익했던 수업이다!  교수님께서 편한 분위기에서 모두가 참여할 수 있도록 흡수력있게 강의를 진행하시고, 마지막에 다같이 강의 연대기를 그려보았는데 한 주차도 그저 스쳐지나간 강의가 없을 정도로 (매주차 Event(?)가 팡팡!) 인상 깊었고 재밌었다.  단지 아이템 발굴에만 치중하지 않고, 어떻게 지속가능하게 시장경제에서 살아남고 사회에 임팩트를 줄 수 있도록 마인드셋을 함양항 수 있는지 전반적으로 다룰 수 있었다.  또한 사회에서 살아가면서 중요한 인생 Tip도 많이 언급해주시는데 한 번 쯤 나에 맞는 방법을 생각해서 발굴해낸다면 당신은 아마도 보다 수월하게 사회에 녹아들 수 있을것이다!  팀플이 젤 중요한데, 우리팀 멤버들도 너무 최고였고 소중했고, 벽을 허무는 분위기 속에서 다들 친절하게 프로젝트에 참여해주어서 고마웠다!  호영교수님,, 다음에도 또 만나여.. 진짜,,, 최고	35
이호영 교수님... 진짜 최고.  이런 교수님 다시는 못 만날 듯 합니다.. 배우고 느끼는 것이 가장 많았던 과목. 매 수업마다 감사함을 느꼈음.  교수님이 수업을 열심히, 많이 준비하시는게 느껴지고 학생들 입장에서 생각하시는 게 보였음.	35
교수님 좋으신 것은 말하지 않아도 쟁쟁한 수강평이 증명한다고 생각한다. 교수님 만큼 학생들한테 정성과 진심인 분 드물다. 대학 수업 돌아봤을 때 무조건 기억에 오래 오래 남을 강의 .. 꼭 들으세요(수강 신청만 할 수 있다면) 창업과 사회혁신 그리고 측정 방법론까지 꼼꼼히 배우고 싶은 사람이라면 꼭 들어보는 것을 추천한다. 1학년 보다는 2-3학년때 들으면 가장 많이 배울 것 같다.	35
진짜 최고의 강의.. 꼭들어라 형말 들어요 이건 선진화된 강의 이 교수님처럼 잔심인 사람이있나 내말둘어요 꼭 들으세요	35
교수님이 넘 좋으시고 팀원만 잘 만난다면 한 학기동안 재미있게 수업 들을 수 있음!!	35
교수님께서 강의를 엄청 잘 해주십니다! 배울게 많긴 한데 집중도 잘 되고 좋았어요 시험도 없고 그때그때 수업만 성실하게 참여하면 많은 걸 가져갈 수 있는 수업입니다!	35
학생들과 친구처럼 반말하면서 지내는 교수님? 단연코 한양대에서 유일할 것입니다. 수업도 물론 유익하지만 그것을 뛰어넘어 따뜻한 마음과 나눔의 가치에 대해 배울 수 있는 수업입니다. 열심히 듣는 만큼 얻어가는 게 많은 수업🤗 사회적 기업, 창업에 관심이 많다면 꼭 한번 들어보세요ㅎㅎ	35
일단 수업은 너무 재미있고 유익했다. 교수님도 너무 착하시고 학생들을 잘 생각해 주신다. 교수님한테 반말도 하고 교수님이 아이스크림도 사주셨다 이런 교수님은 처음이다 그러나 수업은 어럽다 학점은.....a+은 개인적으로 어려운듯 하다 그래도 어느정도 팀원분들과 호흡을 맞쳐 한다면 B+은 받을듯 하다. 그러나 정말 창업에 관심이 있고 사회적 기업에 대헤서 배우고 싶은 사람에게 추천한다. 그리고 대부분의 수강자들은 고학번이었다. 진짜 팀원을 잘 만나야하고 사업 아이템을 잘 골라야 한다	35
최고의 수업. 이게 대학 수업이다 싶은 강의이고, 내용은 조금 어려울 수도 있으나 교수님과 함께 수업듣는 사람들 서로서로에게 배울 수 있는 강의입니다. 한학기를 관통하는 팀플이라 조금 무게감이 있고 난이도가 있지만 정말 좋아요.. 단순히 창업을 하고싶다거나 사회적 기업에 관심이 있어서만 듣는게 아니라 다양한 시선을 갖거나 지평을 넓히는데 도움되는 강의입니다. 교수님께서 반말하기도 시도하셨는데, 교수님과 학생 사이에 반말하며 좋은 관계를 형성하는 새롭고 좋은 경험입니다.	35
4학년 때 이 강의를 들었다는게 아쉽다. 좀 더 일찍 들었더라면 어땠을까	35
아직 학기 안끝났지만 남깁니다. 학점이랑 어떻게 받든 관계없이 최고의 수업이라고 생각하기 때문입니다. 이번 학기 통틀어서 아니 대학 생활을 돌아보며 제일 많이 배우고 깨닫고 느끼고 가는 수업이에요. 이제부터 몇주뒤면 학기가 끝나서 교수님과 수업 못본다는게 너무 아쉬워요.	35
대학에서 들어본 수업 몇십개중 제일 좋았던 수업을 고르라면 이거다..재밌고 배우는거많고 수강신청만 성공한다면 보증수표같은 개념	35
나의 사랑 너의 사랑 모두의 사랑을 받고 계시는 교수님이심. 일단 항상 수업에 대해 신경써주시는 모습 덕분에 나도 수업을 열심히 들어야지 하는 생각을 하게 됨. 그리고 자유롭게 발언할 수 있는 법을 배울 수 있었음	35
이해 안되는 점, 요청할 점 충분히 물을 수 있는 마이클 강의. 아래도 적혀있지만 급훈은 빈말이 아니었습니다. 창업 생각이 없어도 문제를 해결하는 과정을 이해할 수 있기에 재밌게 들을 수 있고 심지어 혹하게 만들어주십니다.	35
교수님 너무 너무 좋으시고 수업 내용도 알찹니다!!	36
교수님이 정말 친절하고 시험이 없어서 좋았습니다	36
좋습니다!!!!! 재미있어요!!! 추천하고 싶습니다	36
시험이 없어서 꿀이에요. 과제는 많이 어렵지는 않아요 성적은 과제에 노력한 만큼 나옵니다.	36
최고의 강의입니다. 수업 제대로 못 들은게 죄송할 장도였습니다.	36
수업을 듣고나서 항상 나를 돌아보는 자극제가 된 수업임. 기초적인 정보뿐 아니라 마인드셋을 배우기 좋은 수업.	36
짱이심.. 수업도 유익하고.. 시험가까워지면 걍 시험공부하라고하심.. 감사핮니다..	36
내용은 창업에 관심이 없으면 아무리 창업기초라도 조금 어려울 수 있을것 같습니다. 그래도 재밌게 강의하십니다!	36
그저 빛.. 사랑합니다 교수님.  열심히만 하시면 성적은 당신의 것. 들어보시면 알겠지만 매우 스마트하신 분이라 열심히 안하면 바로 알아보실 것 같아요.  뼈가 되고 살이 되는 강연이니 꼭 들어보시길 바랍니다.  항상 메일도 잘 받아주셔서 감사합니다 ❤️	36
한양대에서 들은 강의 중 최고였습니다. 창업을 하지 않더라도 마인드와 삶 부분에서 배울게 참 많은 강의였습니다.  교수님이 학생을 많이 배려해주시고 과제,중간,기말도 정말 세밀하게 다 알려주십니다.	36
한양대 최고의 수업 중 하나라고 생각합니다. 수업의 내용이 굉장히 질이 높다고 생각합니다. 그리고 매주 보고서를 착실히 쓰는 것을 추천드립니다.	36
정말 유익했던 수업이었습니다! 내가 처음 창업수업을 듣는다면 이 수업을 듣고 시작하면 좋을 것 같아요. 기초부터 간단하게 알려주셔서 더 좋았습니다. 시험이 없고 전부 과제대체인데 과제도 여러가지 생각해볼 수 있는 기회가 될 수 있어서 좋았습니다. 열심히 하면 성적은 잘 나옵니다.	36
너무 졸려요.. 하지만 교수님 좋으신분입니다 근데 출석을 불렀다 안불렀다 하셔서 맨날 간 전 억울했어요..	36
스타트업 성공하면 꼭 연락드리겠습니다 교수님♡	36
창업에 대해 진짜 아무것도 모르는 상태에서 들어서 처음엔 좀 겁먹었는데 한학기동안 너무너무 유익했습니다! 1교시라 학생들 반응은 없지만 그럼에도 열정적으로 강의해주셨어요 중간기말 다 대체과제이고 수업시간에 어떤식으로 작성해야할지 꼼꼼히 다 알려주십니다 비쁠만 주셔도 감사하다는 마인드였는데 에이쁠을 선사해주심 교수님짱	36
시험없고 과제 거의 없고 꿀이었다.대체과제 제출 하루정도 시간내서 하면 에이쁠 가능	36
너무 좋은 교양 강의였습니다. 교수님도 친철하시고 학생들 배려를 잘해주십니다. 강의력도 훌륭하셔서 1교시였지만 졸지 않고 수업에 집중할 수 있었습니다. 나중에 또 백교수님 수업을 들어보고 싶을 정도입니다.	36
진짜 개꿀강.. 중간 기말 둘다 과제대체고 다른 과제는 없습니다! 쁠 다 채워주시고 1교시만 괜찮다면 무조건 들으세요!	36
최고의 교양. 비쁠은 아쉽지만 공부한 대로 받은듯.	36
비쁠만 받아도 감지덕지라 생각했는데 에이쁠을 선사해주신 교수님....  창업에 대해 아무것도 모르고 관심만으로 들었는데 수업 듣기도 편하고 정말 교양 같은 교양이었다 처음엔 대면 1교시에 적응을 못 해서 맨날 졸다가 적응되니까 들을 만 했다! 조금 지각해도 너그럽게 출석해주시는 교수님... 중간 과제는 감이 안 올 수도 있는데 거기서 변별 안 하신다 하셨고 실제로도 그런 것 같다  같이 듣는 사람도 없고 수업을 들었어도 잘 모르겠어서 진짜 제출에 의의를 뒀는데 기말과제 할 땐 어떻게 해야 할지 좀 알 수 있었고 이걸로 성적 주신 것 같다 과제 기한도 엄청 넉넉히 주셔서 시험 끝나고 여유롭게 할 수 있어서 너무 좋았다 시험도 없고 수업 부담 전혀 없음 아 무엇보다 교수님 잘생겼어요..ㅎ 다음에 교수님 다른 수업도 꼭 들어보고 싶다	36
창업에 대한 이론을 자세히 배울 수 있는 건 좋습니다 다만 학생들이 지각하거나 요규하는 사항에 예민하셔서 그런지 결석하거나 지각하면 수업자료와 다르게 올라와있는 lecture note 를 통해 공부해야할 수도 있습니다 근데 지각, 결석을 안하면 해결되긴 합니다,, 시험은 공부한만큼 나오는 것 같습니다 강조하신 부분 위주로 완벽하게 외우시면 문제는 없을 듯 합니다	37
시험의 유연성이 높고 쉽지 않습니다.강의 ppt 불완전	37
한양대 최악의 강의 이렇게 오만한 교수는 본적이 없다. 내로남불의 정석. 부정적인 본인의 생각을 학생들에게 강요하는 기분.	37
기업가 정신과 창업에 대해 전반적으로 배울 수 있어요. 대체로 사례와 기업가들의 스토리에 대해 많이 아야기해주시는 편입니다. 중간중간 특강도 있어서 기초를 다지기 좋은 수업입니다.	37
기업가 정신 전반에 걸쳐서 알아볼 수 있는 수업이었던 것 같습니다. 유익했고 재미있게 들었습니다	37
무난한 수업인듯 창업할 생각은 없지만 수타트업에 대해 궁금하다면 추천. 다른 창업 수업들은 사업계획서 쓰고 해야되는데 그런 부담이 없는 수업이라 좋음	37
지루하진 않고 수업 템포 빠르게 나감. 시험은 쉽고 수업잘 듣고 강조하시는 것만 잘 공부하면 학점 잘 받을 수 있음. 아마 상위권 좀 빽빽했더누거수같긴함. 참여도도 은근 중요해서 괜히 한번 더 손들고 대답하는게 좋음	37
외부에서 초청하여 여러이야기를 듣을 수 있는 부분은 좋았는데 그거빼면 별로였다. 교과서가 없는 분야긴한데 개인적인 주장이나 근거 없는 말을 수업 중에 던짐. 지금 정확히 어떤 말이었는지 기억이 안나는데 분명히 틀린 말을 했었고 그게 몇 번 반복되니 수업에 집중하기 힘들고 듣기싫어짐 만약 수업안듣고 ppt통째로 외우면 성적은 잘받을수 있음	37
창업에 대한 실무적인 부분보다 이론적인 부분이 너무 강함. 수업 참여도도 점수에 들어가기 때문에 참여 좋아하는 학생들은 들으면 성적 잘 받을 수 있음. 시험은 걍 피피티랑 강의 나오는거 다 외우면 됨	37
정말 즐겁고 재미있게 들었던 수업이었습니다. 밑의 수강평대로 창업에 조금이라도 관심이 있는 분들이라면 꼭 추천해드리고 싶습니다. 연사님을 많이 불러주셔서 다양한 강연을 들을 수 있었는데 정말 도움되었습니다. 과목 특성상 시험도 크게 어렵지 않았습니다. 과제는 조금 많은 편이었는데 페이지수만 채워도 만점주시는 것 같았고 매주 있는 영상을 까먹지않고 보는 것이 관건이었습니다.  다만, 위에서 서술하였듯이 크게 어려운 부분이 없는 만큼 조금만 깎여도 타격이 컸고 심지어 이번 학기는 학생 수가 적은 상황이라 학점이 매우 짜게 나왔습니다. 직접 교수님께서 이메일로 미안하다는 메일까지 보내주실 정도였습니다.   학기 중에는 정말 제일 좋아했던 수업인데 학점은 만족스럽지 못해 개인적으로는 아쉽지만 긴장 놓지 않고 성실히 듣는다면 괜찮을 것 같습니다. 정말 많이 배우고 얻을 수 있었던 강의인 것 같습니다.	37
강의 내용도 무난하고 시험도 무난하긴 함. 그러나 무난한 만큼 다들 성적을 잘 받음 + 학생 수 적음으로 인해 좋은 성적 받기는 좀 빡셈	37
강의력 좋으심 강의 자체는 재밌고 유익함 근데 강의 시간에 질문하면 가점을 주는데 이게 본인 생각 말해보라는 질문에 열심히 길게 대답해도 1회, a인가 b인가 골라보라는 식의 질문에 전 a요, 전 b요 이런 단답하는 거에도 1회 적용임 형평성이 맞는지 모르겠음 강의 안 듣다가도 질문만 듣고 대충 답할 수 있는 것만 골라서 점수 챙긴 사람도 있었음 그리고 그 주 금요일 오후에 올라오면 다음주 금요일 강의 시간 전까지 들어야하는 온라인 강의가 매주 있는데, 제 때 안 올리다가 수요일쯤에 띡 올려놓고 공지도 따로 안 한 경우도 있었음 강의는 신경쓰시는거 같은데 그 외 평가에 들어가는 요소들을 세심하게 챙기지 않는 스타일이라 수강생들이 알아서 신경써야함	37
학생들이 이번이 너무 빡센건지 학점 따기 너무 힘듦 중간 기말 거의 만점 받지 않으면 B+인듯 본인 취득 9x인데 더 잘 본 학우가 많아 B+받음 교수님 잘못이 아니라 절평으로 바뀌는 것이 시급함 특강은 4번정도로 유익했음	37
이번 학기에 들은 수업 중, 가장 흥미롭고 유익했습니다.  창업 전공이든 교양이든 유관 수업 들으려는 학우분들에게 무조건 추천하는 중 !! 하루 이틀 시간 내서 빡집중 1회독만 해도 만점 받습니다.	37
..재밌긴 한데 양이 넘 많고 과제도 너무 많음 그리고 교수님 열정적이고 좋으심	37
기존보다 창업 관심도 많아지고 초청 특강이 많아 도움이 됨	37
창업 쪽에 관심있는 학생이라면 반드시 수강해야 할 명 강의!! 교수님이 똑똑하시고 좋아요	37
수업에 굉장히 열정적이시며 많은 정보를 얻을 수 있음	37
창업에 대해 조금이라도 관심있는 분들께 많은 도움이 될 강의입니다. 매수업 잘 듣고 시험전날 벼락치기하면 에쁠나올만한 꿀강의이기도 해서 강추합니다.	37
창업 하고 싶은 사람에게는 도움이 많이 될 것 같은 수업이다 매주 온라인 동영상 시청해야하는 과제가 있지만 3학점치고는 나쁘지 않은듯 시험도 어렵진 않고 보너스 점수도 주셔서 조금만 열심히 하면 쁠 받아갈 수 있는 과목!	37
강의 자체는 얻어갈게 많은데 코딩 잘 못하면 따라가는데 조금 버거움ㅠ 그래도 교안이 잘 되어있어서 보고 하나씩 따라하면 할만함	38
시험 전부 대체과제고 본인이 코딩을 할줄알면 한없이 쉬움	38
배워갈 수 있는 건 많지만... 문과.. 프로그램알에겐 어려웠음... 빡세요 ... (도망가)	38
공부할 의지 있으신 분들만 듣길 꿀교양은 아니지만 배워갈 수 있는거 엄청 많음	38
실무에서 쓰는 정보나 기술들을 집중적으로 배울 수 있어서 좋았음. 시험도 과제 형태라 천천히 해볼 수 있어서 편함.	38
???아래 글 내용 당황스러워서 후기 남기네요 학생들 부담 안 주려고 수업에서 배운 것들 그대로 시험 문제로 내주셔서 부담없어서 좋았어요. 학기초에 드랍한 사람들이 안타까웠던 꿀수업. 대신 코딩을 한 번이라도 들여다본 경험이 있어야 초반에 당황하지 않고 따라갈 수 있을 것 같아요	38
도망가... 6학점같은 3학점을 듣고 싶다면, 꼭 듣길...	38
드랍,정정기간에 많이들 나가셨는데 그분들이 아쉬울정도로 좋은강의, 훌륭한 교수님이셨습니다 시험은 과제대체였고 모두 수업과 수업자료에서 찾을수있기에 어렵지않습니다 교수님께서 학생분들 정말 잘 챙겨주십니다 커피 밥 술 사주십니다 성격 진짜 시원시원하십니다 코드돌아가면 o 안돌아가면 x 로 구분하십니다 축제때 안나와도 된다고 하시고 수업땐 피가되고 살이되는 얘기를 해주십니다 퀀트, 데이터분석, R, SQL 교양이상으로 실무에 가까운, 도움되는 내용을 배웁니다 강추강추	38
그저 빛.. 꿀강인데 얻은 것도 많은 엄청난 강의	38
절대평가에 실용적이고 배우는 것도 기초적인 부분들이라 쉬움 학점도 3점이라 9시 수업인 것만 빼면 개꿀교양임 근데 출석 점수가 5퍼라 결석 몇 번 해도 에이쁠나옴	38
일단 교수님이 천사십니다. 한양대 나오셔서 그런지 학생이 아니라 후배 챙겨주듯 하십니다. 수업 내용도 정말 돈과 시간이 아깝지 않습니다. 국내 최고의 퀀트이자 데이터분석가라는 소리를 괜히 듣는분이 아니란걸 느꼈습니다.	38
sql과 r을 배웁니다 학기중에 배운것으로만 sqld와 adsp를 취득할 수 있었습니다 교수님이 소통도 지리게 합니다 다음학기에 이런강의가 열린다면 또 수강하고 싶습니다	38
그저 빛...한학기 동안 SQL, R, 웹 크롤링등 많은 것을 배우는데 어느 하나 실용적이지 않은 것이 없음. 창업에 관심 없더라도 살아가는데 유용한 것들만 배우기 때문에 꼭 한번 둘어보는 것을 추천. 과제도 없고 시험도 크게 부담 없음. 금융 관련해서 궁금한 점들도 교수님께 질문 가능하고 교수님이 유쾌하시고 융통성 있으시다. 소통도 Slack으로 하셔서 연락이 편하고 답장도 빠르심. 이번학기 가장 등록금이 아깝지 않은 수업.	38
Awesome lecture  Rating : Super-Buy	38
백엔드 개발에 관심있으신 분들에게 매우 유용하고 교수님 완전 천사십니다ㅠㅠ 강의계획서 꼭 봐주세요 크롤링도 배우고 아주 유용한 강의예요	38
교수님 말하시는게 너무 재미있고 내용도 유익합니다! 쿨하십니다👍👍👍👍👍	39
교수님 너무 좋으시고 시험도 시간안에 제출하는 방식이라 부담이 없습니다. 학점도 후하게 주시고 배워가는 것도 많은 꿀강의.	39
학생들한테 취업관련 수업관련 모든 질문 다 친절하게 받아주셔서 너무 좋았습니다. 수업내용에서도 비전공자인데도 많이 배웠고 선배님께 특강 듣는 느낌이어서 더 좋았습니다.	39
지난학기 수업들었던 선배가 강추해서 들음. 학교다니면서 가장 등록금 값을 한 강의인듯. 전공보다 더 머리에 남은게 많음  이론 말고 진짜 투자와 금융에 대해 배우고 싶다면 개강추. 교수님 강의력도 탑급. 가끔 썰풀거나 드립치는거 보면 왠지 유튜버 하셔도 대박날듯	39
명강의 명교수  정말 학생을 생각하는 교수님입니다	39
초보자가 따라가기엔 많이 어려운 강의입니다. 성적에 대한 기준은 명확해서 그 점은 좋았습니다.	40
코딩 처음 해보는 사람이 듣기에는 많이 어려운 강의. 조교없이 교수님 혼자 하셔서 강의 딜레이 될때도 많음. 하지만 교수님이 모르는 건 전부 피드백해주시고 세팅도 많이 도와주심. 시험 없고 발표 두 번	40
교수님이 처음에 프로그래밍할 줄 모르는 사람도 쉽게 할 수 있도록 하겠다고 하셨지만 react-native로 개발하는 만큼 처음 코딩해보시는 분은 굉장히 힘들었을 것 같습니다.. 물론 다들 각오하고 오셨는지 어느 정도 경험이 있으거나 많은 시간 투자하신 분들이라 대부분 무난하게 좋은 성적 받았을 것 같네요. 공창컴으로 파이썬만 해보신 분이라면 시간 꽤 투자하겠다 생각하고 오셔야 할듯 아니면 아예 주제를 평범하게 잡고 책이나 강의 듣고 따라만들어도 될 것 같아요  4점인 이유는 교수님께서 정말 열정적으로 세세하게 가르쳐주셨지만 솔직히 수업들어서 학점받은 학생은 없을 것 같달까요.. 다들 결국 각자 공부하고 시간투자해서 프로젝트했던 느낌이라.. 특히 초반에 에뮬레이터 설치하다가 포기한 사람이 많은 것 같아서 쉽게 배우는 모바일 앱개발이 맞았나 싶었어요 호기심에 교양으로 들어볼 강의는 아닌 것 같습니다	40
취득 100 받는 방법 알려드릴께요, 유튜브에서 react-native를 학습하신 후(방학 중) 학기 수업 시간을 자습 시간으로 활용하시면 됩니다.	40
창업자로서 이 강의 없었으면 어쩌나 싶음 ㅜ 피드백도 실질적으로 도움이 많이 되었음. 창업자면 본인생각안에 갇힐 위험이 큰데, 객관적인 피드벡을 주셔서 만족함. 무엇보다 매주 보고서를 작성해야해서 사업이 늘어지지않아서 너무 좋았음. 계속 들었으면 좋겠음..	41
사업하고 있는 학생들 학점 채워주려고 만든 과목이라 창업하고 있는사람만 들을 스 있습니다 창업하는 내용 보고서 제출하면 피드백해주시는데 도움은 하나도 안됩니다 보고서를 매주 제출해야돼서 좀 귀찮	41
수업 좋습니다. 일단 매주 보고서를 써야해서 게으를 틈 없이 사업진행이 가능합니다. 사업하고계신 학우분들이라면 무조건 강추. 그냥 강의를 떠나 내 사업에충실할 수 있게 도와주는 강의입니다. 이런 강의 더 많아졌으면..	42
수업 자체가 보고서 대체 수업이라 편해요 수업 자체가 보고서 대체 수업이라 편해요 수업 자체가 보고서 대체 수업이라 편해요	42
중간/기말 두번 발표만 하면 학점 그냥 주십니다~~	43
창업하면서 학점관리 부담 갖지 말라고 듣는 수업이니 창업하시는 분들은 꼭 들으시는거 추천! 중간/기말 발표 있는데 많이 준비할 필요는 없고 시간 안맞으시면 안해도 되는 것? 같아요.	43
강의가 아닌, 그냥 과제 제출로 대체하는 수업입니다.. 창업하시는 분들에게는 너무 꿀같은 강의네요!	43
창업에 관심 많으신 분들 추천드려요! 저는 새로운 분야를 경험하고, 팀플하면서 창업에 대한 시야를 넓힐 수 있어 좋았습니다.	44
배울 것도 많고 교수님께서도 열정적이십니다. 창업 관련 수업 좋아하신다면 괜찮습니다	44
강추합니다 많은 걸 배우고 성적도 잘 받고 갑니다	44
교수님 좋으시고, 팀플도 큰 부담은 없습니다.	44
전에 수강했던 다른 창업 강의 처럼 교수님께서 학생들에게 피드백 열심히 주시려 노력하십니다. 할 일은 좀 많았지만 활동적인 거 좋아해서 괜찮았음	44
조별로 아이템 생각하고 모의 창업 가정하고 수업 및 조별 과제하는 거라서 조금 빡셈. 교수님은 좋으심	44
겸손하시면서 학생들에게 많은 관심을 주시는 교수님이십니다.	44
교수님 너무 따뜻하시구 .. 아빠 같습니다 ㅠㅠ  수업 자체가 강도 높게 진행되지는 않아요.  돌아보면 1) 스타트업 사례 수업 (스토콘이랑 거의 유사한 강의안을 사용하시기도 합니다.) *n 2) 공공데이터 특강 *2 3) API 특강 * 3 4) 개인 발표 및 피드백 * 2 5) 한중 창업 경진대회 *1  이 정도의 강의 유형이 있었습니다.  덕분에 편하게 들을 수 있는 수업이었고, 절대평가이다 보니 크게 빼먹는 부분이 없다면 무난하게 A+ 받아가실 수 있습니다.  교수님의 피드백, 쉬는 시간을 활용한 질의응답에서도 훌륭한 아하 모먼트들이 쏟아졌습니다. 교수님과의 커뮤니케이션에도 적극적으로 임하신다면, 수업 외적으로도 얻어갈 게 많을 듯 해요.  교수님 사랑합니당 🤍	45
창업에 관심 있다면 들어도 좋을 수업입니다. 인적 네트워크 쌓거나 창업 관련 지식 수업 듣기에 아주 좋아요.	46
정말 좋았습니다.  창업과 관련된 다양한분들의 많은 이야기를 들었습니다!!	46
진짜 최고입니다ㅎㅎ 교수님 츤츤 스윗이시고 학생을 진심으로 사랑하는게 느껴집니다. 은근 장난치는것을 좋아하시는 것 같고 열려있는 분이십니다. 빡세기는 하지만 그만큼 열심히하면 얻어가는것도 많은 수업입니다. 창업수업 중 가장 재미있게 들은 수업이에요ㅎㅎ 강추!	47
재밌읍니다! 창업에 진지하신분들이라묜 꼭 들어야하는 강의라고 생각해요~ 디자인씽킹 방법론 배우고 실제로 인터뷰 통해서 가설 검증하는 수업입니다! 시험은 없고 교수님이 제공하는 템플릿에 과제 낸거 포트폴리오랑 마지막에 간단하게 10분 IR발표 있었어욥	47
과제가 너무 많고 다 팀플이라 매주 하루도 안빠지고 조원들을 만나야했습니다... 결과물은 만족스럽게 나왔지만 3학점이 아니라 6학점 정도의 수업이었고 처음 창업 수업을 듣는 분들껜 비추합니다	47
생각보다 과제가 진짜 많기때문에 전공과제 많으신분 무조건 피하세요  출결과제 매주 채우면 비쁠이상 나온다고 하신약속은 지키시지만 그에 비해 희생할것이 많습니다 ㅜ 저같은 경우는 전공과제도 많아서 특히나죽어나갔어요 ....그리고 창업아이템을 미리 구상하고 가시는 분들이 혜택을 많이 보는 과목같습니다 창업동아리하시는 분들껜 추천드려요	47
갓정배 교수님. 츤츤하시기도 합니다만 너무 좋으세요.  성적도 절평이라 잘받으실겁니다. 굿굿!	47
너무너무 좋으신 교수님♡학생들을 사랑하고 많은걸 알려주시려고 노력하십니다. 실제로 ceo로 계시는 분이라  수업내용이 전부 알차고  실제로 도움이 많이되는수업입니다!! 대신 한학기동안  창업을 실제로 경험해보고 열심히 할 사람이 듣기를 추천합니다~	47
성적 개잘주심 개꿀강의 60% A+ 40% B+ 출석만 다해도 비쁠은 확보. 시험 비중없고 최종발표가 모든것을 결정	48
재밌습니다! 교수님이 되게 멋지세요  창업가로서 많이 배우고 갑니다, 선생님! :~)	48
아이템을 구체화하는 방법, 피치덱을 작성하는 방법, 사업계획서를 작성하는 방법등에 대한 내용들을 다루긴 하나 정말...정말 대략적으로?! 알려주시고... 많이 아쉬운 수업입니다. 교수님은 수업을 이끄는 힘이 부족해보이고 본인 이야기만 늘어놓습니다. 감성적인 이야기?를 많이 하시고 발음도 매우 부정확하여 뒤에 앉으면 안들립니다ㅎㅎ...팀플에서 시작해서 팀플에서 끝나는데, 팀 잘못 만나면 많이 고생하실겁니다. 그리고 점수 주는 방식도 팀들이 서로 평가하는 방식이고, 공정성을 위해 이번에 처음으로 외부인들의 점수도 반영하기로 했으나 과연 이 평가방식이 맞는지...그냥 본인이 평가하는게 귀찮아서 그러신게 아닌지...다른 창업수업들도 많으니 그냥 딴거 ㄱㄱ	48
밑 강평처럼 학생들이 평가하는 점수가 절대적으로 되는 불공정함을 보완해서 이번학기는 교수님+외부심사자들 평가가 더 비중이 커졌다고 함. 일단 내용 자체는 사업계획서 작성에 있어서 디테일한 꿀팁들 알려주셔서 도움이 되는 부분도 많음. 스타트업 생태계 전반적인 내용들도 얻어갈 수 있음. 다만 교수님 말 개많으심. 매주 풀강. 발음 부정확하고 목소리 작으셔서 잘 안들림. 결국 팀플이 절대적인 수업. 아이템 별로면 점수도 별로일 것 같음. (성적은 아직 안나왔지만 교수님 말씀이 매번 바뀌심) 그리고 교수님 성격 자체가 뒷끝이 길고 은근히 마음에 담아두시는 A형같은 성격...  교양으로써 듣지 마셈... 은근 많이 빡세고 스트레스..	48
배워 가는 것이 꽤 되는 수업입니당~  교수님이 수업에 열정이 넘치십니다 다만 아이템을 제시 발견하고 ir하는 수업이므로 아이템 아이디어에 따른 팀별 난이도 차이가 심할 순 있습니다 이 경우(타 팀에 이미 사업화 단계의 아이디어가 있을 경우) 많은 노오력이 필요합니다	48
성적이 결정되는 기준이 하나로 끝 눈치보며 잘한 것 같은 조 점수 조지면  에이쁠 가능한 수업 양심을 버리면 학점을 취한다	48
흠 좋긴한데 생각보다 빡세요 딴거ㄱㄱ하세요	48
재밌음, 강의 내용도 흥미롭고 유익함 다만 조별평가방식이나 과제가 빡빡함	48
학점받기는 빡세다. 조별도 극혐이다. 하미만 선생님이 말씀해주시는게 너무 좋다	48
평가를 학생이 하는 것은 굉장히 불합리하다. 중간발표는 의미가 없다. 중간발표 여러등 차이가 기말발표 한 등수 차이다. 학생들이 평가하니까 주관은 물론 학점에 대한 생각도 들어간다. 수업 자체는 괜찮지만 학점 주는 방식은 극악이다.	48
왜 이렇게 강의평이 좋은건지? 그냥 3시간동안 교수님 만담 듣고오는 수업 부분부분 도움되는 부분은 있으나 너무 의식의 흐름대로 말씀하셔서 잘 들어오지 않음 3시간씩이나 들을 내용은 아닌듯함 시험은 수업내용과 관계없는 발표임 중간기말 모두 학생 상호평가로 하는데 비합리적이라고 생각함 별로 추천하고 싶지 않은 수업	48
강의력 최고, 경영학과에서 배울 수 없는 창업에 관해 알려주는 알찬수업. 선생님 되게 유쾌하고 배우는 게 되게 많았던 수업이였다. 기말에 팀플이 있는데, 팀원이 잘걸려야 좋을 듯 하다. 나는 좋았다ㅎㅎ	48
재미는 있지만 할 것이 너무 많고 팀플이 자주 있습니다,,, 굳이 창업을 하실 분이 아니라면 비추..	48
할거많음 빡셈 조별극혐 하지만, 교수님 너무좋으시고 배울것도많음	48
강의시간은 꽉 채우시지만 그만큼 배우는게 많은 수업,  시험은 매우 쉽고 기말 사업아이템발표가 있음. 이때의 점수가 중요함.	48
아래 평이 어느정도 이해는 감 이번 학기는 수강생 절반 이상이 창업 유경험자 였음  근데 교수님이 말씀해 주신 부분 잘 캐치해서 열심히만 하면 성적은 잘 나오는 듯  과제는 솔직히 넘많..	49
아는 만큼 보이고  보는 만큼 얻어가는 수업  노력한만큼 점수는 얻어갈 수 있으니 아래 불만 많은 친구의 평은 무시하세용	49
강사가 열정이 넘치는 것은 인정. 강사가 스타트업계 인맥이 넓어 각종 스타트업 종사자의 강연과 그 회사에의 견학이 이루어지는 것은 인정.  그러나 그 강연과 견학이 결국 내 지식과 경험의 습득에 전혀 도움 안 됨.  심지어 강사의 강의력은 진짜 바닥을 침 엄청 졸린데 말만 많음.  강의에는 창업관련 고인물(창업경험자, 창업팀의 존재)이 많아 기존에 본인들이 만들었던 내용물을 제출만 해도 학점을 따감 --> 창업 고인물은 수업 안 듣고 걍 만들어 놓은 거 제출만 해도 A+  기말이 뒤집을 점수가 절대 안 나옴.  할 건 더럽게 많은데 결국 고인물 파티여서 고생만 하고 학점 못 받아갈 강의	49
전 오히려 시험으로 갈리는 느낌은 덜했습니다. 시험 문제가 상당히 쉽거든요. 강의안/시험교재 분량은 꽤 되었지만 지엽적이지도 않고, 큰 틀에서 말할 수 있는 부분을 다 말한다면 무난히 만점을 얻어갈 수 있습니다.  제때제때 교수님이 원하는 요소를 잘 집어넣는다면, 성적 잘 받아갈 수 있습니다.  할 게 많긴 하지만, 그렇다고 스트레스를 받을만큼 강도 높지는 않습니다.	49
1. 중간 대체 발표 2. 개인과제 3. 팀과제 4. 기말고사  해야할 양이 상당함. 창업수업 처음듣는 사람은 힘듦.  결과 :  나는 1,2,3 다 잘 못한듯. (이 수업엔 창업 괴물들이 많음) 결국 시험에서 갈리는듯. 시험 진짜 공부 못했는데, 아는거 쥐어짜내고 A4 반페이지 분량 꽉꽉 채워썻더니 잘본듯.  힘들었지만 A+을 받고나니 기억이 미화됨.  교수님은 최고. 인자하시고 친절하심.	49
힘들다 힘들고싶으면 들어라 이게 최선의 조언이다	50
피하는게 정신건강에 이로울것 같은 강의 자료 제출 기한이 일주일도 안되는게 빈번함 강평 실명제로 따로 진행함 뭐가 남앗는지 모르겠음	50
개인적으로 창업가이고, 창업학 교수님들 좋아하는데...  이번 교수님은 (안 좋은 쪽으로) 의외시네요.  현재 학점은 크게 신경쓰지는 않는데, 그래도 개인적으로 이번 수업은 다시금 듣지 않을 듯 합니다.  한번 고생한 걸로 족합니다.	50
교수님 수업하시는거 재밌고, 배우는거 많은데 과제 내주실 때 부터 이제 헬 시작임 솔직히 개빡쌔고, 힘듬 😭 성적 잘 주시면  괜찮을거 같은데 받아봐야 알듯.	50
어떤 기준으로 심사를 하는 지 잘 모르겠음. 피피티는 가독성이 -10점 수준이며 아직 새로운 사실들이 업데이트가 늦은 편인 것 같다	51
수업 덕분에 특허 출원함. 출원비 등 비용은 한양대에서 지원해줌. 교수님 자체는 산업재산권 위주로 반복해서 내용을 강의하시기 때문에, 다소 답답하거나 지루할 순 있음. 그러나 그만큼 배운 게 기억에 오래남음. 출석은 랜덤인데 거의 안 부르심. 다만, 중간발표나 기말시험은 꼼꼼히 채점하고 피드백주심. 하는 만큼 성적나오는 수업.	51
[60살 넘은 교수가  쌍팔년도 수업자료로 우려온 수업]  - 2000년대에 개정된 문항을 아직도 바꾸지 않고 그대로 가르치는 무능력한 교수.  - 학생 중 한명이 손들고 개정된 것 아니냐는 질문에 바뀌었는지 몰랐다며 대충 웃음으로 무마.  - 초등학생도 아는 디자인과 상호출원 앞자리 수도 헷갈리는 엄청난 기억력.  - 출석체크를 하는척 하지만 아무것도 반영하지 않아 학생 다수가 한학기 내내 결석.  - 그렇게 결석하고도 중간, 기말을 그럴듯하게 비비면 비쁠을 받아가는 막장 평가방식.  - 평가는 교수 마음대로, 이의신청은 절대 받지않음.  - 학점을 운세에 맡기고 싶은사람에게 추천.	51
기억력이 안좋으신지 , 수업 때 했던 얘기를 반복해서 하는 경우를 많이 봄, 출석 반영안한다고 해놓고 반영하는걸로 보임. 그리고 나이가 있으시다보니 시장변화의 흐름을 별로 따라가지 못하는게 드러남. 기본적인 개념은 익힐 수 있었지만 이제 내가가르쳐도 그정도는 익히게 할 수 있는 정도의 지식만 얻음. 강의력이 절대적으로 부족하며, 평가방식도 객관적인 지표를 제시하지 않고 주관적으로 함. 성적에 의문이 생겨 메일을 보내보고 이의신청란에 작성을 해보아도 완.전.무.시. 창업수업들 좋은 수업 많지만, 이런 수업들이 퀄리티를 떨어트리는 주범이라고 생각함.	51
수업 내용 유익하고 재밌었어용! 팀플이 있는데 한 팀으로 종강 전까지 같이 해야돼서 팀원 잘 만나시면 될듯합니당	52
클라우드에 대한 강의는 후반부, 전반부에는 창업에 대한 전반적인 내용을 알 수 있었던 시간임	52
교수님께서 창업에 대한 설명을 자세하게 해주시고 후반부엔 다른 교수님이 오셔서 더 실무적인 부분을 알려주십니다! 시험은 없었고 중간기말 사업계획서 제출입니다 이번학기는개인으로 진행했는데 다음은 잘 모르겠습니다 시간은 3시-6시 full 실시간 zoom강의였는데 이게 조금 힘들었습니다...ㅎ  클라우드에 한정된 강의가 아닌 전반적인 창업에 대한 정보 얻어가실수있습니다	52
오픈북이라 부담이 적습니다  꿀강 까지는 아니고 약간꿀강정도?	53
오픈북에 시험은 족보랑 많이 겹쳤음 특히 중간 기말은 족보에서 없던 문제도 나온거같음	53
족보 사세요 문제 매년 선지 돌려쓰는 수준이라 족보 있으면 전날 공부하고 A+ 쌉가능	53
매주 오는 사람마다 강의력 천차만별이라 가끔 좀 빡침 하지만 오픈북이라는 점이 굉장한 메리트임 강의 녹음해놓고 시험 전날 한 번 쫙 들으면서 책에 필기해가면 최소 A0 맞을 수 있음 이 정도면 진짜 꿀강입니다...	53
출튀 시험 오픈북 개꿀 ㅋㅋㅋㅋ 무조건 들어라  최소 a0다	53
내용이 쉽지는 않지만 크게 부담없이 들을 수 있는 수업입니다 수업만 잘 듣고 시험 전날에 책 한번 쭉 읽어보고 가세요…! 다른 과제 같은 건 없어서 수업만 잘 들어도 충분할 것 같습니다	53
교양이라 생각하기엔 많은 내용 A0 받기는 무난한과목	53
교양이라기엔 너무 전문적이고 심화된 내용을 배우는게 아닌가 싶을 정도로 빡쎈거 같네요.. 관심이 많고 열심히 수강할 계획 있으신 분들한테만 추천드려요.	53
절대평가에 오픈북… 과제도 없고 시험 2번이 끝이에요. 솔직히 재미 있지는 않아요. 그렇지만 한 번쯤은 배워볼만한 내용이었던 것 같습니다. 책에 메모 열심히 하고 시험 전에 한 번 이해하면서 쭉 읽어보면 A+ 가능!! 족보 없는데도 100점 나왔습니다!!  이 정도면 꿀교양인 듯…!	53
책에 있는부분만 다 풀고, 책에 없는 내용은 그냥 찍었는데 에제나옴 에제로 만족하면 강의자료 옮겨적기도 필요없고 기출보면서 책에 밑줄만 잘 쳐가도 충분할듯	53
강의력은 매주 천차만별.. 족보+나름 강조하는거 메모,밑줄해서 공부 쫌만 하면 a+가능 과제없어서 좋고 이정도면 개꿀교양	53
그냥 족보만 있으면 전날 3시간 공부하고 에이쁠 가능합니다	53
공부하나도 안해도 시험전날 강의 녹음해둔거 싹 듣고 족보한번만 풀면 에플 떠요	53
메모 많이하면 에쁠 가능한 강의. 근데 좀 빡셀수도 있음	53
과제가 없어서 좋습니다. 시험도 하루만 벼락치기하면 충분히 다 맞을 수 있습니다.	53
강사분들의 강의력이 전체적으로 좋진 않습니다. 시험 난이도는 적당합니다.	53
비대면 오픈북으로 a+ 가져갔다 그냥 책에 포스트잇으로 메모만 엄청 하면 됨	53
시험은 오픈북이라서 부담이 없고 쉬움. 그러니 한 문제라도 실수하는 순간 성적에는 치명적으로 작용할 수 있음	53
필기 열심히 하고 필기 위주로 공부하면 성적 잘 받을 수 있어요! 오픈북이라서 편했습니다~	53
학점 그리 후하진 않았던 걸로 기억함. 공부도 만만치 않음	53
정말 많은 것을 배우고 느낄 수 있었습니다:) 이런 게 대학강의지 않을까 싶네요 ㅎㅎ	54
재밌습니다. 말을 멋지게 못하더라도 타인의 말을 잘 듣고, 꾸준히 생각하는 끈기를 가진 분께 추천드립니다. 강독 발제와 토론으로 진행되는 수업입니다. 발제 2회 기말보고서 1회(기간 넉넉) 시험기간 휴강입니다. 매주 토론 내용 중 인상깊은 내용을 메모해두는 것이 후반으로 갈수록 도움이 됩니다.	54
재밌고 한주에 토론 잘 참여하고 과제만 꼬박꼬박 내면 에이쁠 받아가는 수업	54
여러 사람 앞에사 말하는 사람에겐 좀 힘들 수 있지만 여러 사람의의견을 정말 가감없이 듣고 여러 사회 이슈에 대해서 사고해볼 수 있다는 점에서는 좋은 수업임.	54
전체적인 방향 설정에서 조금 아쉬운 강의. >학생들의 개인기에 의존함  -방향 설정에서 개인의 지식에 의존하는 경향이 있음. [ 구성원에 따라 저퀄리티의 토론이 될 수도..?]   -아무래도 완전한 자유 토론이라는 점은 반대로 중구난방 토론이 될 수도 있다는 가능성을 내포함.  -다만, 동의되지 않는 의견이라도, 많은 사람들의 의견을 가감없이 들을 수 있는 좋은 기회임. [그러나 이 또한 구성원에 따라 아주 달라질 수 있음]  총평: 구체적인 수업 진행 방식의 개발 요함.           자유로운 토론에 자신 있는 학생이라면 추천	54
완벽한 오픈형 토론식 수업. 자기가 알고있는 것에 매몰되어 남의 얘기는 듣지 않으려는 이 시대에 매우 소중한 가치를 깨닫게 해주는 수업이었다.	54
숨겨진 명품강의 그자체. 도대체 제목만 보면 뭘 하는 강의인지 알턱이 없을텐데, 책 한권 한학기동안 읽으면서 토론해보는 수업임. 일단 교수님이 교내 최고수준으로 오픈마인드 (학생 의사를 최고로 존중해줌) 과제량이 교내 최고수준으로 적음. Ppt발표 하나하면 사실상 끝임. 유일한 단점은 사회나 정책학 쪽아니면 꽤 어려울수도있음. 다루는 주제가 난이도가 좀 높음.	54
들어봤는데 나쁘지 않네요. 수업 내용은 들을 필요 하나도 없고 수업시간엔 맨날 놀다가 시험 직전에 쫌 하니까 성적도 잘 나오네요 중국인 많다고 쫄았는데 공부량 자체는 적진 않아서 공부한만큼 성적 받아간것 같습니다	55
한자를 아는 학생이 수강하면 좋습니다. 기말 비대면으로 봤는데 줌 키고 해서 공정하게 시험 볼 수 있어 좋았습니다. 벼락치기해서 공부해도 에이쁠 가능합니다!	55
교수님 강의력은... 그냥 딴짓 해도 상관없고 중간은 교수님 재량으로 안 보기로 하고 기말만 봤어요 대신 퀴즈랑 출석부 명단 순대로 문제 푸는 거 있어요 중국인들 진짜 많은데 공부 안해서 혼자서 공부 며칠 하면 에이플 받기 쉬워요	55
왜 강의평 나쁜지 충분히 알수 있는 한학기. 교수님 특유의 말투가 진짜 힘들고 얻은 것 없었다. 성적은 좋았지만 한자 기초 없는 사람 불추천 너무 시간 낭비, 다만 교실이 좋아서 잠 자기 꿀	55
한자를 배우고 싶어 들었는데, 기대 이상으로 최고의 강의였음	55
수업 안들어도 되고 한자 잘 몰라도 하루이틀 전에만 보면 에이쁠 받을 수 있는 꿀강 이번학기만 그런 건지는 모르겠으나 시험도 기말 한 번만 침	55
재미있는 수업이에요. 숙제도 많지 않고 시험 내용도 간단합니다.	55
내가 정말 한자가 배우고 싶거나 한자를 잘한다 싶으면 하시고 그게 아니면 웬만하면 하지 마세요	55
본인이 한자 3급이나 4급 이상의 자격증이 있고 학점 날로 채우고 싶다면 강력히 추천합니다. 교수라는 사람이 대충 아무튼 저작권때문에 본인이 만든 저퀄 교재를 볼 수밖에 없다고 강매하는데 사실 어느정도 한자 알면 교재 살 필요 없습니다. 당연히 저도 교재 안 사서 치킨 한마리 값 아꼈꼈고요. 교재 안 사고 수업 안 듣고 공부 안해도 3, 4급 정도면 지필시험따위(대부분 4급 이하 한자들 훈음 및 쓰기) 만점 가까이 맞고도 떡을 칩니다. 중국인이 많긴 한데 퀴즈 점수 보면 오히려 중국 따거들이 다 깔아줍니다. 수업중에 적당히 나와서 여유롭게 밥 먹어도 시간 많이 남으니 점심시간의 여유와 학점날먹을 원하는 분들에게는 정말 이만한 강좌가 또 없습니다. 근데 수업시간 할애해서 퀴즈치니까 빨리 시험진행 해야한단 분이 왜 다같이 퀴즈보게 안하고 한 반을 넷으로 나눠서 각각 시험치게 하는지는 아직도모르겠네요. 혹여 아시는 분은 강의평에 써서 알려주시면 감사하겠습니다.	55
자체제작 교재 강매, 수업에 중국인 유학생이 많고 교수도 중국인이라 수업 도중 갑자기 중국어로 중국인 학생들과 소통 및 교류하심. 강의력도 진짜 안 좋으신 편임.  시험은 기말고사 한 번. 중간고사는 쪽지시험? 퀴즈로 대체하고 중간 대체 쪽지외 출석부 순서로 나눠서 한 번씩 더 봄.	55
강의력 교재 다 떠나서 하나 짚어야할 것. 아무리 강의에 중국 학생이 많아도, 강의 중 나오는 용어를 중국어로 재차 설명해주는 건 주객이 전도된 일이라고 생각함. 게다가 한국 학생이야 한국어만 알아들으면 그만이라 쳐도, 혹여 중국 외 국가에서 온 유학생이 있다면 형평성이 어긋나는 일이기도 함. 똑같이 한국말 듣느라 힘든 유학생인데 중국인은 친절히 중국어로 얘기해주고 다른 나라 유학생은 나몰라라 하는 건 불공정한 일 같음. 한국어 공부는 유학생 본인의 몫일뿐.	55
진짜 학점 때문에 수강….. 그냥 교제 비용이 아깝다….	55
책 강제구매는 기분이 안좋아요.. 그리고 수업 방식이나 내용도 재미없고 심심해요.. 시험이 2번 있고 성적 반응 퀴즈는 1번이 있어요. 책 내용 그리고 시험 범위만 주목하고 준비하면 되요. a+ 받았지만 좀 귀찮고 수업 의미가 거의 없어서 추천하고 싶지 않아요…	55
어느정도 중국어 기반이 있으신분들이 들으면 매우쉽게 에이쁠받는수업. 수업아예안들어도, 넉넉히 하루 투자하면 시험공부 끝납니다. 과제도 없어 매우편한교양. 다만 수업에 중국분들도 많이 계셔서 바탕 없으신분들은 조금 힘드실수있어요.	55
개인적으로 꾸준히 공부하시면 됩니당 과제도 매주 내주셨어요 꽤 오래전에 들어서 기억이 잘 안나기는 하네요ㅠ	55
강의의 절반이 에, 에.. 하는 소리로 이루어져 있어요 교재비를 직접 입금하라는 것도 살짝 의문인데 18000원 주고 살 퀄리티도 아니에요ㅠ 수업은 퀴즈 전에 이론 가르치는 3주차까지만 들으면 되고 그 뒤로는 전혀 안 들어도 돼요 설명이 막 영양가 있는 것도 아니고 어차피 그냥 교재 읽으심.. 특정 학생들이 떠들어서 시끄러운 것도 맞고 중간에 튀는 사람도 많아요 그정도로 수업 듣는 게 의미가 없어요 몇 시간 투자해서 교재 2-3번만 돌려읽고 한자 달달 외우면 성적 잘 나와요 수업료가 아깝지 않고 적은 시간 독학해서 좋은 학점 받고 싶은 분들께 추천합니다	55
책 강제구매는 정말 어이가 없고요. 중고책을 사도 안됩니다! 수업 방식도 재미없어요. 세 번의 시험으로 시간이 많이 걸렸어요.	55
흠...그냥 책 팔려고 만든 수업 같은? 얻어가는건 정말 없네요. 시험 다 객관식인데 정답 다수로 해놓고 시험 문제중 말장난 많습니다. 강의 하실때 계속 ’에에‘ 하시는데 정말 거슬립니다. 그냥 한자 잘 아는 사람만 들으시는게 좋아요	55
한자를 예전에 했었던 사람이라면 할만 합니다. 중국인 학생의 비율이 높지만 번체자만 시험 정답으로 처리해서 괜찮습니다. 수업은 괜찮은데 중국인 학생들이 정말 매 시간마다 떠듭니다. 미칠 것 같아요. 중국인 혐오만 얻어갑니다.	55
그냥 개쓰레기 수업. 교수님도 정말 못가르치시고 교재도 자체제작 교재이며 18000원이나 걷는데 오류도 많이 보임. 또한 중국인 유학생의 비율이 엄청난 수업이어서 수업시간에 떠드는 것은 기본이고, 도시락을 까먹는 등 엄청난 광경을 종종 목격했었음. 한자를 원래부터 많이 알고있는 한국학생이어서 성적에 대한 걱정은 없었지만 시험문제도 지나치게 지엽적이고 깐깐하다는 느낌을 받았음. 얻어가는 것은 오로지 중국인 유학생에 대한 혐오였음.	55
항공 산업에 관한 겉핥기 수준의 강의. 자신이. 항공 산업에 대해 관심이 많거나 스튜디어스에 진로희망이 있으면 추천. 그리고 교수님이 무엇보다 이쁘시니 강추	56
꿀강 친절하시고 최대한 학생들 배려헤주시는게 감덩입니다	56
진짜 꿀강이에요 ! 중간 대체 ppt 발표도 간단하고 시험도 ppt 몇번 보면 쉽게 에쁠 가져갈 수 있습니당	56
교수님 너무 예쁘시고 천사에요 시험도 기말 한번인데 요약본도 따로 주셔요 팀플은 없고 중간에 발표 대체로 해요	56
교수님이 너무 잘 가르쳐주심 재밌게 수업해주심	56
전날 열심히 공부했는데 삐쁠뜸 중학교 수행 빈칸채우기 느낌인데 성적받기 빡셈	56
수업자체에 대한 부담도 없고 학생들을 배려해주시며 시험도 진짜 쉬움. 전날 벼락치기해도 엥간 나옴.근데 이쪽 계열 관심있는거면 다른 교수님이 더 도움이 될듯. 수업자체는 편했지만 이쪽 계열에 대한 실질적인 지식이나 얻어가는건 별로 없었던 것 같은	56
우선 교수님이 너무 좋으신 분입니다. 학생들 편의 많이 봐주시고 소통도 되게 잘 해주십니다. 그리고 수업 내용도 항공쪽으로 평소에는 알기 힘든 것들을 많이 알 수 있고 항공사 쪽으로 생각중이라면 도움이 많이 되는 수업입니다. 중간은 대체과제이고 기말고사는 시험 전 주에 정리해주셔서 큰 부담은 없습니다.	56
진짜 이거 왜 안들어 ? 강의일 정도로 3학점인데다 수업 3시간 수업인데 2시간 만에 끝내주시고 기말도 한번 … 에이쁠 챙겨갑니다 !!	56
기말 시험 한 번 치는데 분량이 많아서 쫌 빡세긴합니다. 그래도 에이플 낭낭하게 가져갑니다~~	56
항공업에 관심이 많아 듣게 되었는데 관심이 없던 사람을도 관심이 생길 정도로 재밌는 수업입니다~ 유일한 단점은 금요일 수업이라는거 말곤 없고 교수님께서 학생들 편의를 많이 봐주시고 큰 부담없이 들을 수 있습니다!	56
교수님도 너무 좋으시고 학생 입장에서 배려를 많이 해주심 시험은 기말만 있음	56
교수님 너무 착해요. 😭😭 배워가는 것도 많고 정말 좋은 수업입니다  추천!	56
출석도 엄청 관대하게 해주시고 학생들 사정 다 배려해주세요 수업도 흥미롭고 발표도 부담 없습니다	56
학생들 편의 엄청 봐주시고 항상 열정 넘치시고 친절하십니다  항공쪽 관심이 있으시다면 추천드립니다	56
학생 편의 봐주시는 진짜 친절하신 교수님입니다 ㅠㅠ 중간고사는 대체과제 기말고사는 ppt시험 쳐요!	56
이 교수님은 말 할 필요도 없어요!! 너무 진철하게 잘 설명해주시고 심지어 빼빼로데이 때 학생들한테 다 빼빼로 하나씩 주시고, 발표 5분정도 있어고, 기말고사는 교수님이 집어주시는데로 ppt만 열심히 외우면 되요	56
진짜 너무너무 친절하시고 모든 부분에서 학생들을 배려해주시는 게 느껴져요 진짜.. 수업 끝나기 전에만 들어오시면 출석 인정해주셨어요 9시 수업이라 그런지.. 저는 한 번도 안늦긴 했는데.. 수업도 사실 잘 안듣고 시험 전날 마지막 수업 열심히 듣고 전날 새벽 4시에 시작해서 에이쁠 받았어요. 발표도 솔직히 당일 수업 와서 급하게 조금 수정하고 뭐 이래서 진짜 망했다고 생각했는데.. 정말 점수 잘 주시는 것 같아요.	56
진짜진짜 친철하십니다 꼭 들으세요! 빼빼로 데이에 빼빼로 주시는 교수님...중간은 대체과제이고 그것도 굉장히 부담 없습니다 교수님께서도 부담 안되는 쪽으로 항상 맞춰주시구요 기말도 범위가 많긴 하지만 충분히 벼락치기 해도 가능한 정도 입니다 그냥 이거 들을 수 있는데 안들으면 바보	56
천사가 교수라면 이런 분이실 겁니다. 학생들 배려를 정말 많이 해주세요  시험,과제 부담도 적고 빼빼로도 주시고.. 정말 모든게 아름다우신 분	56
정말 교수님 좋으시고 재밌어요 발표가 많아서 좀 힘들순있습니다..ㅎ	57
교수님 진짜 천사이심. 교양이니까 부담 덜어주신다고 과제도 아예 없고 중간고사도 레포트. 기말고사는 시험 전에 문제 다 알려주셔서 외우기만 하면 A+ 외울 양도 별로 없었음.	57
이제 더 이상 안하셔서 너무 맘이 아프네요. 이 교수님 수업 들으려면 대학원을 가야하다니,,, 수업 발표만 잘하면 진짜 성적 엄청 잘 받는 꿀강의였습니다.	57
goat 정말 꿀교양 중 꿀교양이었지만 교수님 왈 이제 대학원에 전념하신다고 ....	57
시험 문제도 미리 다 알려주시기 때문에 그거에 맞춰서 피피티 내용 암기해가면 시험은 안어려윰!! 대신 시험을 아무리 잘봐도 평소에 수업 참여도가 낮으면 성적이 안나오는 수업 ㅠㅠ 수업은 재미이ㅛ어요!!	57
이거 못잡는다고? 대학 첫 교양의 이미지를 너무 잘 만들어주서셔 감사할 뿐이다 에이쁠 주신 것도 굉장히 감사하다 ㅎㅎ	57
수업 참여하는거 좋아하시는분에게 완전 추천! 달달하게 에이쁠 받고 갑니다 ㅎㅎ	57
A받지 못해서 별 하나는 뺐습니다. 수업시간에 적극적으로 참여해야 하는 수업이고, 성적을 잘 받기 위해서는 그럴 수 밖에 없어요. 하지만 수많은 전공과목에 지친 공대생에겐 상당히 힐링되는 수업이었고, 교수님도 재밌게 수업해주십니다.	57
잡을 수 있을때 잡으세요! 무조건 첫순위로 잡으세요. 교수님 철학이 “교양은 쉬워야한다”라서 이거 한마디로 다른 이유 적을 필요가 없겠죠? 기말은 어렵게 내신다고 했는데 중간고사는 오픈북에 시험문제도 이미 알려주셔요. 업계분들이 직접 오셔서 강의도 해주십니다. 무엇보다 교수님이 너무 좋아요. 그냥 잡을 수 있으면 잡으세요 출석은 시작때 한번 직접 호명하시고 참여도 중요하니 열심히 참여만 하시면 점수 잘나올거에여	57
교수님께서 직접 승무원을 하시기도 하셨고, 현재까지 설명회, 면접 등 현장에서 여전히 일하고 계시기 때문에 승무원을 정말 직업으로 고민하고 계시는 분들께 추천하는 수업이에요! 중간고사 대신에 교수님께서 주시는 주제와 관련하여 보고서를 주어진 시간 안에 쓰고 나왔는데 전자기기를 활용할 수 있어서 부담 없었고 기말고사도 교수님께서 미리 어느 부분에서 내셨다고 시험 전에 집어주시는 시간을 직접 마련해주십니다. 기내음료 관련 수업때 교수님께서 직접 와인을 가져오셔서 학생들 전체와 시음을 했던 것과 퍼스널 컬러 진단도 직접 해주신 게 기억에 많이 남습니다. 꿀강의가 맞는 거 같아요!	57
대학 다니면서 들은 강의중 제일 재미있었음…시험도 부담없음ㅎㅎㅎ	57
부담없이 듣기 좋은 강의입니다 ~ 영역 채우기 용으로 아주 꿀강이요	57
수업이 재밌습니다 교수님도 좋으셔요 시험 문제도 다 알려주셔요 학점도 잘 주십니다	57
수업이 일단 재밌습니다 내용도 알차고 좋아요 시험 문제도 미리 알려주십니다 참여 태도 많이 중요해요	57
참여점수가 많이 중요합니다. 관광학부 친구들이랑 같이 들어서 참여는 꽤 열심히 해야돼여	57
참여와 수업태도가 매우 중요한 수업이다. 별도의 과제는 없지만 수업 중간에 계속해서 퀴즈를 내셔서 코인 같은 것을 나누어 주시는데 이때 이 코인을 많이 모으는 것이 중요하다. 중간고사는 오픈북 전혀 준비가 필요 없는 문제고 기말고사는 교수님이 문제를 미리 알려주시지만 양이 생각보다 많아 미리 공부하는 것을 추천드립니다.	57
교수님께서 정말 친절하시고 성적도 잘 주십니다 시험도 공부할 거 많지 않고 정말 한학기 동안 즐겁게 들을 수 있던 교양이었습니다	57
학점이 부족해 정정기간때 아무 생각 없이 잡았는데, 왠걸 아주 꿀 고양 입니다~^^  진짜 힐링이 된 교양 입니다.  가끔 수업 시간때만 팀플이 있는데 아주 쉽습니다. 또한 이전에 배웠던 강의 자료에서 다음 수업때 복습할 겸 질문을 하고 답을 맞추는 사람에겐 수업 참여도 플러스 점수가 있어 학생들이 적극적으로 답을 하려고 합니다. 그러니 적극적으로 수업에 집중 및 잘 참여하세요~  <시험> - 중간 그리고 기말 모두 서술형 1.) 중간고사 - 이때 교수님께서 주제를 시험 당일에 한개 정해 주십니다. 이때는 핸드폰, 노트북 그리고 패드를 이용해서 인테넷에서 자료를 찾게 해줍니다. 그냥 오픈북 시험이라고 생각하시면 됩니다. 2.) 기말고사 - 문제는 6개인데 2주 또는 1주일 전부터 교수님께서 서술형 질문이 무엇인지 모두 알려 주십니다~ 그 질문을 잘 적어서 PPT 자료를 잘 정리 하시면 됩니다~	57
그냥 교양은 무조건 이거다. 정정때 잡았는데 신의 한수. 그냥 참여만 잘하고 시험전날치기하면 에쁠 ,, 교수님 사랑해요	57
교수님 진짜 좋으십니다. 교수님께서 학생들 좋아하는 것도 너무 잘 느껴집니다. 강의 지루하지 않게 항상 준비도 많이 해오시고 학생들에게 수업 뿐만아니라 많은 것들을 알려주고자 하세요. 최고의 교양이었습니다	57
고등학교 경제수준의 내용입니다. Ppt와 강의 중간에 판서하는거 위주로 공부하시면 됩니다	58
교수님이 친절하시고 많이 배워가는 겅의인것 같습니다. 피피티를 꼼꼼히 봐야하고 교수님 말씀을 다 필기하는게 돟습니다.	58
수업은 약간 졸리지만 교양으로서 경제에 대한 지식을 쌓을 수 있는 좋은 수업!!  시험 주관식은 좀 지엽적으로 나와서 다들 좀 못보니까 조금만 열심히하면 A이상 받을 수 있을듯	58
현실경제의 이슈와 연계해서 경제학에 대한 기본적인 직관을 키우기 좋은 강의네요.	58
좀 졸리지만 설명을 자세하게 해주셔서 좋습니다 기초적인 내용이라 아무것도 몰라도 들을 수 있어요	58
경제에 대해 전혀 모르는 사람도 열심히 공부하면 A+ 받을 수 있습니다. 다만 거의 쉬는시간 없이 강의하시고 좀 졸립니다.. 시험은 지엽적으로 나오는 편이니 교수님 수업 내용 필기 + ppt 다 암기하시면 문제 없을겁니다.	58
교수님 강의력이 그렇게 좋진 않으시지만 피피티에 대부분의 내용이 나와있어 암기하시면 될 거에요 레포트 과제 하나 있습니다 출석은 부르실 때도 있고 안 부르실 때도 있어요	58
그냥 수업이 재미 없었음. 중간 기말 반타작 정도에 과제를 나름 냈는데 c+나옴 쩝 공부안한 내 잘못인듯	58
경제 진짜 모르던 사람으로서 명쾌하게 다 알게 된 것은 아니지만 적당히 흐름을 알게 되었고 관심을 기지게 되었다. ppt는 생각보다 나쁘지 않고 교수님 말씀이 템포가 느려서 졸리긴 하지만 괜찮았다. 과제는 최근 경제 이슈였던 주제 3개를 교수님이 선정하면 학생들이 배웠던 지식을 바탕으로  1페이지 정도씩 정리하는 것이다. 시험은 지엽적인 문제가 있긴 있지만 서술형이 배점이 더 높다. 그냥 열심히 공부하면 성적은 잘 나오는 것 같다.	58
기초적인 경제학 내용을 다룹니다. 양이 적진 않지만 내용이 크게 어렵진 않아요! ppt에 나오는 개념이나 현상을 이해하고 설명할 수 있으면 됩니다. 과제는 지정 주제에 대한 자신의 의견을 적는 것이었는데 기간 넉넉하게 주십니다. 유익한 교양을 듣고 싶으신 분들께 추천합니다.	58
경제의 기초를 알려 주는 강의입니다. 기초적인 경제용어나 현상을 소개해 주시니 어려움 없이 수강할 수 있습니다. 과제는 A4 3장 분량 정도로 크게 부담되진 않습니다. 그렇지만 시험이 다소 지엽적인 부분에서 나오니 교수님 강의력이 그리 좋진 못하더라도 잘 들으시길 바랍니다. 그래도 교수님 좋은 분이십니다. 성적도 괜찮게 주시는데 너무 내려치기 당한 강의 같네요;; 개인적으론 그도 별점 4점대 초중반 정도는 받을만하지 않을까라고 조심스래 생각해봅니다.	58
초반에만 랜덤으로 부르고 중후반엔 전부 출석부름. 피피티 독학 가능하고 전날 빠짝하면 점수 잘나옴. 과제는 한페이지 분량씩 3개	58
강의 내용이 유익했음. 그러나 종종 쉬는 시간 없이 풀로 강의하심.	58
피피티 가독성 좀 떨어짐 출석을 가끔 확인하심 학기 끝나갈때 쯤 몇명만 부름	58
교수님 열심히 설명해주시나 보통 쉬는시간없이 풀로 강의하셔서 집중이 잘 안댐	58
과소평가된 과목이라고 생각합니다. 강의 여러 사례들을 이야기해주시며 개념들을 설명해주시기에 이해하는데 어려움이 적습니다. 다만 안타까운 점이라면 과제가 1개였으나 갑자기 3개로 늘어난것 정도가 있겠습니다.	58
ppt 보고 독학 하면 성적은 나옴 수업은 잘 모르겠다	58
평점, 강의평만큼 그리 좋지 않은 강의라고는 전혀 생각하지 않습니다. 기초 강의라 경제에 대해 관심이 있었는데 하나도 몰랐다면 얻어갈 게 많긴 합니다만 어느 정도 사전지식이 있다면 얻어갈 건 그다지 많지 않습니다. (사전 지식 있으면 꿀강이라고 봐야죠...)  교수님 말씀이 느리고 또박또박 말씀하셔서 복습하기엔 매우매우 좋습니다! 다만 피피티 가독성이 그다지 좋은 편은 아닌데, 그렇다고 엄청 좋지 않나 그런 것도 아닙니다. 이해는 다 될 수준? 효과도 다 일일이 넣어서 설명해주시려고 하고, 복습하면 이해 다 잘 됩니다. 교수님 강의력도 나쁜 편이 아니고, 은근 열정 있으셔서 현실 경제의 이해라는 과목명답게 현재 일어나는 사건들과 관련지어 설명을 많이 해주시는 편입니다.  수업 수강인원이 100명 내외라 출석을 다 부르진 않고 랜덤하게 부르십니다 (2~3주에 한 번씩 불린듯) (다만, 처음에 부르지 않고 수업 중간이나 마지막에 불러서 출튀는 어렵습니다) 강의실이 커 딴짓하는 인원들이 매우 많고 딱히 제지하지 않으십니다.	58
교수님 좋으신 분 같습니다. 교양강좌답게 경제학 입문용 강좌입니다. 그냥 그래프만 어느 정도 보실 줄 알면 강의 내용이 수월하게 들어올 겁니다.	58
딱히 추천 안하는 강의.. 그저그래여 그래도 경제에 관심있다면 들어보는것도 추천 과제1개 중간기말있음 출석은 부르실때도 있긴한데 거의 안부르심	58
